price,live_rooms,live_square,map_city,map_lat,map_lon,year,house_complex_name,flat_floor,house_floor_num,flat_building,flat_renovation,live_furniture,flat_toilet,mortgage,flat_priv_dorm
22500000,1,36,алматы,43.318251175219,76.914797067459,1984,2403.0,5.0,5.0,2.0,2.0,2.0,2.0,0.0,2.0
65000000,3,72,алматы,43.260016218538,76.916667980495,1978,418.0,3.0,8.0,2.0,1.0,2.0,2.0,0.0,2.0
36500000,2,45,алматы,43.247296,76.913198,1980,2505.0,3.0,5.0,2.0,2.0,1.0,2.0,0.0,2.0
42700000,3,70,алматы,43.224715615155,76.828635119049,1990,3281.0,4.0,5.0,2.0,1.0,2.0,2.0,0.0,2.0
41500000,2,52,алматы,43.195711596924,76.920484361645,2023,2530.0,3.0,3.0,1.0,6.0,2.0,2.0,0.0,2.0
26500000,1,31,алматы,43.253714296288,76.878617594193,1980,3107.0,2.0,5.0,2.0,2.0,2.0,2.0,0.0,2.0
27000000,2,50,алматы,43.22798,76.798195,1990,312.0,4.0,5.0,2.0,1.0,1.0,2.0,0.0,2.0
82500000,3,100,алматы,43.233894267748,76.875101566839,2019,1206.0,4.0,6.0,3.0,1.0,1.0,2.0,0.0,2.0
59500000,4,115,алматы,43.339817,76.947531,1980,1552.0,5.0,6.0,2.0,1.0,1.0,3.0,0.0,2.0
39000000,3,64,алматы,43.23181,76.902077,1972,636.0,1.0,4.0,2.0,1.0,1.0,2.0,0.0,2.0
35500000,1,36,алматы,43.216679032827,76.965694100525,1984,1601.0,5.0,5.0,1.0,2.0,2.0,2.0,0.0,2.0
34000000,3,57,алматы,43.219050298131,76.893042746033,1961,1106.0,3.0,4.0,2.0,1.0,2.0,2.0,0.0,2.0
58000000,4,90,алматы,43.264768,76.951583,1973,3191.0,5.0,8.0,2.0,2.0,1.0,1.0,0.0,2.0
36500000,3,76,алматы,43.339188844568,76.901964350857,2018,3418.0,1.0,2.0,3.0,2.0,2.0,3.0,0.0,2.0
31500000,2,52,алматы,43.303541,76.923079,1989,768.0,2.0,5.0,1.0,1.0,2.0,1.0,0.0,2.0
26500000,1,44,алматы,43.213914774889,76.789336410704,2019,1064.0,8.0,9.0,3.0,2.0,1.0,2.0,1.0,2.0
77000000,3,72,алматы,43.262713,76.951942,1978,640.0,4.0,9.0,3.0,1.0,1.0,3.0,0.0,2.0
49500000,2,69,алматы,43.214272941997,76.889320759506,2022,1935.0,7.0,13.0,3.0,1.0,2.0,2.0,0.0,2.0
39900000,3,70,алматы,43.200148,76.843318,2000,1601.0,1.0,5.0,2.0,5.0,1.0,2.0,0.0,1.0
27500000,1,39,алматы,43.211374899261,76.793861972402,2022,2075.0,1.0,12.0,3.0,1.0,1.0,2.0,0.0,2.0
54500000,2,60,алматы,43.257106,76.924445,1995,1689.0,3.0,9.0,3.0,1.0,1.0,1.0,0.0,2.0
27000000,2,46,алматы,43.222969506663,76.861289894088,1964,1601.0,1.0,4.0,2.0,1.0,2.0,2.0,0.0,2.0
41000000,1,40,алматы,43.230780783516,76.881771567431,2022,983.0,8.0,12.0,3.0,1.0,1.0,2.0,0.0,2.0
39000000,1,44,алматы,43.235784389556,76.937871094362,2008,63.0,9.0,9.0,3.0,2.0,2.0,2.0,0.0,2.0
36000000,3,68,алматы,43.265179638936,76.918001685368,2024,1522.0,11.0,13.0,3.0,6.0,2.0,2.0,0.0,2.0
46999000,2,52,алматы,43.233894267748,76.875101566839,2019,1206.0,4.0,12.0,3.0,1.0,1.0,2.0,0.0,2.0
34000000,3,65,алматы,43.248866,76.861661,1982,1441.0,4.0,5.0,2.0,4.0,2.0,2.0,0.0,2.0
13500000,1,15,алматы,43.22990250006,76.865339502923,1965,983.0,2.0,4.0,2.0,1.0,2.0,2.0,0.0,1.0
59500000,4,72,алматы,43.24228810418,76.897679347221,1980,601.0,4.0,5.0,1.0,1.0,2.0,1.0,0.0,2.0
39500000,2,63,алматы,43.237285422135,76.882590165418,2024,2555.0,2.0,20.0,3.0,1.0,2.0,2.0,0.0,2.0
35500000,2,37,алматы,43.23024460073,76.89893671722,1963,1137.0,3.0,3.0,1.0,1.0,2.0,2.0,0.0,2.0
25500000,1,33,алматы,43.264223,76.951511,1974,2673.0,3.0,5.0,2.0,1.0,2.0,2.0,0.0,2.0
65000000,3,67,алматы,43.252458,76.955248,1989,1959.0,4.0,12.0,3.0,1.0,2.0,1.0,0.0,2.0
40500000,3,58,алматы,43.265943,76.935916,1972,3426.0,4.0,5.0,2.0,1.0,2.0,1.0,0.0,2.0
24999999,1,42,алматы,43.241900104936,76.824517250061,2008,535.0,9.0,9.0,3.0,2.0,2.0,2.0,0.0,2.0
53000000,3,76,алматы,43.249851,76.872944,1991,880.0,8.0,9.0,2.0,1.0,2.0,1.0,0.0,2.0
32500000,2,74,алматы,43.216964,76.772602,2022,328.0,2.0,10.0,3.0,1.0,2.0,2.0,0.0,2.0
55000000,2,50,алматы,43.223598689278,76.896990537643,2020,1241.0,3.0,13.0,3.0,1.0,1.0,2.0,0.0,2.0
48000000,3,73,алматы,43.221255768571,76.84622423677,2014,1500.0,4.0,10.0,3.0,1.0,2.0,1.0,0.0,2.0
23000000,1,40,алматы,43.311748,76.975298,2016,1068.0,9.0,9.0,3.0,1.0,1.0,2.0,0.0,2.0
15000000,1,17,алматы,43.259897,76.922567,1976,1120.0,3.0,5.0,1.0,2.0,2.0,2.0,0.0,1.0
34500000,2,45,алматы,43.231096989712,76.832493562958,2019,957.0,6.0,10.0,3.0,2.0,2.0,2.0,0.0,2.0
38500000,2,39,алматы,43.242946950781,76.929560119049,1964,3364.0,3.0,4.0,1.0,2.0,1.0,2.0,0.0,2.0
58000000,2,62,алматы,43.231447249554,76.885311096371,2015,601.0,9.0,14.0,3.0,1.0,2.0,1.0,0.0,2.0
31500000,2,43,алматы,43.261039,76.925118,1975,633.0,5.0,5.0,2.0,2.0,2.0,2.0,0.0,2.0
28500000,1,38,алматы,43.331875844601,76.94703660582,2020,3007.0,4.0,5.0,3.0,1.0,2.0,2.0,0.0,2.0
85000000,3,105,алматы,43.206632334711,76.884845495224,2015,123.0,4.0,18.0,3.0,1.0,1.0,3.0,0.0,2.0
37000000,2,68,алматы,43.242588,76.817177,2014,1601.0,4.0,9.0,3.0,1.0,2.0,2.0,0.0,2.0
67000000,2,72,алматы,43.204349559411,76.886174463123,2016,756.0,10.0,13.0,3.0,2.0,1.0,3.0,0.0,2.0
36500000,1,40,алматы,43.236930943868,76.887052909439,2018,997.0,7.0,9.0,3.0,1.0,2.0,2.0,0.0,2.0
53000000,2,45,алматы,43.24101388979,76.909655808138,2019,984.0,13.0,14.0,3.0,2.0,1.0,2.0,0.0,2.0
30000000,2,45,алматы,43.237643,76.836014,1983,1601.0,5.0,5.0,2.0,2.0,2.0,2.0,0.0,2.0
47000000,3,74,алматы,43.253079786805,76.898020505906,2018,1323.0,12.0,13.0,3.0,6.0,2.0,2.0,0.0,2.0
26990000,2,40,алматы,43.242279029898,76.832451788835,2018,995.0,6.0,10.0,3.0,1.0,1.0,2.0,0.0,2.0
27000000,2,46,алматы,43.215945,76.868668,1967,1601.0,1.0,4.0,2.0,2.0,1.0,2.0,0.0,2.0
20000000,1,30,алматы,43.242961386067,76.81361744667,2011,11.0,2.0,10.0,3.0,1.0,3.0,2.0,0.0,2.0
26700000,1,55,алматы,43.287754537086,77.00044444047,2020,2427.0,2.0,9.0,3.0,1.0,1.0,2.0,0.0,2.0
26000000,2,48,алматы,43.173656617135,76.799913054092,2023,2069.0,2.0,3.0,3.0,1.0,2.0,2.0,0.0,2.0
26000000,2,46,алматы,43.33284,76.946651,2014,349.0,4.0,5.0,3.0,2.0,2.0,2.0,0.0,2.0
69500000,2,80,алматы,43.230028241857,76.876761868133,2019,1401.0,12.0,16.0,3.0,1.0,2.0,2.0,0.0,2.0
29000000,2,43,алматы,43.250022,76.855607,1982,2377.0,2.0,5.0,2.0,2.0,2.0,2.0,0.0,2.0
74000000,3,82,алматы,43.211374899261,76.793861972402,2022,2075.0,8.0,12.0,3.0,1.0,2.0,1.0,0.0,2.0
20500000,2,44,алматы,43.336828874829,76.912138223382,1985,20.0,5.0,5.0,2.0,2.0,2.0,1.0,0.0,2.0
35000000,3,62,алматы,43.255156,76.87837,1981,2318.0,5.0,5.0,2.0,1.0,2.0,1.0,0.0,2.0
27900000,1,34,алматы,43.24771183422,76.854029477247,2025,3433.0,7.0,10.0,3.0,1.0,1.0,2.0,0.0,2.0
57000000,2,60,алматы,43.230382134553,76.881910290982,2018,983.0,10.0,12.0,3.0,1.0,1.0,1.0,0.0,2.0
47000000,3,58,алматы,43.258827,76.92608,1979,349.0,3.0,5.0,2.0,2.0,2.0,1.0,0.0,2.0
9800000,1,32,алматы,43.231909,76.760403,2019,2224.0,2.0,2.0,3.0,6.0,2.0,2.0,0.0,2.0
25500000,1,44,алматы,43.307182,76.900981,1986,491.0,3.0,3.0,2.0,1.0,2.0,2.0,0.0,2.0
30000000,2,50,алматы,43.236103607422,76.820861550925,1991,1601.0,1.0,5.0,2.0,2.0,2.0,2.0,0.0,2.0
41000000,3,67,алматы,43.274502302328,76.815229655076,2024,2147.0,10.0,12.0,3.0,1.0,2.0,2.0,0.0,2.0
33500000,2,45,алматы,43.244354,76.902939,1982,3011.0,5.0,5.0,2.0,1.0,2.0,2.0,0.0,2.0
32000000,2,45,алматы,43.246970041536,76.852302446655,2021,2129.0,9.0,10.0,3.0,1.0,2.0,2.0,0.0,2.0
65000000,3,109,алматы,43.243105307149,76.854817110286,2024,2375.0,15.0,16.0,3.0,6.0,2.0,3.0,0.0,2.0
85000000,3,100,алматы,43.206511012143,76.891760364306,2006,67.0,11.0,15.0,3.0,1.0,2.0,3.0,0.0,2.0
75000000,3,95,алматы,43.245963,76.905769,2021,1519.0,10.0,12.0,3.0,1.0,2.0,2.0,0.0,2.0
34500000,2,46,алматы,43.252763617273,76.862965458284,2024,2523.0,10.0,13.0,3.0,1.0,1.0,2.0,0.0,2.0
47000000,2,47,алматы,43.25712801158,76.914003916069,2016,729.0,7.0,12.0,3.0,1.0,1.0,2.0,0.0,2.0
79500000,3,84,алматы,43.230754022994,76.881036758423,2019,983.0,10.0,12.0,3.0,1.0,1.0,3.0,0.0,2.0
42000000,2,52,алматы,43.214585,76.893408,1958,2513.0,4.0,5.0,2.0,2.0,1.0,1.0,0.0,2.0
50000000,4,100,алматы,43.331863,76.951448,1982,3020.0,2.0,3.0,1.0,2.0,1.0,1.0,0.0,2.0
42000000,2,70,алматы,43.220334,76.786526,2020,1124.0,10.0,10.0,3.0,1.0,1.0,3.0,0.0,2.0
25500000,2,65,алматы,43.300794119199,76.839451789856,2016,1239.0,5.0,5.0,3.0,2.0,2.0,1.0,0.0,2.0
43000000,2,52,алматы,43.217796542867,76.894289636292,1985,2100.0,5.0,5.0,2.0,1.0,1.0,1.0,0.0,2.0
38500000,2,63,алматы,43.249017,76.88508,1987,982.0,4.0,5.0,2.0,1.0,2.0,1.0,0.0,2.0
79000000,3,80,алматы,43.331863,77.055949,1979,1601.0,5.0,5.0,1.0,1.0,2.0,1.0,0.0,2.0
78000000,3,78,алматы,43.233597364995,76.921806335449,2019,1075.0,7.0,10.0,3.0,1.0,1.0,2.0,0.0,2.0
25000000,2,52,алматы,43.221705980823,76.786440765848,2020,1124.0,9.0,10.0,3.0,2.0,1.0,2.0,0.0,2.0
26000000,2,51,алматы,43.258197559615,76.820061777958,2024,3014.0,1.0,6.0,3.0,6.0,2.0,2.0,0.0,2.0
32500000,3,60,алматы,43.230437,76.854223,1967,3014.0,1.0,4.0,2.0,1.0,2.0,2.0,0.0,2.0
10000000,1,32,алматы,43.35696,76.919549,2008,1601.0,4.0,6.0,3.0,1.0,1.0,1.0,0.0,2.0
12500000,1,14,алматы,43.230444,76.866,1968,199.0,2.0,4.0,2.0,1.0,1.0,1.0,0.0,1.0
32500000,1,50,алматы,43.219191,76.841979,2009,1549.0,5.0,12.0,3.0,2.0,2.0,2.0,0.0,2.0
53500000,3,100,алматы,43.237285422135,76.882590165418,2024,2555.0,7.0,20.0,3.0,6.0,2.0,3.0,0.0,2.0
17500000,1,30,алматы,43.224492739657,76.783098338587,2019,3469.0,6.0,10.0,3.0,1.0,2.0,2.0,0.0,2.0
31500000,1,45,алматы,43.250764,76.814266,2020,1601.0,12.0,12.0,3.0,1.0,1.0,2.0,0.0,2.0
26500000,2,57,алматы,43.342505,76.829717,2020,2220.0,6.0,6.0,3.0,2.0,1.0,2.0,0.0,2.0
33000000,2,43,алматы,43.268175,76.94922,1971,2329.0,4.0,4.0,2.0,1.0,2.0,2.0,0.0,2.0
26000000,1,40,алматы,43.312978069566,76.912212459336,2018,1582.0,2.0,6.0,3.0,1.0,2.0,2.0,0.0,2.0
50000000,2,50,алматы,43.274502302328,76.815229655076,2024,2147.0,10.0,12.0,3.0,1.0,1.0,2.0,0.0,2.0
31500000,1,33,алматы,43.244092,76.941926,1964,1601.0,3.0,4.0,1.0,1.0,1.0,2.0,0.0,2.0
23500000,1,47,алматы,43.297969490553,76.832912672311,2019,3245.0,3.0,5.0,3.0,1.0,1.0,2.0,0.0,2.0
26500000,2,47,алматы,43.216964,76.772602,2019,886.0,2.0,10.0,3.0,1.0,2.0,2.0,0.0,2.0
74000000,2,60,алматы,43.22833867253,76.940057523595,2022,2031.0,8.0,21.0,3.0,1.0,2.0,2.0,0.0,2.0
43000000,2,53,алматы,43.256726,76.911347,1983,636.0,4.0,5.0,1.0,1.0,1.0,1.0,0.0,2.0
36000000,2,45,алматы,43.259483,76.934479,1968,2519.0,4.0,5.0,1.0,1.0,2.0,1.0,0.0,2.0
32900000,2,53,алматы,43.212915063021,76.872928736106,1986,3026.0,1.0,5.0,2.0,2.0,1.0,1.0,0.0,2.0
46000000,2,67,алматы,43.30658448056,77.003961871709,2023,2874.0,1.0,5.0,3.0,1.0,1.0,2.0,1.0,2.0
27500000,1,42,алматы,43.223671,76.84365,1991,3177.0,9.0,9.0,2.0,1.0,2.0,2.0,0.0,2.0
27500000,2,73,алматы,43.222177774067,76.795218382846,2013,92.0,16.0,17.0,3.0,2.0,2.0,2.0,0.0,2.0
20900000,1,30,алматы,43.250094,76.884559,1963,171.0,1.0,4.0,1.0,4.0,2.0,2.0,0.0,2.0
85000000,5,103,алматы,43.202054,76.878109,1980,2904.0,2.0,5.0,1.0,2.0,1.0,3.0,1.0,2.0
19500000,1,36,алматы,43.355056225019,76.924083865082,2009,2588.0,1.0,6.0,3.0,1.0,2.0,2.0,0.0,2.0
39900000,3,77,алматы,43.291002547082,76.930586797622,1988,1601.0,3.0,5.0,1.0,1.0,2.0,2.0,0.0,2.0
31700000,2,54,алматы,50.984644,71.941247,2017,921.0,9.0,9.0,3.0,1.0,1.0,2.0,0.0,2.0
75000000,2,71,алматы,43.236231961959,76.936727761495,2021,1667.0,10.0,10.0,3.0,1.0,1.0,2.0,0.0,2.0
21000000,1,45,алматы,43.311157,76.843048,2015,2892.0,5.0,5.0,3.0,1.0,2.0,2.0,0.0,2.0
63222222,2,65,алматы,43.219427,76.95417,1970,1586.0,2.0,5.0,1.0,1.0,2.0,1.0,0.0,2.0
15500000,1,20,алматы,43.214539,76.868515,1979,3177.0,4.0,4.0,1.0,1.0,2.0,2.0,0.0,2.0
26900000,2,43,алматы,43.227287672519,76.857635805986,1972,880.0,2.0,4.0,2.0,2.0,2.0,1.0,0.0,2.0
27000000,1,32,алматы,43.23024,76.864383,1985,1417.0,2.0,5.0,2.0,2.0,2.0,2.0,0.0,2.0
46000000,3,62,алматы,43.3232,76.838673,2018,921.0,1.0,5.0,2.0,1.0,1.0,1.0,1.0,2.0
37000000,3,71,алматы,43.288174,77.002616,2019,2070.0,4.0,6.0,2.0,1.0,2.0,2.0,0.0,2.0
57000000,2,80,алматы,43.202407565482,76.873767691723,2011,113.0,14.0,17.0,3.0,2.0,2.0,1.0,0.0,2.0
25500000,1,42,алматы,43.264873391899,76.898656685844,2005,1601.0,9.0,9.0,3.0,1.0,2.0,1.0,0.0,2.0
52000000,4,83,алматы,43.247439848955,76.88866242813,1981,3181.0,5.0,5.0,1.0,2.0,2.0,1.0,0.0,2.0
31500000,2,44,алматы,43.196889,76.882511,1974,1553.0,5.0,5.0,2.0,1.0,1.0,1.0,1.0,2.0
37500000,2,50,алматы,43.226673,76.905445,1963,3167.0,3.0,4.0,1.0,1.0,1.0,2.0,0.0,2.0
52500000,2,66,алматы,43.243284,76.952903,2020,2636.0,12.0,13.0,3.0,1.0,1.0,2.0,0.0,2.0
37700000,3,63,алматы,43.2081,76.888943,1976,2729.0,5.0,5.0,2.0,1.0,1.0,1.0,0.0,2.0
51000000,3,92,алматы,43.245208,76.814733,2010,2138.0,7.0,9.0,3.0,1.0,2.0,3.0,0.0,2.0
26000000,2,44,алматы,43.350051,76.989402,1978,2335.0,3.0,4.0,2.0,1.0,2.0,1.0,0.0,2.0
63000000,3,120,алматы,43.243485568875,76.875818990302,2011,640.0,18.0,20.0,3.0,1.0,2.0,2.0,0.0,2.0
35000000,2,57,алматы,43.222508,76.787011,2022,1124.0,3.0,10.0,3.0,1.0,1.0,2.0,0.0,2.0
18800000,2,36,алматы,43.301763,76.940506,1961,1601.0,4.0,6.0,2.0,1.0,1.0,1.0,0.0,2.0
35000000,1,40,алматы,43.251039,76.897468,1987,2463.0,5.0,9.0,2.0,2.0,2.0,2.0,0.0,2.0
35900000,1,41,алматы,43.253318,76.906496,1973,1543.0,3.0,5.0,1.0,1.0,2.0,2.0,0.0,2.0
16000000,1,33,алматы,43.343443,76.973313,2006,3366.0,5.0,5.0,1.0,2.0,2.0,2.0,0.0,2.0
12600000,1,21,алматы,43.209789,76.888584,1976,2015.0,3.0,5.0,1.0,2.0,2.0,2.0,0.0,1.0
28500000,2,41,алматы,43.261571,76.934937,1959,1601.0,1.0,4.0,1.0,1.0,1.0,2.0,0.0,2.0
55000000,3,62,алматы,43.262319,76.953703,1978,2481.0,2.0,9.0,1.0,2.0,2.0,1.0,0.0,2.0
34000000,2,80,алматы,43.221705980823,76.786440765848,2019,1124.0,9.0,10.0,3.0,1.0,1.0,2.0,0.0,2.0
52500000,2,70,алматы,43.268967369064,76.945720911026,2020,1440.0,10.0,17.0,3.0,1.0,1.0,2.0,0.0,2.0
57000000,4,98,алматы,43.265897798354,76.947666305557,1984,1611.0,1.0,5.0,2.0,2.0,2.0,3.0,0.0,2.0
33500000,2,52,алматы,43.212542,76.87413,1992,1313.0,5.0,5.0,2.0,2.0,2.0,2.0,0.0,2.0
41000000,2,44,алматы,43.243199,76.942555,1963,1601.0,3.0,5.0,1.0,1.0,2.0,2.0,0.0,2.0
44000000,3,80,алматы,43.231955,76.839392,1988,695.0,5.0,9.0,2.0,2.0,2.0,1.0,0.0,2.0
41500000,3,70,алматы,43.234042947111,76.825940393957,1990,3192.0,4.0,5.0,2.0,1.0,2.0,1.0,0.0,2.0
25500000,2,55,алматы,43.365212,76.997226,1988,1601.0,4.0,5.0,2.0,4.0,2.0,1.0,0.0,2.0
25800000,2,45,алматы,43.232789,76.845779,1963,758.0,1.0,4.0,2.0,2.0,2.0,2.0,0.0,2.0
27800000,1,50,алматы,43.228381,76.779474,2023,1601.0,6.0,6.0,1.0,1.0,3.0,1.0,0.0,2.0
38000000,3,60,алматы,43.200434925168,76.871595634254,1976,2432.0,5.0,5.0,2.0,2.0,2.0,2.0,0.0,2.0
61500000,3,92,алматы,43.218298294283,76.880121253562,2008,666.0,4.0,6.0,2.0,1.0,2.0,2.0,0.0,2.0
32000000,2,42,алматы,43.205241,76.899939,1975,591.0,2.0,5.0,2.0,4.0,2.0,2.0,0.0,2.0
26900000,1,37,алматы,43.170047772424,76.875159067479,2016,23.0,3.0,5.0,3.0,1.0,1.0,2.0,1.0,2.0
29000000,1,37,алматы,43.260574388778,76.822670691107,2019,636.0,5.0,12.0,3.0,1.0,1.0,2.0,0.0,2.0
23000000,1,35,алматы,43.356645,76.924498,2008,2735.0,4.0,6.0,3.0,1.0,1.0,2.0,0.0,2.0
33500000,3,61,алматы,43.254066,76.907098,1970,1124.0,4.0,4.0,2.0,4.0,2.0,2.0,0.0,2.0
49000000,3,77,алматы,43.224093505929,76.844728090286,1991,576.0,1.0,9.0,2.0,2.0,1.0,2.0,0.0,2.0
41000000,2,43,алматы,43.252582,76.895959,2020,32.0,12.0,13.0,3.0,1.0,2.0,2.0,0.0,2.0
25000000,2,55,алматы,43.36594,76.950235,1986,1601.0,3.0,3.0,2.0,2.0,2.0,1.0,0.0,2.0
45000000,2,50,алматы,43.214522421881,76.892049908802,2019,1189.0,4.0,12.0,3.0,1.0,2.0,2.0,0.0,2.0
43500000,3,66,алматы,43.208948,76.900379,1980,1485.0,3.0,5.0,2.0,2.0,2.0,2.0,0.0,2.0
44000000,4,98,алматы,43.295496895977,76.913802380286,1989,751.0,5.0,5.0,2.0,1.0,2.0,1.0,0.0,2.0
62000000,3,75,алматы,43.245215,76.915542,1989,1689.0,8.0,9.0,1.0,2.0,1.0,1.0,0.0,2.0
52500000,2,92,алматы,43.31586,76.909775,2009,2601.0,7.0,8.0,3.0,4.0,2.0,1.0,0.0,2.0
37000000,2,71,алматы,43.222646,76.784245,2021,2148.0,7.0,10.0,3.0,1.0,1.0,2.0,0.0,2.0
42000000,3,53,алматы,43.206632334711,76.884845495224,2015,123.0,16.0,17.0,3.0,2.0,1.0,2.0,0.0,2.0
48500000,2,76,алматы,43.22949215372,76.831485201095,2014,527.0,5.0,13.0,3.0,1.0,1.0,3.0,0.0,2.0
39000000,2,56,алматы,43.265976,76.899516,2006,71.0,3.0,9.0,3.0,1.0,2.0,1.0,0.0,2.0
73000000,3,73,алматы,43.244361,76.939671,1966,1769.0,3.0,4.0,1.0,1.0,2.0,2.0,0.0,2.0
18500000,2,40,алматы,43.323556463851,76.839652060188,2018,2370.0,5.0,5.0,3.0,2.0,2.0,2.0,0.0,2.0
44500000,3,73,алматы,43.223895,76.837991,1989,2537.0,5.0,9.0,2.0,2.0,2.0,2.0,0.0,2.0
30500000,2,52,алматы,43.297664771908,76.895389647147,2021,1537.0,2.0,8.0,3.0,1.0,1.0,2.0,0.0,2.0
55000000,4,74,алматы,43.19842,76.884937,1978,2942.0,5.0,5.0,2.0,1.0,2.0,2.0,0.0,2.0
72000000,3,80,алматы,43.207738,76.883526,2010,2696.0,1.0,9.0,2.0,1.0,2.0,1.0,0.0,2.0
36900000,2,56,алматы,43.26962689073,76.95288796092,1978,1281.0,4.0,5.0,1.0,2.0,2.0,2.0,0.0,2.0
16500000,1,22,алматы,43.247434,76.885296,1951,198.0,2.0,2.0,2.0,1.0,2.0,2.0,0.0,2.0
70000000,2,50,алматы,43.207913629817,76.896808426471,2023,1481.0,14.0,17.0,3.0,1.0,2.0,2.0,0.0,2.0
29000000,1,35,алматы,43.24377286247,76.913049652778,1986,1522.0,5.0,5.0,2.0,1.0,2.0,2.0,0.0,2.0
37000000,3,56,алматы,43.201609743329,76.884826609787,1973,1601.0,4.0,5.0,2.0,1.0,2.0,2.0,0.0,2.0
31000000,2,43,алматы,43.239941,76.859658,1978,23.0,5.0,5.0,2.0,2.0,2.0,2.0,0.0,2.0
26000000,1,29,алматы,43.261494803805,76.899913108869,2025,1992.0,8.0,12.0,3.0,1.0,2.0,2.0,0.0,2.0
26000000,1,46,алматы,43.243369,76.81361,2010,123.0,8.0,9.0,3.0,1.0,1.0,2.0,0.0,2.0
57000000,4,83,алматы,43.226792,76.837838,1986,1601.0,3.0,5.0,2.0,1.0,2.0,1.0,0.0,2.0
11500000,1,14,алматы,43.266694333841,76.935605407409,1980,1601.0,3.0,5.0,1.0,1.0,2.0,2.0,0.0,2.0
48000000,3,75,алматы,43.200358101576,76.840367294303,1995,1050.0,4.0,5.0,2.0,2.0,2.0,1.0,0.0,2.0
72000000,2,105,алматы,43.216421692117,76.883046710645,2012,109.0,7.0,9.0,3.0,1.0,2.0,2.0,0.0,2.0
55000000,3,118,алматы,43.286586337212,77.004190685535,2010,73.0,5.0,5.0,3.0,2.0,1.0,3.0,0.0,2.0
59000000,3,84,алматы,43.307575,76.839392,2017,3141.0,2.0,5.0,2.0,1.0,2.0,2.0,0.0,2.0
25000000,1,44,алматы,43.343443,76.973313,2018,1601.0,4.0,5.0,3.0,2.0,2.0,2.0,1.0,2.0
36499999,1,36,алматы,43.236930943868,76.887052909439,2023,997.0,4.0,9.0,3.0,1.0,2.0,2.0,0.0,2.0
65000000,2,55,алматы,43.20664067081,76.894626180536,2022,1906.0,5.0,6.0,3.0,1.0,2.0,2.0,0.0,2.0
80000000,3,84,алматы,43.235712,76.957377,1986,2278.0,5.0,9.0,1.0,4.0,2.0,1.0,0.0,2.0
42500000,3,70,алматы,43.321728068121,77.018997182552,2023,1866.0,2.0,10.0,3.0,1.0,2.0,2.0,0.0,2.0
42500000,3,67,алматы,43.211326,76.870707,1986,2125.0,3.0,5.0,2.0,1.0,2.0,1.0,0.0,2.0
38800000,2,65,алматы,43.245248,76.816162,2010,880.0,8.0,9.0,3.0,1.0,2.0,2.0,0.0,2.0
59999999,4,100,алматы,43.22241,76.845501,1992,1601.0,8.0,9.0,2.0,1.0,2.0,1.0,0.0,2.0
52000000,3,74,алматы,43.239646,76.824929,2007,2455.0,9.0,9.0,3.0,1.0,1.0,1.0,0.0,2.0
65000000,2,70,алматы,43.204534999595,76.926740383305,2006,391.0,2.0,3.0,3.0,1.0,1.0,2.0,0.0,2.0
71500000,3,95,алматы,43.213438898152,76.853080271476,2005,1137.0,8.0,9.0,3.0,1.0,1.0,1.0,1.0,2.0
43500000,2,64,алматы,43.205807,76.901394,1989,1605.0,3.0,9.0,2.0,1.0,2.0,2.0,0.0,2.0
33500000,2,64,алматы,43.359412,76.993902,2007,1428.0,4.0,6.0,3.0,1.0,1.0,1.0,0.0,2.0
39700000,3,56,алматы,43.20235,76.882332,1973,777.0,3.0,5.0,2.0,1.0,2.0,1.0,0.0,2.0
17500000,1,28,алматы,43.313309,76.896875,2014,818.0,3.0,6.0,3.0,2.0,1.0,2.0,1.0,2.0
77500000,2,68,алматы,43.240405217908,76.909024952709,2019,984.0,10.0,14.0,3.0,1.0,2.0,2.0,0.0,2.0
44000000,4,83,алматы,43.235786460468,76.826741794967,1989,779.0,4.0,5.0,2.0,2.0,2.0,1.0,0.0,2.0
44000000,3,65,алматы,43.265179638936,76.918001685368,2020,1522.0,6.0,13.0,3.0,1.0,2.0,2.0,0.0,2.0
60000000,2,66,алматы,43.197336,76.910521,1992,772.0,1.0,5.0,1.0,1.0,2.0,1.0,1.0,2.0
35000000,3,58,алматы,43.247531434825,76.86078974444,1980,1601.0,1.0,5.0,2.0,1.0,1.0,2.0,0.0,2.0
43500000,3,57,алматы,43.227921,76.926951,1970,1601.0,3.0,4.0,1.0,2.0,2.0,2.0,0.0,2.0
48000000,2,70,алматы,43.212810816248,76.843896958251,2014,512.0,16.0,17.0,3.0,2.0,2.0,1.0,0.0,2.0
19950000,1,32,алматы,43.217147,76.773932,2021,2503.0,7.0,10.0,3.0,1.0,2.0,2.0,0.0,2.0
27500000,1,42,алматы,43.201443,76.870555,1982,512.0,2.0,5.0,2.0,1.0,1.0,2.0,0.0,2.0
19800000,1,32,алматы,43.212738745058,76.785844110042,2024,1067.0,4.0,4.0,3.0,1.0,1.0,2.0,0.0,2.0
22000000,1,45,алматы,43.221705980823,76.786440765848,2019,1124.0,10.0,10.0,3.0,1.0,2.0,2.0,0.0,2.0
27400000,2,61,алматы,43.231139907354,76.784598139795,2024,1509.0,6.0,9.0,3.0,1.0,2.0,2.0,0.0,2.0
56000000,3,67,алматы,43.261591,76.94904,1977,2166.0,2.0,9.0,2.0,1.0,1.0,2.0,0.0,2.0
40000000,3,56,алматы,43.231629923313,76.90388516204,1976,975.0,4.0,5.0,2.0,1.0,2.0,2.0,0.0,2.0
51000000,1,46,алматы,43.203886483056,76.898133989829,2018,871.0,4.0,12.0,3.0,1.0,1.0,2.0,0.0,2.0
32500000,2,68,алматы,43.254051232094,76.824958005688,2013,1527.0,9.0,10.0,2.0,2.0,2.0,1.0,0.0,2.0
35000000,3,70,алматы,43.354122,76.947684,1986,1122.0,5.0,5.0,1.0,1.0,2.0,1.0,0.0,2.0
58000000,2,64,алматы,43.231074642998,76.885882615934,2014,601.0,9.0,17.0,3.0,1.0,2.0,1.0,0.0,2.0
49000000,3,68,алматы,43.19942246294,76.881560732336,1975,3426.0,1.0,5.0,2.0,1.0,2.0,1.0,0.0,2.0
25000000,2,47,алматы,43.205750975713,76.785134564418,2025,3461.0,5.0,9.0,3.0,6.0,3.0,2.0,0.0,2.0
28500000,1,31,алматы,43.266345136653,76.934380039471,1972,190.0,2.0,5.0,2.0,1.0,2.0,2.0,0.0,2.0
30000000,2,63,алматы,43.213914774889,76.789336410704,2019,1064.0,7.0,9.0,3.0,2.0,2.0,1.0,0.0,2.0
53000000,2,62,алматы,43.233833,76.899004,1969,1288.0,4.0,5.0,1.0,1.0,2.0,1.0,0.0,2.0
22500000,1,44,алматы,43.281165,76.823195,2014,248.0,3.0,9.0,3.0,2.0,2.0,2.0,0.0,2.0
37000000,3,78,алматы,43.227813889451,76.780629286805,2022,3471.0,2.0,6.0,3.0,2.0,2.0,1.0,0.0,2.0
52000000,2,63,алматы,43.258322440143,76.866277456229,2024,2981.0,10.0,12.0,3.0,1.0,2.0,2.0,0.0,2.0
52000000,1,46,алматы,43.215038970108,76.892425928844,2019,1189.0,4.0,12.0,3.0,2.0,1.0,2.0,0.0,2.0
29000000,2,64,алматы,43.281611,76.820465,2013,1601.0,5.0,9.0,3.0,1.0,1.0,1.0,0.0,2.0
65000000,3,88,алматы,43.262554353583,76.918500452423,2019,1542.0,10.0,13.0,3.0,1.0,1.0,3.0,0.0,2.0
19000000,1,32,алматы,43.328932,76.9206,1990,957.0,3.0,5.0,1.0,1.0,2.0,2.0,0.0,2.0
40500000,2,51,алматы,43.254520210315,76.863757305955,2024,2388.0,12.0,13.0,3.0,1.0,1.0,2.0,0.0,2.0
24000000,2,36,алматы,43.301979,76.940515,1963,3006.0,1.0,2.0,2.0,2.0,2.0,2.0,1.0,2.0
27900000,1,40,алматы,43.211374899261,76.793861972402,2023,2075.0,7.0,12.0,3.0,1.0,2.0,2.0,0.0,2.0
40000000,2,47,алматы,43.230894436669,76.831592340709,2020,957.0,2.0,4.0,3.0,1.0,1.0,2.0,0.0,2.0
72000000,2,65,алматы,43.248925,76.951349,1974,2760.0,5.0,5.0,1.0,2.0,1.0,1.0,0.0,2.0
26500000,2,44,алматы,43.218894017194,76.864203520168,1969,1404.0,4.0,4.0,3.0,2.0,2.0,2.0,0.0,2.0
20500000,1,31,алматы,43.210145429049,76.787599508126,2024,3225.0,7.0,9.0,3.0,1.0,2.0,2.0,0.0,2.0
65000000,3,94,алматы,43.231601074174,76.830684711292,2020,1549.0,4.0,6.0,3.0,2.0,1.0,2.0,0.0,2.0
34500000,2,40,алматы,43.226936,76.913503,1962,320.0,1.0,4.0,1.0,1.0,1.0,2.0,0.0,2.0
31000000,2,65,алматы,43.357006,76.924723,2008,636.0,4.0,6.0,3.0,1.0,1.0,1.0,1.0,2.0
34800000,1,38,алматы,43.24320617919,76.855535171577,2023,2375.0,12.0,16.0,3.0,1.0,1.0,2.0,0.0,2.0
47000000,3,76,алматы,43.266396,76.8925,2016,751.0,2.0,9.0,3.0,1.0,1.0,1.0,0.0,2.0
80000000,3,132,алматы,43.24224,76.895276,2006,2730.0,1.0,10.0,3.0,2.0,1.0,2.0,0.0,2.0
30000000,2,57,алматы,43.221705980823,76.786440765848,2021,1124.0,9.0,10.0,3.0,1.0,2.0,2.0,0.0,2.0
43000000,2,61,алматы,43.273317720405,76.810425023058,2025,3220.0,5.0,6.0,3.0,1.0,2.0,2.0,0.0,2.0
56000000,2,52,алматы,43.229999741801,76.94923770319,2023,1190.0,19.0,19.0,3.0,1.0,1.0,2.0,0.0,2.0
12000000,1,18,алматы,43.242245093633,76.83997677369,1972,3347.0,4.0,4.0,1.0,1.0,2.0,2.0,0.0,1.0
28500000,2,42,алматы,43.205379,76.837092,1985,670.0,1.0,5.0,2.0,2.0,2.0,2.0,0.0,2.0
58000000,3,92,алматы,43.30316,76.92272,2004,1428.0,5.0,9.0,3.0,1.0,3.0,3.0,1.0,2.0
20000000,2,52,алматы,43.277004,76.919594,1990,1792.0,1.0,1.0,1.0,1.0,1.0,2.0,0.0,1.0
38000000,1,40,алматы,43.237311386786,76.88830281884,2017,997.0,3.0,9.0,3.0,1.0,2.0,2.0,0.0,2.0
30550000,2,47,алматы,43.237285422135,76.882590165418,2024,2555.0,19.0,20.0,3.0,4.0,2.0,2.0,0.0,2.0
30000000,2,32,алматы,43.170047772424,76.875159067479,2011,23.0,4.0,6.0,3.0,1.0,2.0,2.0,0.0,2.0
37520000,2,53,алматы,43.219904377484,76.887995499777,2023,1959.0,12.0,16.0,3.0,6.0,2.0,2.0,0.0,2.0
38000000,1,40,алматы,43.217588011385,76.878253893997,2025,3426.0,5.0,9.0,3.0,6.0,3.0,2.0,0.0,2.0
48000000,4,78,алматы,43.262319,76.953703,1980,2663.0,5.0,5.0,1.0,4.0,2.0,1.0,0.0,2.0
57500000,3,81,алматы,43.25712801158,76.914003916069,2016,729.0,2.0,13.0,3.0,1.0,2.0,2.0,0.0,2.0
50000000,2,50,алматы,43.166862574852,76.877039725619,2024,2286.0,3.0,4.0,3.0,1.0,1.0,2.0,0.0,2.0
31500000,2,42,алматы,43.244354,76.902939,1975,1818.0,4.0,6.0,2.0,2.0,1.0,2.0,0.0,2.0
28000000,2,44,алматы,43.292958,76.933931,1983,984.0,2.0,3.0,1.0,1.0,2.0,2.0,0.0,2.0
64500000,2,75,алматы,43.202760176594,76.89849162937,2016,875.0,4.0,10.0,3.0,1.0,1.0,2.0,0.0,2.0
44500000,3,70,алматы,43.274502302328,76.815229655076,2024,2147.0,8.0,12.0,3.0,6.0,2.0,3.0,0.0,2.0
26500000,1,40,алматы,43.296059129273,76.976339481505,2020,1428.0,2.0,9.0,3.0,2.0,1.0,2.0,0.0,2.0
36500000,3,66,алматы,43.237997,76.835835,1984,120.0,4.0,5.0,2.0,4.0,1.0,1.0,0.0,2.0
45000000,2,50,алматы,43.261393015994,76.892009727725,2023,1997.0,6.0,12.0,3.0,1.0,2.0,2.0,0.0,2.0
26500000,2,50,алматы,43.221705980823,76.786440765848,2019,1124.0,2.0,6.0,3.0,1.0,2.0,1.0,0.0,2.0
43000000,2,65,алматы,43.246970041536,76.852302446655,2022,2129.0,8.0,10.0,3.0,1.0,1.0,2.0,0.0,2.0
49700000,3,75,алматы,43.209362,76.882394,1986,2078.0,1.0,5.0,1.0,1.0,1.0,3.0,0.0,2.0
31000000,1,41,алматы,43.260474383548,76.865916698591,2024,2981.0,4.0,12.0,2.0,1.0,1.0,2.0,0.0,2.0
27000000,2,47,алматы,43.182415,76.844495,2022,63.0,1.0,3.0,3.0,5.0,2.0,2.0,0.0,2.0
35000000,2,69,алматы,43.254530164818,76.818250769793,2018,1083.0,3.0,12.0,3.0,1.0,2.0,1.0,0.0,2.0
56000000,2,61,алматы,43.25063559077,76.889997645506,1985,1245.0,3.0,9.0,2.0,1.0,2.0,2.0,0.0,2.0
74000000,2,67,алматы,43.260884293516,76.947101643367,2020,1912.0,5.0,12.0,3.0,1.0,1.0,2.0,0.0,2.0
47000000,2,50,алматы,43.236930943868,76.887052909439,2023,997.0,7.0,9.0,3.0,1.0,2.0,3.0,0.0,2.0
43000000,3,92,алматы,43.18344,76.79383,2019,545.0,5.0,10.0,3.0,1.0,1.0,1.0,0.0,2.0
50000000,3,130,алматы,43.23902349686,76.803674126002,2011,444.0,2.0,3.0,1.0,1.0,2.0,2.0,0.0,2.0
84000000,3,62,алматы,43.240326780545,76.909904717266,2020,984.0,8.0,16.0,3.0,1.0,2.0,2.0,0.0,2.0
36000000,1,40,алматы,43.209506,76.902867,1987,328.0,5.0,9.0,2.0,1.0,2.0,2.0,0.0,2.0
70000000,3,91,алматы,43.208283012552,76.9888812303,2023,2939.0,2.0,3.0,3.0,5.0,2.0,2.0,0.0,2.0
37000000,1,40,алматы,43.212070599536,76.878044385594,2015,695.0,7.0,14.0,3.0,1.0,1.0,2.0,0.0,2.0
42500000,3,69,алматы,43.324807,76.914177,1985,3210.0,1.0,5.0,2.0,2.0,2.0,1.0,0.0,2.0
75000000,3,65,алматы,43.241620988144,76.909572123348,2020,984.0,2.0,15.0,3.0,1.0,2.0,2.0,0.0,2.0
30500000,3,57,алматы,43.20923,76.86962,1965,2177.0,2.0,4.0,2.0,1.0,2.0,2.0,0.0,2.0
34500000,3,60,алматы,43.261367,76.915102,1975,561.0,4.0,4.0,2.0,2.0,2.0,1.0,0.0,2.0
19500000,1,32,алматы,43.286270375643,77.005213916754,2020,1124.0,1.0,6.0,3.0,1.0,2.0,2.0,0.0,2.0
60000000,2,70,алматы,43.204938026258,76.885556739875,2015,123.0,12.0,18.0,3.0,2.0,2.0,2.0,0.0,2.0
45000000,2,65,алматы,43.325422669398,77.01359869304,2022,1476.0,1.0,5.0,2.0,1.0,2.0,2.0,0.0,2.0
45000000,3,75,алматы,43.313328,76.976322,2016,2618.0,7.0,9.0,3.0,1.0,1.0,1.0,0.0,2.0
27000000,1,43,алматы,43.231049919955,76.832257528565,2017,957.0,6.0,10.0,3.0,2.0,2.0,2.0,0.0,2.0
50000000,2,40,алматы,43.221795515393,76.939998099614,2021,1487.0,2.0,3.0,3.0,1.0,1.0,2.0,0.0,2.0
71000000,3,89,алматы,43.170059816222,76.913330004079,2020,1222.0,3.0,3.0,1.0,1.0,2.0,2.0,0.0,2.0
67000000,3,70,алматы,43.266815523773,76.929888966085,2024,2491.0,8.0,12.0,3.0,1.0,2.0,2.0,0.0,2.0
25000000,2,43,алматы,43.232086,76.867698,1966,1601.0,4.0,4.0,2.0,2.0,2.0,2.0,0.0,2.0
27500000,2,55,алматы,43.267699778591,76.82039734814,2020,1117.0,12.0,12.0,3.0,1.0,1.0,2.0,0.0,2.0
26000000,2,45,алматы,43.307142,76.899418,1980,1689.0,1.0,3.0,2.0,1.0,2.0,2.0,0.0,1.0
33000000,2,43,алматы,43.268138239504,76.94920242521,1971,92.0,4.0,6.0,2.0,1.0,2.0,2.0,0.0,2.0
59500000,3,74,алматы,43.252652472647,76.913325252639,1985,2129.0,9.0,9.0,2.0,1.0,2.0,2.0,0.0,2.0
22500000,1,38,алматы,43.331902,76.94666,2024,3007.0,4.0,5.0,3.0,1.0,2.0,2.0,0.0,2.0
29500000,2,46,алматы,43.228559,76.861329,1968,1601.0,4.0,4.0,2.0,1.0,2.0,2.0,0.0,2.0
26700000,2,51,алматы,43.252669511555,76.862825983415,2024,2523.0,9.0,13.0,3.0,6.0,2.0,2.0,0.0,2.0
49900000,3,67,алматы,43.156495,76.893992,1991,742.0,1.0,5.0,1.0,2.0,2.0,1.0,0.0,2.0
46000000,1,41,алматы,43.246121738657,76.959282893055,1985,1601.0,1.0,5.0,1.0,2.0,3.0,2.0,0.0,2.0
23000000,1,38,алматы,43.340663,76.945169,1989,1601.0,2.0,4.0,2.0,2.0,2.0,2.0,0.0,2.0
40000000,1,30,алматы,43.243185,76.942546,1963,3277.0,2.0,5.0,1.0,1.0,2.0,2.0,0.0,2.0
42900000,2,61,алматы,43.226599699497,76.834420542328,1992,1601.0,1.0,9.0,2.0,1.0,2.0,1.0,0.0,2.0
38500000,3,65,алматы,43.238247,76.828325,1984,1601.0,2.0,5.0,2.0,1.0,2.0,2.0,0.0,2.0
23000000,1,33,алматы,43.255217905827,76.876411391124,1982,2792.0,5.0,5.0,2.0,1.0,2.0,2.0,0.0,2.0
27900000,2,49,алматы,43.293337812786,77.0090659185,2021,2021.0,3.0,5.0,3.0,1.0,1.0,2.0,0.0,2.0
32700000,3,60,алматы,43.231482,76.845267,1963,819.0,4.0,4.0,2.0,2.0,2.0,2.0,0.0,2.0
55000000,2,52,алматы,43.237463238691,76.8835295397,2009,41.0,7.0,16.0,3.0,1.0,2.0,2.0,0.0,2.0
41500000,3,74,алматы,43.237285422135,76.882590165418,2024,2555.0,18.0,20.0,3.0,1.0,2.0,2.0,0.0,2.0
53000000,3,100,алматы,43.236783121523,76.881604689965,2024,2555.0,4.0,20.0,3.0,5.0,2.0,3.0,0.0,2.0
50000000,3,68,алматы,43.170587359041,76.871481673787,2013,1479.0,9.0,10.0,3.0,1.0,1.0,2.0,1.0,2.0
22000000,1,33,алматы,43.236546,76.859335,1975,2091.0,4.0,4.0,2.0,2.0,2.0,2.0,0.0,2.0
36500000,3,57,алматы,43.225819,76.892123,1961,790.0,2.0,4.0,2.0,1.0,2.0,2.0,0.0,2.0
34500000,2,44,алматы,43.232353208357,76.831499625656,2019,1601.0,6.0,10.0,3.0,1.0,2.0,2.0,0.0,2.0
15100000,1,18,алматы,43.225924,76.862488,1974,719.0,1.0,4.0,2.0,1.0,2.0,2.0,0.0,1.0
25000000,2,46,алматы,43.337928,76.951008,1967,2470.0,1.0,3.0,1.0,2.0,2.0,2.0,0.0,2.0
37000000,2,66,алматы,43.274779,76.816467,2024,2147.0,9.0,12.0,3.0,4.0,2.0,2.0,0.0,2.0
20000000,2,44,алматы,43.354568,76.91927,1964,2555.0,1.0,2.0,2.0,2.0,1.0,1.0,0.0,2.0
21500000,1,39,алматы,43.358881,76.921327,2008,685.0,3.0,6.0,3.0,2.0,2.0,2.0,0.0,2.0
27000000,2,76,алматы,43.287859,77.003963,2021,1511.0,10.0,10.0,3.0,6.0,2.0,2.0,0.0,2.0
34000000,1,47,алматы,43.249017,76.88508,1987,2177.0,1.0,5.0,2.0,1.0,2.0,1.0,0.0,2.0
43500000,2,48,алматы,43.252954314791,76.896636486053,2020,1323.0,4.0,13.0,3.0,1.0,2.0,2.0,0.0,2.0
34750000,1,52,алматы,43.257560933378,76.821205681867,2024,3014.0,2.0,6.0,3.0,1.0,1.0,2.0,0.0,2.0
35000000,2,47,алматы,43.210482857595,76.78952261096,2024,1601.0,9.0,9.0,2.0,1.0,2.0,2.0,0.0,2.0
31000000,2,46,алматы,43.224263100107,76.850601332195,1967,193.0,2.0,4.0,2.0,1.0,2.0,2.0,0.0,2.0
29500000,2,43,алматы,43.225471,76.892123,1961,2233.0,3.0,4.0,2.0,2.0,2.0,2.0,0.0,2.0
50000000,2,50,алматы,43.244328,76.935539,1985,1601.0,5.0,5.0,1.0,1.0,1.0,2.0,0.0,2.0
30000000,2,70,алматы,43.267923705992,76.82304540289,2025,3028.0,6.0,12.0,3.0,5.0,2.0,2.0,0.0,2.0
62000000,2,52,алматы,43.230187678466,76.939114198105,2021,1072.0,9.0,6.0,3.0,1.0,2.0,2.0,0.0,2.0
29000000,2,63,алматы,43.244808,76.823294,2010,2233.0,5.0,9.0,3.0,1.0,2.0,2.0,0.0,2.0
14600000,1,30,алматы,43.356973,76.925064,2011,1601.0,1.0,5.0,3.0,1.0,1.0,2.0,0.0,2.0
28000000,2,45,алматы,43.207065626017,76.865482152114,1970,1601.0,4.0,4.0,1.0,1.0,2.0,2.0,0.0,2.0
33500000,2,49,алматы,43.211336049555,76.827616845806,2025,2280.0,4.0,6.0,2.0,1.0,2.0,2.0,0.0,2.0
25500000,2,42,алматы,43.221668,76.786257,2019,103.0,4.0,10.0,3.0,1.0,1.0,2.0,0.0,2.0
12900000,1,14,алматы,43.235922,76.851681,1986,2728.0,4.0,4.0,2.0,1.0,1.0,2.0,0.0,2.0
84500000,3,95,алматы,43.257062998181,76.937101650135,1977,3227.0,7.0,7.0,1.0,2.0,1.0,3.0,0.0,2.0
40000000,2,62,алматы,43.243041,76.812344,2015,1601.0,10.0,16.0,3.0,4.0,1.0,2.0,0.0,2.0
36500000,2,68,алматы,43.250974,76.81379,2011,1601.0,7.0,9.0,3.0,1.0,2.0,2.0,0.0,2.0
39500000,3,63,алматы,43.254395,76.876582,1980,349.0,2.0,5.0,2.0,2.0,1.0,1.0,0.0,2.0
35500000,2,48,алматы,43.304078154044,76.924460861446,1992,349.0,3.0,5.0,1.0,2.0,2.0,1.0,0.0,2.0
59500000,2,72,алматы,43.218052680978,76.890834815623,2022,1750.0,4.0,14.0,3.0,1.0,1.0,2.0,0.0,2.0
62000000,3,80,алматы,43.217572125428,76.855587694443,2019,813.0,1.0,10.0,2.0,2.0,2.0,2.0,0.0,2.0
39000000,2,68,алматы,43.305332,76.923268,2006,2610.0,7.0,9.0,3.0,1.0,2.0,1.0,1.0,2.0
30000000,2,32,алматы,43.170369664549,76.87411534468,2011,23.0,4.0,6.0,3.0,1.0,2.0,2.0,0.0,2.0
11500000,1,17,алматы,43.223454,76.855894,1965,92.0,4.0,6.0,2.0,2.0,1.0,2.0,0.0,1.0
41500000,2,65,алматы,43.314457,76.989563,2024,2426.0,2.0,3.0,2.0,1.0,2.0,2.0,0.0,2.0
30300000,2,72,алматы,43.324029590432,77.017295201208,2025,1866.0,7.0,9.0,3.0,6.0,2.0,2.0,0.0,2.0
35000000,3,60,алматы,43.23510306857,76.83786059259,1982,1601.0,4.0,5.0,2.0,1.0,2.0,1.0,0.0,2.0
45000000,2,53,алматы,43.213258,76.873483,1986,2075.0,1.0,5.0,2.0,1.0,1.0,1.0,0.0,2.0
55000000,3,74,алматы,43.218981,76.836491,1992,1124.0,7.0,9.0,2.0,1.0,2.0,1.0,0.0,2.0
65000000,2,77,алматы,43.236558894582,76.894107855517,2019,876.0,21.0,21.0,3.0,1.0,2.0,2.0,0.0,2.0
65000000,3,85,алматы,43.237596511819,76.906651542564,1974,1601.0,1.0,5.0,1.0,1.0,2.0,1.0,0.0,2.0
65000000,3,66,алматы,43.2325,76.889356,1987,2374.0,8.0,9.0,2.0,1.0,1.0,1.0,0.0,2.0
35000000,3,60,алматы,43.235409,76.838161,1982,1118.0,4.0,5.0,2.0,1.0,2.0,1.0,0.0,2.0
43000000,2,54,алматы,43.210276086574,76.914246982803,1984,1302.0,3.0,5.0,1.0,2.0,2.0,1.0,0.0,2.0
33000000,3,62,алматы,43.329190252207,76.939827966339,2021,1689.0,9.0,10.0,3.0,2.0,2.0,2.0,0.0,2.0
47500000,4,74,алматы,43.197309,76.8751,1977,1601.0,5.0,5.0,2.0,2.0,2.0,1.0,0.0,2.0
18000000,1,23,алматы,43.254595033178,76.913889442125,1978,2006.0,2.0,5.0,2.0,2.0,2.0,2.0,0.0,1.0
25500000,1,41,алматы,43.298029639408,76.871787224828,2024,2166.0,6.0,6.0,3.0,1.0,1.0,2.0,0.0,2.0
35500000,2,48,алматы,43.304444462665,76.92456010318,1992,1568.0,3.0,5.0,1.0,2.0,1.0,1.0,0.0,2.0
24000000,1,43,алматы,43.326542678875,76.940490945516,2021,1689.0,9.0,10.0,3.0,1.0,1.0,2.0,0.0,2.0
34500000,2,55,алматы,43.238416166652,76.873922544835,2012,401.0,11.0,22.0,3.0,2.0,1.0,2.0,0.0,2.0
27500000,1,32,алматы,43.253228777246,76.885414313577,1978,1773.0,2.0,4.0,2.0,1.0,1.0,2.0,0.0,2.0
53000000,2,52,алматы,43.235606,76.912883,1988,710.0,5.0,5.0,1.0,1.0,1.0,1.0,0.0,2.0
53000000,4,87,алматы,43.255471,76.879178,1987,1117.0,1.0,5.0,2.0,1.0,1.0,1.0,0.0,2.0
41000000,3,58,алматы,43.226207,76.907413,1963,1017.0,3.0,4.0,1.0,1.0,1.0,2.0,0.0,2.0
25500000,1,47,алматы,43.225268,76.783831,2019,1601.0,4.0,10.0,3.0,2.0,1.0,2.0,0.0,2.0
66600000,2,70,алматы,43.23204,76.884955,2022,1714.0,10.0,16.0,3.0,1.0,2.0,2.0,0.0,2.0
35000000,1,43,алматы,43.233718605374,76.898907659964,1969,2797.0,3.0,5.0,1.0,1.0,1.0,2.0,0.0,2.0
49000000,3,95,алматы,43.288447548674,76.949766920982,2023,2236.0,9.0,13.0,3.0,1.0,2.0,3.0,0.0,2.0
29000000,2,43,алматы,43.198565,76.883697,1978,1397.0,5.0,5.0,2.0,2.0,2.0,2.0,0.0,2.0
33000000,2,56,алматы,43.224523094479,76.784383494659,2021,657.0,9.0,10.0,3.0,2.0,2.0,2.0,0.0,2.0
27000000,1,33,алматы,43.240677,76.91362,1963,2199.0,2.0,4.0,1.0,1.0,3.0,2.0,0.0,2.0
82000000,2,86,алматы,43.205216710192,76.893489130639,2020,1552.0,14.0,18.0,3.0,1.0,2.0,3.0,0.0,2.0
51900000,2,55,алматы,43.230150019634,76.948224188686,2023,1190.0,11.0,19.0,3.0,5.0,2.0,2.0,0.0,2.0
35000000,2,46,алматы,43.254034,76.876654,1979,1821.0,4.0,5.0,2.0,1.0,2.0,2.0,0.0,2.0
16700000,1,33,алматы,43.209059541386,76.7845168711,2024,3172.0,4.0,9.0,3.0,6.0,2.0,2.0,0.0,2.0
27000000,2,42,алматы,43.246528,76.897297,1979,3327.0,5.0,5.0,2.0,2.0,1.0,2.0,0.0,2.0
22000000,1,31,алматы,43.253003,76.791593,2024,3313.0,2.0,3.0,3.0,1.0,1.0,1.0,0.0,2.0
23500000,1,37,алматы,43.293167472922,77.013438680552,2024,3136.0,1.0,6.0,3.0,6.0,2.0,2.0,0.0,2.0
22000000,1,40,алматы,43.275726513151,76.815231079008,2025,1119.0,9.0,6.0,2.0,1.0,2.0,2.0,0.0,2.0
47000000,3,57,алматы,43.239619733575,76.943065271164,1974,2950.0,1.0,5.0,2.0,1.0,2.0,2.0,0.0,2.0
34000000,2,48,алматы,43.214332946035,76.873987913132,2017,1833.0,4.0,6.0,2.0,1.0,2.0,2.0,0.0,2.0
27000000,1,33,алматы,43.231776925122,76.902149460921,1972,2831.0,3.0,4.0,2.0,1.0,1.0,2.0,0.0,2.0
54000000,3,75,алматы,43.259591003378,76.93255944074,1977,2256.0,2.0,5.0,2.0,1.0,1.0,2.0,0.0,2.0
26900000,1,41,алматы,43.322983,76.9145,1985,1599.0,5.0,5.0,2.0,1.0,2.0,1.0,0.0,2.0
12500000,1,12,алматы,43.244637,76.903864,1977,214.0,2.0,4.0,2.0,1.0,1.0,2.0,0.0,1.0
45000000,2,60,алматы,43.26803717288,76.926289995696,2025,2505.0,9.0,12.0,3.0,1.0,2.0,2.0,0.0,2.0
33000000,2,58,алматы,43.267689,76.821031,2022,1117.0,12.0,12.0,3.0,1.0,3.0,1.0,1.0,2.0
47000000,2,66,алматы,43.200727,76.841467,2005,1829.0,3.0,9.0,3.0,1.0,1.0,1.0,0.0,2.0
21000000,1,41,алматы,43.279412,76.882457,2021,1601.0,3.0,3.0,3.0,1.0,2.0,2.0,0.0,2.0
50000000,3,70,алматы,43.227054,76.833643,1989,2014.0,5.0,9.0,2.0,1.0,2.0,1.0,0.0,2.0
47000000,2,50,алматы,43.205216710192,76.893489130639,2021,1552.0,5.0,18.0,3.0,1.0,1.0,2.0,0.0,2.0
45000000,3,75,алматы,43.212359602235,76.789601409687,2019,1601.0,4.0,8.0,1.0,2.0,1.0,1.0,1.0,2.0
38500000,2,66,алматы,43.242489,76.814554,2010,3020.0,5.0,9.0,3.0,1.0,1.0,2.0,0.0,2.0
72000000,2,102,алматы,43.208026257792,76.912064552307,2014,17.0,10.0,13.0,3.0,2.0,2.0,2.0,0.0,2.0
26500000,2,52,алматы,43.308565318862,76.936918008939,2024,3210.0,1.0,9.0,3.0,1.0,3.0,1.0,0.0,2.0
35100000,3,58,алматы,43.224466,76.863395,1964,1801.0,4.0,4.0,2.0,1.0,2.0,2.0,0.0,2.0
38000000,3,55,алматы,43.247165,76.922756,1970,3143.0,2.0,4.0,2.0,1.0,2.0,2.0,0.0,2.0
54000000,2,80,алматы,43.220189470804,76.841887331352,2005,1124.0,10.0,12.0,3.0,1.0,2.0,2.0,0.0,2.0
58000000,2,55,алматы,43.207343800535,76.897450162692,2018,1823.0,8.0,14.0,3.0,2.0,1.0,2.0,0.0,2.0
26500000,1,40,алматы,43.21409465054,76.8750645703,1989,1777.0,8.0,9.0,2.0,2.0,2.0,2.0,0.0,2.0
55500000,2,57,алматы,43.246682969216,76.935325448739,2019,1179.0,3.0,12.0,3.0,2.0,1.0,2.0,0.0,2.0
48000000,3,58,алматы,43.229123,76.898537,1961,2844.0,4.0,4.0,1.0,1.0,2.0,2.0,0.0,2.0
37000000,2,50,алматы,43.254015850276,76.864240327431,2024,2388.0,4.0,13.0,3.0,1.0,1.0,2.0,1.0,2.0
19300000,1,26,алматы,43.207633425926,76.787427811855,2022,2403.0,4.0,10.0,3.0,1.0,2.0,2.0,0.0,2.0
35000000,1,32,алматы,43.218959375619,76.94657379945,2017,950.0,1.0,6.0,3.0,1.0,2.0,2.0,0.0,2.0
50000000,3,110,алматы,43.241900104936,76.824517250061,2007,535.0,8.0,9.0,3.0,2.0,2.0,2.0,0.0,2.0
19500000,1,25,алматы,43.248472,76.925406,1971,3305.0,3.0,3.0,1.0,1.0,2.0,2.0,0.0,1.0
67000000,4,87,алматы,43.251801,76.908059,1981,1584.0,4.0,5.0,1.0,1.0,2.0,1.0,0.0,2.0
29000000,2,50,алматы,43.260087,76.815326,2017,167.0,2.0,9.0,3.0,1.0,3.0,2.0,0.0,2.0
27000500,2,52,алматы,43.365415,76.99419,1993,1516.0,1.0,5.0,2.0,2.0,2.0,1.0,0.0,2.0
79000000,3,100,алматы,43.230763724798,76.877211331767,2023,1401.0,13.0,16.0,3.0,6.0,2.0,3.0,0.0,2.0
38500000,1,42,алматы,43.231074642998,76.885882615934,2014,601.0,16.0,17.0,3.0,1.0,1.0,1.0,0.0,2.0
50500000,3,62,алматы,43.221897,76.932449,1972,1376.0,1.0,4.0,2.0,1.0,2.0,2.0,0.0,2.0
26000000,1,27,алматы,43.227565015734,76.900227728835,1976,1601.0,5.0,5.0,1.0,1.0,2.0,2.0,0.0,2.0
64000000,2,51,алматы,43.245284746473,76.948582653219,1974,2382.0,2.0,5.0,1.0,2.0,1.0,2.0,0.0,2.0
42700000,3,80,алматы,43.25708,76.960449,1939,2523.0,1.0,3.0,1.0,4.0,2.0,1.0,0.0,2.0
55500000,2,56,алматы,43.235173,76.95761,1986,2021.0,6.0,9.0,2.0,2.0,1.0,2.0,0.0,2.0
50500000,3,62,алматы,43.221897,76.932449,1972,2543.0,1.0,4.0,2.0,1.0,1.0,2.0,0.0,2.0
59000000,2,62,алматы,43.231298,76.883984,2016,1186.0,2.0,17.0,3.0,2.0,2.0,2.0,0.0,2.0
43500000,3,72,алматы,43.228834,76.841988,1987,1698.0,1.0,9.0,2.0,1.0,2.0,1.0,0.0,2.0
37777777,2,47,алматы,43.246970041536,76.852302446655,2023,2129.0,8.0,9.0,3.0,1.0,1.0,2.0,0.0,2.0
51000000,3,67,алматы,43.262227,76.959892,1981,1601.0,4.0,5.0,2.0,1.0,2.0,2.0,0.0,2.0
53000000,3,74,алматы,43.222752843877,76.838349882278,1990,1007.0,3.0,9.0,3.0,2.0,2.0,1.0,0.0,2.0
84700000,3,77,алматы,43.201272,76.899678,2023,2080.0,15.0,20.0,3.0,1.0,1.0,2.0,0.0,2.0
38500000,2,47,алматы,43.250329863485,76.905043007544,1981,1601.0,5.0,5.0,1.0,1.0,2.0,2.0,0.0,2.0
26000000,1,39,алматы,43.32072513022,76.900267677634,2023,1620.0,4.0,8.0,3.0,1.0,2.0,2.0,0.0,2.0
31999999,2,46,алматы,43.222916471206,76.897543339949,1986,1537.0,5.0,6.0,1.0,2.0,2.0,2.0,0.0,2.0
30000000,1,54,алматы,43.248314,76.824803,2013,305.0,4.0,5.0,3.0,1.0,2.0,2.0,0.0,2.0
50500000,4,68,алматы,43.213304,76.851277,1983,1601.0,2.0,5.0,2.0,2.0,1.0,1.0,0.0,2.0
29500000,1,47,алматы,43.260665,76.816701,2017,2388.0,6.0,14.0,3.0,1.0,1.0,2.0,0.0,2.0
58000000,4,90,алматы,43.377514831539,77.112963996806,1973,1401.0,4.0,6.0,2.0,1.0,2.0,2.0,0.0,2.0
23500000,1,48,алматы,43.279452,76.825989,2014,636.0,4.0,4.0,3.0,4.0,2.0,2.0,1.0,2.0
24500000,2,44,алматы,43.357734654106,76.989247539208,1988,330.0,5.0,5.0,1.0,1.0,2.0,1.0,0.0,2.0
43000000,3,62,алматы,43.19702,76.888862,1975,312.0,4.0,5.0,2.0,2.0,1.0,2.0,0.0,2.0
48500000,2,55,алматы,43.260166,76.96106,2015,1058.0,9.0,14.0,3.0,1.0,3.0,2.0,0.0,2.0
67500000,3,101,алматы,43.230028241857,76.876761868133,2020,1401.0,12.0,16.0,3.0,4.0,3.0,3.0,0.0,2.0
26500000,1,44,алматы,43.316358984939,76.897860657277,2022,2007.0,1.0,9.0,3.0,1.0,1.0,2.0,0.0,2.0
43587808,3,89,алматы,43.209545383561,76.784115374592,2025,3172.0,4.0,9.0,3.0,6.0,2.0,3.0,0.0,2.0
19500000,1,39,алматы,43.281447,76.819979,2016,250.0,6.0,9.0,3.0,2.0,1.0,2.0,0.0,2.0
78000000,2,85,алматы,43.228016603216,76.939114018764,2016,824.0,3.0,12.0,3.0,1.0,2.0,3.0,0.0,2.0
75000000,3,101,алматы,43.206632334711,76.884845495224,2015,123.0,13.0,18.0,3.0,1.0,2.0,3.0,0.0,2.0
30000000,2,48,алматы,43.241598946271,76.809647531941,2011,11.0,3.0,9.0,3.0,1.0,1.0,2.0,0.0,2.0
44900000,3,65,алматы,43.260868,76.91636,1979,1601.0,4.0,5.0,2.0,1.0,1.0,2.0,0.0,2.0
60000000,2,93,алматы,43.237463238691,76.8835295397,2009,41.0,5.0,16.0,3.0,1.0,2.0,3.0,0.0,2.0
37000000,1,40,алматы,43.203033,76.87466,1994,3049.0,5.0,9.0,2.0,1.0,2.0,2.0,0.0,2.0
38900000,1,45,алматы,43.24320617919,76.855535171577,2023,2375.0,6.0,16.0,3.0,2.0,1.0,2.0,0.0,2.0
57000000,2,75,алматы,43.208669819189,76.860762724415,2005,312.0,7.0,9.0,3.0,1.0,1.0,1.0,0.0,2.0
36500000,2,58,алматы,43.267895270748,76.819120470437,2021,1117.0,9.0,12.0,3.0,1.0,1.0,1.0,0.0,2.0
59000000,2,70,алматы,43.208405497484,76.913532733015,2005,29.0,2.0,13.0,3.0,2.0,1.0,1.0,0.0,2.0
25000000,2,43,алматы,43.232086,76.867698,1966,1601.0,4.0,4.0,2.0,2.0,2.0,2.0,0.0,2.0
81000000,3,81,алматы,43.20778144934,76.89020187385,2018,953.0,4.0,12.0,3.0,1.0,2.0,2.0,0.0,2.0
81000000,3,103,алматы,43.233894267748,76.875101566839,2020,1206.0,15.0,16.0,3.0,1.0,2.0,2.0,0.0,2.0
23000000,1,40,алматы,43.362073,76.992052,2007,1601.0,2.0,5.0,3.0,1.0,1.0,2.0,0.0,2.0
77500000,2,64,алматы,43.205547479027,76.912962648046,2023,1235.0,19.0,6.0,3.0,1.0,2.0,2.0,0.0,2.0
48600000,2,64,алматы,43.244562808638,76.928835341276,1973,249.0,4.0,5.0,1.0,4.0,2.0,1.0,0.0,2.0
35000000,2,41,алматы,43.218052680978,76.890834815623,2021,1750.0,4.0,17.0,3.0,4.0,2.0,2.0,0.0,2.0
46000000,3,63,алматы,43.237742229974,76.905471375234,1970,1814.0,3.0,5.0,2.0,1.0,2.0,1.0,0.0,2.0
21000000,1,34,алматы,43.289099,76.929825,1988,1601.0,5.0,5.0,1.0,1.0,2.0,2.0,0.0,2.0
80000000,2,85,алматы,43.200674256746,76.899601562852,2023,2080.0,19.0,20.0,3.0,1.0,2.0,2.0,0.0,2.0
49000000,2,47,алматы,43.262554353583,76.918500452423,2020,1542.0,9.0,13.0,3.0,1.0,1.0,2.0,0.0,2.0
48000000,1,48,алматы,43.230028241857,76.876761868133,2019,1401.0,2.0,16.0,2.0,2.0,2.0,2.0,0.0,2.0
52000000,3,100,алматы,43.243094,76.817806,2018,754.0,5.0,12.0,3.0,2.0,1.0,1.0,0.0,2.0
31500000,1,33,алматы,43.244092,76.941926,1964,1959.0,3.0,4.0,1.0,2.0,2.0,2.0,0.0,2.0
78999990,3,100,алматы,43.236331933536,76.879493236531,2022,1549.0,15.0,20.0,3.0,1.0,1.0,3.0,0.0,2.0
27000000,1,43,алматы,43.24123130629,76.811886957008,2010,1601.0,11.0,16.0,3.0,2.0,2.0,2.0,0.0,2.0
38000000,3,65,алматы,43.253131789611,76.878085278178,1980,1601.0,1.0,5.0,2.0,1.0,2.0,1.0,0.0,2.0
46500000,2,56,алматы,43.216421692117,76.883046710645,2012,109.0,8.0,14.0,3.0,1.0,2.0,2.0,0.0,2.0
26500000,1,40,алматы,43.224851936573,76.845492365745,1990,706.0,1.0,9.0,2.0,1.0,2.0,2.0,0.0,2.0
64500000,3,75,алматы,43.201469,76.875711,1995,2561.0,8.0,8.0,2.0,1.0,2.0,2.0,0.0,2.0
56000000,3,80,алматы,43.244012570816,76.876829915153,2011,640.0,20.0,20.0,3.0,2.0,2.0,1.0,0.0,2.0
35550000,2,47,алматы,43.245891,76.855193,2022,1601.0,10.0,10.0,3.0,1.0,1.0,2.0,0.0,2.0
47000000,3,74,алматы,43.265996553421,76.898625085524,2005,71.0,1.0,8.0,3.0,1.0,2.0,1.0,0.0,2.0
16100000,1,26,алматы,43.212661849287,76.786037206846,2024,3417.0,2.0,4.0,3.0,1.0,2.0,2.0,0.0,2.0
18500000,2,44,алматы,43.368557363723,76.985565186812,1984,3276.0,5.0,5.0,2.0,4.0,3.0,1.0,1.0,2.0
16500000,1,33,алматы,43.209059541386,76.7845168711,2025,3172.0,4.0,9.0,3.0,1.0,2.0,2.0,0.0,2.0
30000000,2,43,алматы,43.219539,76.898492,1975,1601.0,2.0,5.0,2.0,1.0,2.0,2.0,0.0,2.0
43000000,2,58,алматы,43.348891,76.920735,2021,1537.0,8.0,8.0,3.0,1.0,1.0,2.0,1.0,2.0
42000000,2,52,алматы,43.214690936469,76.893745958335,1985,1601.0,4.0,5.0,2.0,2.0,2.0,1.0,0.0,2.0
28000000,3,61,алматы,43.230039464964,76.794633119049,1994,1601.0,1.0,3.0,1.0,2.0,2.0,1.0,0.0,2.0
80000000,3,105,алматы,43.204468161007,76.891853843335,2014,72.0,10.0,25.0,3.0,2.0,3.0,3.0,0.0,2.0
53000000,2,42,алматы,43.208872469703,76.894129633883,2021,1481.0,4.0,8.0,3.0,2.0,1.0,2.0,0.0,2.0
37500000,2,59,алматы,43.231096989712,76.832493562958,2017,957.0,5.0,10.0,3.0,1.0,2.0,2.0,0.0,2.0
33800000,1,39,алматы,43.260847107653,76.902340087237,2025,1992.0,3.0,12.0,3.0,1.0,2.0,2.0,0.0,2.0
39500000,2,59,алматы,43.220747975416,76.844258488236,2004,1910.0,3.0,9.0,2.0,2.0,2.0,1.0,0.0,2.0
40000000,2,58,алматы,43.246016,76.905292,1991,1044.0,5.0,5.0,1.0,1.0,2.0,2.0,0.0,2.0
57000000,2,70,алматы,43.218298294283,76.880121253562,2008,534.0,7.0,16.0,3.0,2.0,1.0,2.0,0.0,2.0
55000000,1,38,алматы,43.24159663019,76.910491397603,2018,984.0,12.0,6.0,3.0,1.0,3.0,2.0,0.0,2.0
34200000,2,44,алматы,43.231757,76.832197,2017,709.0,6.0,9.0,3.0,1.0,2.0,2.0,0.0,2.0
37700000,3,63,алматы,43.2081,76.888943,1976,1376.0,5.0,5.0,2.0,1.0,1.0,1.0,0.0,2.0
50500000,3,66,алматы,43.201488622272,76.879170483467,1986,2442.0,5.0,5.0,1.0,2.0,2.0,1.0,0.0,2.0
57000000,2,80,алматы,43.202407565482,76.873767691723,2011,113.0,14.0,17.0,3.0,2.0,2.0,1.0,0.0,2.0
66500000,3,105,алматы,43.242723428424,76.855288408327,2024,2375.0,9.0,12.0,3.0,1.0,3.0,3.0,0.0,2.0
29500000,2,69,алматы,43.305725,76.840551,2016,1323.0,4.0,5.0,3.0,1.0,2.0,1.0,0.0,2.0
15500000,1,22,алматы,43.242991354322,76.839211449964,1972,1206.0,2.0,4.0,1.0,1.0,2.0,2.0,0.0,2.0
45000000,3,70,алматы,43.261952,76.926205,1978,1862.0,5.0,5.0,2.0,1.0,1.0,2.0,0.0,2.0
29000000,2,43,алматы,43.230411908887,76.949571906746,1959,880.0,2.0,2.0,1.0,2.0,1.0,2.0,0.0,2.0
40000000,2,69,алматы,43.28925577814,76.999462330121,2024,3090.0,2.0,6.0,3.0,6.0,2.0,2.0,0.0,2.0
30000000,1,42,алматы,43.274502302328,76.815229655076,2025,2147.0,3.0,12.0,3.0,6.0,2.0,2.0,0.0,2.0
29500000,2,60,алматы,43.224908567891,76.783334372979,2020,3469.0,7.0,10.0,3.0,2.0,2.0,1.0,0.0,2.0
63500000,3,68,алматы,43.230025690219,76.935260295868,2021,1325.0,4.0,10.0,3.0,4.0,2.0,2.0,0.0,2.0
85000000,3,101,алматы,43.236353985722,76.880083543085,2022,1549.0,3.0,20.0,3.0,1.0,1.0,3.0,0.0,2.0
35500000,3,56,алматы,43.194128,76.905176,1978,1448.0,5.0,5.0,2.0,1.0,1.0,2.0,0.0,2.0
26000000,1,33,алматы,43.222625760827,76.857431700697,1980,1601.0,4.0,5.0,2.0,2.0,1.0,2.0,0.0,2.0
35000000,1,40,алматы,43.230754022994,76.881036758423,2018,983.0,12.0,12.0,3.0,2.0,1.0,2.0,0.0,2.0
29000000,2,40,алматы,43.236092624297,76.808679115483,2020,1171.0,11.0,13.0,3.0,1.0,2.0,2.0,0.0,2.0
29000000,1,40,алматы,43.213389,76.793919,2023,2075.0,7.0,12.0,3.0,1.0,1.0,2.0,0.0,2.0
35000000,2,70,алматы,43.277942,76.818264,2013,1601.0,3.0,4.0,3.0,1.0,2.0,1.0,0.0,2.0
32500000,2,58,алматы,43.268409878083,76.820278618023,2020,2892.0,9.0,12.0,3.0,2.0,2.0,1.0,0.0,2.0
35000000,2,51,алматы,43.373417,76.990084,1984,1401.0,1.0,5.0,1.0,1.0,2.0,1.0,0.0,2.0
43000000,2,40,алматы,43.236930943868,76.887052909439,2019,997.0,6.0,9.0,3.0,1.0,2.0,2.0,0.0,2.0
32000000,1,50,алматы,43.221356320119,76.840754965602,2005,1601.0,7.0,9.0,3.0,1.0,2.0,2.0,0.0,2.0
38900000,2,65,алматы,43.208827816735,76.861433669975,2005,1165.0,5.0,9.0,3.0,2.0,2.0,2.0,0.0,2.0
21500000,1,49,алматы,43.22882648187,76.779744811471,2019,242.0,1.0,6.0,2.0,1.0,2.0,2.0,0.0,2.0
29000000,2,43,алматы,43.19566,76.880086,1976,3439.0,5.0,5.0,2.0,2.0,2.0,2.0,0.0,2.0
70000000,2,90,алматы,43.210084,76.840901,2015,912.0,5.0,13.0,3.0,1.0,1.0,2.0,0.0,2.0
35000000,2,56,алматы,43.296535653257,76.977775096784,2020,1428.0,4.0,9.0,3.0,1.0,1.0,1.0,0.0,2.0
13230000,2,26,алматы,43.238254275737,76.782109186418,2016,440.0,1.0,2.0,3.0,1.0,2.0,2.0,0.0,2.0
49000000,2,90,алматы,43.248856911735,76.866705268403,2012,52.0,8.0,12.0,3.0,1.0,3.0,1.0,0.0,2.0
35000000,1,42,алматы,43.228637,76.781612,2023,1180.0,6.0,6.0,2.0,1.0,1.0,2.0,0.0,2.0
44000000,2,72,алматы,43.237285422135,76.882590165418,2024,2555.0,10.0,20.0,3.0,6.0,2.0,2.0,0.0,2.0
75000000,2,83,алматы,43.236930943868,76.887052909439,2025,997.0,8.0,9.0,3.0,1.0,2.0,3.0,0.0,2.0
26000000,2,45,алматы,43.222659,76.787568,2022,1124.0,9.0,10.0,3.0,1.0,3.0,2.0,0.0,2.0
38500000,2,57,алматы,43.240939,76.857134,2017,1601.0,1.0,12.0,3.0,1.0,2.0,2.0,0.0,2.0
32500000,1,43,алматы,43.222458532838,76.897825980726,1984,1407.0,4.0,5.0,2.0,1.0,1.0,1.0,0.0,2.0
27500000,2,45,алматы,43.213324,76.87448,1985,1770.0,1.0,5.0,2.0,1.0,2.0,2.0,0.0,2.0
18500000,1,33,алматы,43.212021099018,76.879280215495,1973,789.0,4.0,4.0,2.0,1.0,1.0,2.0,0.0,1.0
52000000,2,50,алматы,43.253032309274,76.901793939445,2020,1434.0,13.0,17.0,3.0,1.0,2.0,2.0,0.0,2.0
30500000,2,51,алматы,43.230080288731,76.779925758054,2021,1821.0,9.0,9.0,3.0,1.0,2.0,1.0,0.0,2.0
33000000,2,52,алматы,43.188729980606,76.854191915633,2025,2016.0,4.0,5.0,3.0,5.0,2.0,2.0,0.0,2.0
29900000,3,69,алматы,43.287262,76.923187,1989,335.0,1.0,5.0,2.0,2.0,2.0,1.0,0.0,2.0
11000000,1,23,алматы,43.34438,76.931317,2016,163.0,1.0,2.0,2.0,1.0,2.0,2.0,0.0,1.0
62500000,2,66,алматы,43.230028241857,76.876761868133,2015,1401.0,10.0,16.0,3.0,1.0,2.0,1.0,0.0,2.0
20000000,2,59,алматы,43.321049,76.949804,1960,1601.0,1.0,3.0,1.0,4.0,2.0,2.0,0.0,2.0
10500000,1,16,алматы,43.268854512359,76.93876876904,1970,3149.0,3.0,4.0,2.0,1.0,2.0,2.0,0.0,1.0
42000000,2,44,алматы,43.186734016682,76.919413702534,2021,1091.0,2.0,3.0,3.0,1.0,1.0,2.0,0.0,2.0
16200000,1,32,алматы,43.355218480796,76.863851946932,1986,633.0,3.0,5.0,2.0,1.0,2.0,2.0,0.0,2.0
47500000,3,69,алматы,43.218048,76.840138,1991,1773.0,1.0,5.0,1.0,2.0,1.0,1.0,0.0,2.0
25500000,1,36,алматы,43.211997033326,76.851076909115,1995,2204.0,1.0,5.0,1.0,4.0,2.0,2.0,0.0,2.0
30000000,2,60,алматы,43.221705980823,76.786440765848,2020,1124.0,7.0,10.0,3.0,1.0,1.0,2.0,0.0,1.0
63000000,3,63,алматы,43.224414,76.957476,1975,2078.0,4.0,4.0,1.0,1.0,1.0,1.0,0.0,2.0
29000000,1,47,алматы,43.256883,76.866027,2025,3177.0,12.0,13.0,3.0,6.0,2.0,2.0,0.0,2.0
30000000,3,57,алматы,43.235409,76.85902,1962,180.0,4.0,4.0,2.0,2.0,1.0,2.0,0.0,2.0
36000000,2,69,алматы,43.231298,76.801106,2011,925.0,6.0,9.0,3.0,1.0,1.0,1.0,0.0,2.0
26000000,1,33,алматы,43.200661,76.873232,1975,1601.0,4.0,5.0,2.0,1.0,2.0,2.0,0.0,2.0
26000000,2,47,алматы,43.21436184771,76.776276648074,2020,1124.0,2.0,10.0,3.0,1.0,2.0,2.0,0.0,2.0
76000000,3,74,алматы,43.225642,76.960907,1984,2968.0,3.0,9.0,2.0,1.0,2.0,2.0,0.0,2.0
33500000,2,50,алматы,43.213951600179,76.872972789024,2017,2140.0,1.0,17.0,3.0,1.0,2.0,2.0,0.0,2.0
17000000,1,27,алматы,43.222057543133,76.786999730163,2020,1149.0,4.0,10.0,3.0,1.0,2.0,2.0,0.0,2.0
28000000,1,46,алматы,43.311603694274,76.897462628468,2015,1601.0,6.0,7.0,3.0,1.0,1.0,1.0,0.0,2.0
65000000,3,90,алматы,43.249244436064,76.931101059302,1977,3281.0,4.0,6.0,1.0,2.0,2.0,1.0,0.0,2.0
38500000,2,54,алматы,43.214131309839,76.898098668647,1987,919.0,5.0,5.0,1.0,1.0,1.0,1.0,0.0,2.0
65000000,3,84,алматы,43.16974607729,76.872367858887,2011,120.0,8.0,10.0,3.0,1.0,2.0,2.0,0.0,2.0
80000000,3,115,алматы,43.218298294283,76.880121253562,2008,534.0,4.0,16.0,3.0,2.0,2.0,3.0,0.0,2.0
20000000,1,42,алматы,43.302279583064,76.995248794501,2025,2513.0,2.0,6.0,3.0,1.0,2.0,2.0,0.0,2.0
25000000,1,40,алматы,43.221799,76.838916,1992,1818.0,7.0,9.0,2.0,2.0,2.0,2.0,0.0,2.0
34000000,1,40,алматы,43.287716739399,76.949693653141,2022,2236.0,7.0,13.0,3.0,1.0,1.0,2.0,0.0,2.0
65500000,3,96,алматы,43.230028241857,76.876761868133,2020,1401.0,14.0,16.0,3.0,6.0,3.0,3.0,0.0,2.0
35500000,4,54,алматы,43.214073,76.858275,1980,3470.0,2.0,5.0,2.0,1.0,2.0,1.0,0.0,2.0
31500000,2,56,алматы,43.228992,76.840946,1989,3104.0,9.0,9.0,2.0,1.0,2.0,1.0,0.0,2.0
44500000,2,56,алматы,43.221009696864,76.886923955006,2023,1959.0,14.0,18.0,3.0,1.0,2.0,2.0,0.0,2.0
34999999,2,61,алматы,43.24233997071,76.876575072892,2014,463.0,1.0,18.0,3.0,1.0,2.0,2.0,0.0,2.0
59000000,3,88,алматы,43.213915,76.793353,2022,2075.0,1.0,12.0,3.0,1.0,1.0,1.0,0.0,2.0
40000000,3,73,алматы,43.287859,77.003963,2021,553.0,1.0,6.0,3.0,2.0,2.0,2.0,0.0,2.0
24000000,2,45,алматы,43.219447316349,76.896246065951,1962,3432.0,4.0,4.0,2.0,2.0,2.0,2.0,0.0,2.0
48500000,2,50,алматы,43.25406,76.954664,1970,676.0,6.0,9.0,2.0,1.0,2.0,1.0,0.0,2.0
28000000,2,50,алматы,43.367683,76.936976,1991,1335.0,2.0,5.0,2.0,2.0,2.0,2.0,0.0,2.0
39000000,3,75,алматы,43.256424,76.863188,1989,1936.0,4.0,5.0,1.0,2.0,2.0,1.0,0.0,2.0
40500000,3,86,алматы,43.253944132837,76.824973565747,2013,633.0,7.0,9.0,2.0,1.0,2.0,1.0,0.0,2.0
24800000,2,44,алматы,43.232513,76.858679,1962,2219.0,2.0,4.0,2.0,1.0,2.0,2.0,0.0,2.0
28000000,2,56,алматы,43.297931,76.896588,2022,1537.0,9.0,9.0,3.0,1.0,1.0,2.0,0.0,2.0
30000000,1,43,алматы,43.24609031649,76.934640038307,2006,56.0,13.0,13.0,3.0,1.0,2.0,2.0,0.0,2.0
51000000,2,62,алматы,43.222508928509,76.839929389363,2018,1027.0,5.0,12.0,3.0,1.0,2.0,2.0,0.0,2.0
44000000,2,67,алматы,43.341987,76.993579,2016,1898.0,9.0,12.0,3.0,1.0,1.0,2.0,0.0,2.0
35500000,4,57,алматы,43.212520617522,76.858528558195,1980,1601.0,2.0,5.0,2.0,2.0,1.0,1.0,0.0,2.0
65000000,3,110,алматы,43.204927790695,76.877060549887,2011,48.0,4.0,16.0,3.0,1.0,2.0,2.0,0.0,2.0
73000000,2,67,алматы,43.230311760824,76.95831366045,2008,101.0,10.0,22.0,3.0,1.0,1.0,2.0,0.0,2.0
48000000,3,84,алматы,43.241504050017,76.815506053535,2011,2115.0,6.0,9.0,3.0,1.0,1.0,3.0,0.0,2.0
36500000,3,58,алматы,43.222791,76.874283,1967,1601.0,1.0,4.0,2.0,1.0,2.0,2.0,0.0,2.0
31000000,1,32,алматы,43.235968,76.901421,1974,1169.0,1.0,4.0,1.0,1.0,2.0,2.0,0.0,2.0
22000000,1,46,алматы,43.311151625878,76.89667387698,2014,818.0,7.0,7.0,3.0,4.0,3.0,2.0,0.0,2.0
59000000,3,80,алматы,43.202407565482,76.873767691723,2011,113.0,4.0,16.0,3.0,1.0,1.0,3.0,0.0,2.0
33500000,2,45,алматы,43.224118,76.895258,1961,266.0,3.0,4.0,1.0,2.0,2.0,2.0,0.0,2.0
72500000,2,55,алматы,43.229293334115,76.938663586989,2021,1072.0,16.0,21.0,3.0,1.0,2.0,2.0,0.0,2.0
26000000,1,38,алматы,43.255991320025,76.821580308301,2015,636.0,5.0,9.0,3.0,1.0,1.0,2.0,0.0,2.0
27700000,2,55,алматы,43.269163159651,76.818366978821,2020,1601.0,12.0,12.0,3.0,2.0,2.0,2.0,0.0,2.0
21600000,1,36,алматы,43.267282487614,76.854794022802,2022,2204.0,1.0,6.0,3.0,1.0,3.0,2.0,0.0,2.0
50000000,2,40,алматы,43.194727434583,76.931100420965,2019,576.0,3.0,8.0,3.0,1.0,2.0,2.0,0.0,2.0
25500000,2,44,алматы,43.229071922381,76.863482973611,1965,1590.0,3.0,4.0,2.0,1.0,2.0,2.0,0.0,2.0
26500000,1,31,алматы,43.195739,76.88641,1975,92.0,4.0,4.0,2.0,1.0,1.0,2.0,0.0,2.0
29000000,2,41,алматы,43.301494,76.839563,2018,1064.0,5.0,5.0,3.0,1.0,1.0,2.0,0.0,2.0
27000000,1,33,алматы,43.24046,76.891333,1975,1601.0,4.0,5.0,2.0,2.0,2.0,2.0,0.0,2.0
15500000,1,22,алматы,43.242936,76.83959,1972,534.0,2.0,4.0,1.0,1.0,2.0,2.0,0.0,1.0
33500000,2,52,алматы,43.206063,76.835538,1992,2435.0,5.0,5.0,2.0,2.0,2.0,2.0,0.0,2.0
36000000,1,35,алматы,43.248472,76.915039,1984,1777.0,4.0,9.0,1.0,1.0,1.0,2.0,0.0,2.0
40000000,3,73,алматы,43.287717178099,77.003274625738,2020,2626.0,1.0,6.0,3.0,1.0,1.0,2.0,0.0,2.0
33500000,2,59,алматы,43.235563674562,76.806975645507,2021,1171.0,15.0,16.0,3.0,1.0,1.0,2.0,0.0,2.0
42000000,3,96,алматы,43.217627,76.773087,2022,3346.0,1.0,9.0,3.0,6.0,2.0,3.0,0.0,2.0
67000000,3,90,алматы,43.202107,76.874723,2011,1812.0,9.0,16.0,3.0,1.0,1.0,2.0,0.0,2.0
53000000,2,68,алматы,43.241064,76.903415,1974,1821.0,4.0,5.0,1.0,1.0,2.0,1.0,0.0,2.0
78800000,3,76,алматы,43.176279518043,76.897626303456,2021,1836.0,3.0,3.0,1.0,1.0,1.0,2.0,0.0,2.0
65000000,3,110,алматы,43.204927790695,76.877060549887,2011,48.0,4.0,16.0,3.0,2.0,2.0,2.0,0.0,2.0
43000000,2,55,алматы,43.25729,76.934712,1974,1601.0,5.0,5.0,1.0,1.0,1.0,2.0,0.0,2.0
45500000,3,85,алматы,43.245031,76.815263,2010,760.0,3.0,9.0,3.0,1.0,1.0,3.0,0.0,2.0
59000000,3,100,алматы,43.243202750803,76.87696131099,2012,463.0,15.0,19.0,3.0,1.0,2.0,3.0,0.0,2.0
30000000,3,63,алматы,43.322659572584,76.838432185175,2019,985.0,3.0,5.0,3.0,1.0,2.0,2.0,0.0,2.0
27500000,1,33,алматы,43.229268827617,76.903789527704,1980,1601.0,4.0,5.0,2.0,1.0,2.0,2.0,0.0,2.0
80000000,2,76,алматы,43.187959298235,76.869671333842,2008,103.0,3.0,7.0,3.0,1.0,2.0,2.0,0.0,2.0
56000000,3,90,алматы,43.213290306084,76.793567455622,2022,2075.0,8.0,12.0,3.0,1.0,2.0,3.0,0.0,2.0
78000000,3,92,алматы,43.205216710192,76.893489130639,2020,1552.0,11.0,17.0,3.0,2.0,2.0,3.0,0.0,2.0
52000000,3,87,алматы,43.236092624297,76.808679115483,2020,1171.0,1.0,12.0,3.0,1.0,1.0,3.0,0.0,2.0
36500000,1,44,алматы,43.24320617919,76.855535171577,2023,2375.0,16.0,16.0,3.0,1.0,1.0,2.0,0.0,2.0
51000000,3,74,алматы,43.251176059402,76.892944250526,1985,3015.0,7.0,9.0,2.0,2.0,2.0,1.0,0.0,2.0
80000000,2,64,алматы,43.240405217908,76.909024952709,2020,984.0,3.0,16.0,3.0,2.0,2.0,2.0,0.0,2.0
63000000,3,63,алматы,43.261591,76.94904,1977,2511.0,3.0,6.0,1.0,1.0,1.0,3.0,0.0,2.0
28000000,2,43,алматы,43.194516,76.904843,1977,2075.0,5.0,5.0,2.0,2.0,2.0,2.0,0.0,2.0
14500000,1,24,алматы,43.361266696204,76.942348242992,1971,1601.0,2.0,2.0,1.0,2.0,2.0,2.0,0.0,2.0
63000000,4,168,алматы,43.222859161942,76.794032066483,2012,92.0,16.0,16.0,3.0,2.0,2.0,3.0,0.0,2.0
49000000,2,55,алматы,43.260778368017,76.960831075096,2015,709.0,9.0,14.0,3.0,1.0,2.0,2.0,0.0,2.0
55000000,2,75,алматы,43.259421838792,76.927448301697,2015,630.0,15.0,16.0,3.0,1.0,2.0,2.0,0.0,2.0
29000000,1,40,алматы,43.35968,76.92298,2010,360.0,4.0,6.0,3.0,1.0,1.0,2.0,0.0,2.0
49000000,3,60,алматы,43.262831,76.936751,1975,2652.0,4.0,4.0,2.0,2.0,2.0,2.0,0.0,2.0
65000000,1,62,алматы,43.202617949869,76.899226111226,2016,875.0,7.0,10.0,3.0,1.0,2.0,2.0,0.0,2.0
23000000,1,41,алматы,43.260087,76.815326,2017,267.0,9.0,9.0,3.0,1.0,2.0,2.0,1.0,2.0
82000000,2,72,алматы,43.233597364995,76.921806335449,2019,1075.0,7.0,10.0,3.0,1.0,1.0,2.0,0.0,2.0
32000000,3,75,алматы,43.282057,76.825028,2016,695.0,7.0,9.0,3.0,1.0,3.0,1.0,0.0,1.0
50500000,2,44,алматы,43.242255224685,76.909990548282,2018,984.0,12.0,16.0,3.0,1.0,1.0,2.0,0.0,2.0
62000000,4,100,алматы,43.253837,76.903658,1990,3216.0,9.0,9.0,2.0,1.0,2.0,1.0,0.0,2.0
65500000,3,96,алматы,43.230028241857,76.876761868133,2020,1401.0,14.0,16.0,3.0,4.0,2.0,3.0,0.0,2.0
48000000,3,76,алматы,43.232736,76.841036,1989,1440.0,8.0,9.0,2.0,1.0,1.0,1.0,0.0,2.0
31500000,2,59,алматы,43.266703546156,76.819914404307,2018,1117.0,10.0,12.0,3.0,2.0,2.0,1.0,0.0,2.0
43000000,3,60,алматы,43.224065,76.890003,1971,1551.0,4.0,4.0,2.0,1.0,1.0,2.0,1.0,2.0
26500000,2,54,алматы,43.354102,76.947657,1986,192.0,5.0,5.0,1.0,4.0,3.0,1.0,0.0,2.0
70000000,3,108,алматы,43.247749596397,76.854345560339,2024,3433.0,8.0,10.0,1.0,1.0,2.0,1.0,0.0,2.0
28000000,1,38,алматы,43.234739592648,76.806874201999,2021,1171.0,7.0,16.0,3.0,1.0,2.0,2.0,0.0,2.0
26000000,2,43,алматы,43.2316,76.843479,1971,957.0,4.0,4.0,2.0,1.0,1.0,2.0,0.0,2.0
31000000,2,45,алматы,43.228532,76.847576,1963,193.0,2.0,4.0,2.0,1.0,2.0,2.0,0.0,2.0
47900000,2,60,алматы,43.268967369064,76.945720911026,2020,1440.0,4.0,10.0,3.0,1.0,1.0,2.0,0.0,2.0
25350000,1,33,алматы,43.21103,76.861239,1975,2160.0,2.0,4.0,2.0,2.0,1.0,2.0,0.0,2.0
46800000,2,58,алматы,43.217267696788,76.877585343737,2025,3426.0,6.0,9.0,3.0,1.0,2.0,2.0,0.0,2.0
46999000,2,52,алматы,43.233894267748,76.875101566839,2019,1206.0,4.0,12.0,3.0,1.0,1.0,2.0,0.0,2.0
24500000,1,41,алматы,43.296108537832,76.979359388297,2024,1428.0,3.0,9.0,3.0,1.0,2.0,2.0,0.0,2.0
42000000,2,51,алматы,43.237511,76.908293,1977,2282.0,4.0,5.0,1.0,1.0,2.0,2.0,0.0,2.0
22945000,1,35,алматы,43.265235439732,76.856428816758,2023,2204.0,9.0,9.0,3.0,1.0,2.0,2.0,0.0,2.0
83500000,3,100,алматы,43.230354231601,76.878390181894,2020,1401.0,11.0,16.0,3.0,1.0,1.0,3.0,0.0,2.0
36000000,2,54,алматы,43.273467386233,76.813749056535,2024,2147.0,3.0,12.0,3.0,4.0,2.0,2.0,0.0,2.0
38500000,3,85,алматы,43.241340485664,76.810090851075,2015,11.0,14.0,16.0,3.0,1.0,2.0,2.0,0.0,2.0
39000000,2,42,алматы,43.219729,76.887883,2023,1959.0,16.0,16.0,3.0,1.0,2.0,2.0,0.0,2.0
17500000,1,23,алматы,43.243205,76.882835,1977,1564.0,3.0,4.0,2.0,1.0,2.0,2.0,0.0,2.0
73000000,2,81,алматы,43.23646,76.893408,2016,1601.0,7.0,16.0,2.0,1.0,1.0,3.0,0.0,2.0
27900000,1,40,алматы,43.235771,76.808131,2023,1171.0,13.0,16.0,3.0,1.0,1.0,2.0,0.0,2.0
80000000,2,62,алматы,43.240405217908,76.909024952709,2023,984.0,3.0,16.0,3.0,1.0,1.0,2.0,0.0,2.0
40500000,3,69,алматы,43.235961,76.822252,1990,1250.0,3.0,5.0,1.0,1.0,2.0,2.0,0.0,2.0
38000000,1,33,алматы,43.24576,76.892132,1978,254.0,4.0,5.0,2.0,1.0,1.0,2.0,0.0,2.0
48000000,2,60,алматы,43.247132,76.898888,1982,1601.0,7.0,9.0,2.0,2.0,2.0,1.0,0.0,2.0
25000000,1,32,алматы,43.217069,76.86989,1972,880.0,3.0,5.0,2.0,1.0,2.0,2.0,0.0,2.0
25500000,2,45,алматы,43.220531,76.85602,1975,1776.0,1.0,4.0,2.0,2.0,2.0,2.0,0.0,2.0
25000000,1,38,алматы,43.257715846467,76.820109660116,2024,3014.0,6.0,6.0,3.0,6.0,2.0,2.0,0.0,2.0
67000000,3,66,алматы,43.218337057572,76.939198152114,1995,11.0,4.0,5.0,1.0,1.0,2.0,1.0,0.0,2.0
30300000,3,53,алматы,43.23030255411,76.783177872357,2023,1821.0,9.0,9.0,3.0,1.0,2.0,2.0,0.0,2.0
30500000,2,51,алматы,43.226778,76.885296,1987,304.0,3.0,5.0,1.0,1.0,2.0,1.0,0.0,2.0
40000000,2,65,алматы,43.264502358979,76.917881965052,2025,1522.0,6.0,13.0,3.0,1.0,2.0,2.0,0.0,2.0
75000000,2,60,алматы,43.230187678466,76.939114198105,2019,1072.0,3.0,6.0,3.0,1.0,1.0,2.0,0.0,2.0
28000000,3,73,алматы,43.364949541309,76.928473164764,2024,2864.0,1.0,9.0,3.0,6.0,3.0,1.0,0.0,2.0
31000000,2,52,алматы,43.33347,76.949112,2015,2981.0,5.0,5.0,3.0,1.0,2.0,1.0,0.0,2.0
30500000,2,65,алматы,43.356015563419,76.924620294304,2008,2177.0,4.0,6.0,3.0,2.0,2.0,1.0,0.0,2.0
46500000,3,68,алматы,43.256076400334,76.879887438056,1987,1089.0,3.0,5.0,2.0,1.0,2.0,1.0,0.0,1.0
65000000,3,90,алматы,43.196100449485,76.920387555514,2023,779.0,1.0,3.0,1.0,6.0,2.0,2.0,0.0,2.0
36000000,2,55,алматы,43.211274,76.871588,1985,101.0,3.0,5.0,2.0,2.0,2.0,1.0,0.0,2.0
38000000,3,70,алматы,43.255908420113,76.862363315565,1986,2308.0,3.0,5.0,1.0,2.0,2.0,1.0,0.0,2.0
13500000,1,18,алматы,43.226673,76.845222,1965,282.0,3.0,4.0,2.0,1.0,2.0,2.0,0.0,2.0
16000000,1,26,алматы,43.228631,76.782556,2017,1601.0,4.0,4.0,1.0,1.0,2.0,2.0,0.0,2.0
35000000,3,58,алматы,43.232519,76.851474,1963,236.0,3.0,4.0,2.0,1.0,2.0,2.0,0.0,2.0
20900000,1,33,алматы,43.316256056102,76.897415205183,2025,2007.0,8.0,9.0,3.0,1.0,2.0,2.0,0.0,2.0
46000000,3,65,алматы,43.268444,76.947864,1972,190.0,4.0,4.0,2.0,1.0,2.0,2.0,0.0,2.0
30000000,2,56,алматы,43.229717722846,76.783105058218,2020,1821.0,8.0,9.0,3.0,1.0,1.0,2.0,0.0,2.0
40000000,2,55,алматы,43.254520210315,76.863757305955,2024,2388.0,1.0,12.0,3.0,1.0,2.0,2.0,0.0,2.0
32500000,2,44,алматы,43.196107,76.875936,1977,1580.0,3.0,4.0,2.0,2.0,2.0,2.0,0.0,2.0
29000000,2,45,алматы,43.194871179969,76.881637441803,1983,768.0,2.0,5.0,2.0,4.0,3.0,2.0,1.0,2.0
18000000,1,24,алматы,43.266028,76.948466,1970,2329.0,3.0,5.0,2.0,2.0,1.0,2.0,0.0,1.0
49500000,2,70,алматы,43.262554353583,76.918500452423,2019,1542.0,13.0,13.0,3.0,1.0,1.0,2.0,0.0,2.0
33900000,1,37,алматы,43.288447548674,76.949766920982,2023,2236.0,6.0,13.0,3.0,1.0,2.0,2.0,0.0,2.0
75000000,3,96,алматы,43.212266,76.852759,2005,1007.0,8.0,9.0,3.0,1.0,1.0,1.0,0.0,2.0
25000000,1,46,алматы,43.326971826583,77.03346975825,2024,3324.0,11.0,12.0,2.0,6.0,2.0,2.0,0.0,2.0
40500000,3,71,алматы,43.260036749,76.901961301666,2025,2729.0,6.0,16.0,3.0,1.0,2.0,2.0,0.0,2.0
21500000,1,35,алматы,43.207953813856,76.789556848027,2020,1785.0,9.0,9.0,3.0,1.0,2.0,2.0,0.0,2.0
66999999,3,130,алматы,43.245475495982,76.877168041466,2012,463.0,1.0,19.0,3.0,1.0,2.0,3.0,0.0,2.0
38500000,2,58,алматы,43.240733351626,76.856329975583,2017,885.0,1.0,12.0,3.0,2.0,2.0,2.0,0.0,2.0
30000000,2,43,алматы,43.233111,76.898142,1977,1601.0,2.0,5.0,2.0,1.0,2.0,2.0,0.0,2.0
52000000,2,53,алматы,43.208753807566,76.911277698432,2020,1157.0,2.0,13.0,3.0,1.0,2.0,2.0,0.0,2.0
51000000,2,56,алматы,43.206632334711,76.884845495224,2013,123.0,15.0,17.0,3.0,2.0,1.0,2.0,0.0,2.0
44000000,3,77,алматы,43.236336,76.821767,2014,835.0,9.0,9.0,3.0,2.0,2.0,2.0,0.0,2.0
42000000,3,60,алматы,43.323206,76.920555,1986,835.0,5.0,5.0,2.0,1.0,2.0,2.0,0.0,2.0
56000000,3,80,алматы,43.244012570816,76.876829915153,2011,640.0,20.0,20.0,3.0,2.0,2.0,1.0,0.0,2.0
25000000,2,47,алматы,43.221705980823,76.786440765848,2019,1124.0,10.0,10.0,3.0,1.0,1.0,2.0,0.0,2.0
66000000,4,116,алматы,43.288614411414,77.000030958433,2024,3090.0,5.0,6.0,3.0,1.0,2.0,2.0,0.0,2.0
25500000,1,30,алматы,43.261494803805,76.899913108869,2025,1992.0,6.0,10.0,3.0,6.0,2.0,2.0,0.0,2.0
13500000,1,20,алматы,43.237565571949,76.858341099197,1974,1855.0,3.0,5.0,1.0,2.0,2.0,2.0,0.0,1.0
68737000,1,58,алматы,43.211609820684,76.946691763926,2017,461.0,5.0,7.0,3.0,1.0,1.0,2.0,0.0,2.0
23000000,2,41,алматы,43.319328105938,76.840657400921,2019,2678.0,5.0,5.0,3.0,1.0,2.0,2.0,0.0,2.0
18500000,2,45,алматы,43.323672,76.839239,2018,242.0,5.0,5.0,3.0,2.0,2.0,2.0,0.0,2.0
27500000,2,59,алматы,43.24739267165,76.806197081648,2024,2691.0,4.0,12.0,3.0,5.0,2.0,2.0,0.0,2.0
21200000,1,46,алматы,43.209059541386,76.7845168711,2025,3172.0,6.0,9.0,3.0,6.0,2.0,2.0,0.0,2.0
28500000,2,45,алматы,43.197211,76.886257,1975,706.0,2.0,5.0,2.0,4.0,2.0,1.0,0.0,2.0
30500000,1,48,алматы,43.24755847941,76.85444543383,2024,3224.0,2.0,10.0,3.0,5.0,2.0,2.0,0.0,2.0
37500000,3,59,алматы,43.235019490128,76.857938840614,1965,1008.0,2.0,4.0,2.0,1.0,2.0,2.0,0.0,2.0
31500000,2,60,алматы,43.207633425926,76.787427811855,2021,2403.0,9.0,9.0,3.0,1.0,3.0,2.0,0.0,2.0
48000000,3,60,алматы,43.23026,76.906451,1983,1601.0,3.0,5.0,2.0,1.0,2.0,2.0,0.0,2.0
85000000,2,63,алматы,43.240405217908,76.909024952709,2020,984.0,5.0,15.0,3.0,1.0,1.0,2.0,0.0,2.0
45600000,3,65,алматы,43.196133,76.886239,1975,751.0,1.0,5.0,2.0,1.0,1.0,1.0,0.0,2.0
41500000,2,49,алматы,43.218967,76.89401,1962,1117.0,4.0,4.0,2.0,1.0,1.0,2.0,0.0,2.0
44000000,3,75,алматы,43.247717,76.832466,2008,1069.0,2.0,5.0,3.0,1.0,1.0,1.0,0.0,2.0
42999999,3,85,алматы,43.209007177826,76.7892405941,2021,1785.0,5.0,9.0,3.0,2.0,2.0,1.0,1.0,2.0
49900000,2,72,алматы,43.195573056205,76.893640629497,2012,7.0,14.0,20.0,3.0,1.0,2.0,2.0,0.0,2.0
30000000,2,62,алматы,43.231302007544,76.785210706629,2025,1509.0,4.0,9.0,3.0,1.0,2.0,2.0,0.0,2.0
27500000,2,46,алматы,43.229826793216,76.847678397484,1968,1124.0,2.0,4.0,2.0,2.0,1.0,2.0,0.0,2.0
32000000,1,40,алматы,43.212126292317,76.794697868084,2024,2075.0,5.0,12.0,3.0,1.0,1.0,2.0,1.0,2.0
33000000,2,52,алматы,43.289086451806,76.92694883317,1984,1601.0,1.0,3.0,1.0,1.0,2.0,1.0,0.0,2.0
47900000,2,52,алматы,43.218052680978,76.890834815623,2022,1750.0,11.0,13.0,3.0,1.0,2.0,2.0,0.0,2.0
52000000,2,65,алматы,43.265858,76.917258,2020,1855.0,10.0,13.0,3.0,1.0,1.0,2.0,0.0,2.0
62500000,4,96,алматы,43.223763,76.846435,1992,1601.0,8.0,9.0,2.0,1.0,1.0,1.0,0.0,2.0
53000000,3,117,алматы,43.286586337212,77.004190685535,2010,73.0,5.0,5.0,3.0,1.0,2.0,2.0,0.0,2.0
31000000,2,48,алматы,43.326580976262,76.940026763255,2022,1689.0,6.0,10.0,3.0,1.0,1.0,2.0,0.0,2.0
85000000,3,100,алматы,43.233894267748,76.875101566839,2021,1206.0,6.0,16.0,3.0,1.0,2.0,2.0,0.0,2.0
55000000,3,83,алматы,43.218136051076,76.897962949737,1973,2831.0,5.0,5.0,1.0,2.0,2.0,2.0,0.0,2.0
36000000,3,59,алматы,43.246824,76.901582,1978,2283.0,1.0,5.0,2.0,4.0,2.0,1.0,0.0,2.0
40000000,1,41,алматы,43.246721322391,76.905554908853,2023,3019.0,9.0,13.0,3.0,1.0,1.0,2.0,0.0,2.0
40000000,2,52,алматы,43.259574035419,76.915939668646,1978,3382.0,4.0,5.0,2.0,2.0,2.0,1.0,0.0,2.0
23000000,1,39,алматы,43.32842,76.922172,1987,1601.0,3.0,5.0,3.0,2.0,2.0,2.0,0.0,2.0
33000000,2,41,алматы,43.265179638936,76.918001685368,2024,1522.0,4.0,13.0,3.0,1.0,2.0,2.0,0.0,2.0
33500000,2,66,алматы,43.241340485664,76.810090851075,2011,11.0,13.0,16.0,3.0,1.0,1.0,1.0,0.0,2.0
42000000,2,63,алматы,43.236265371818,76.881488133314,2024,2555.0,10.0,20.0,3.0,6.0,2.0,2.0,0.0,2.0
59500000,4,104,алматы,43.26046434327,76.8217593705,2017,636.0,7.0,12.0,3.0,1.0,2.0,3.0,0.0,2.0
51000000,2,56,алматы,43.218751951536,76.887214848955,2023,1959.0,7.0,15.0,3.0,1.0,1.0,2.0,0.0,2.0
81900000,3,84,алматы,43.252189701002,76.897459924221,2021,1323.0,8.0,13.0,3.0,1.0,2.0,2.0,0.0,2.0
27000000,2,48,алматы,43.241340485664,76.810090851075,2015,11.0,9.0,10.0,3.0,2.0,2.0,2.0,0.0,2.0
23500000,1,40,алматы,43.254520210315,76.863757305955,2024,2388.0,9.0,12.0,3.0,6.0,2.0,2.0,0.0,2.0
68500000,2,67,алматы,43.238769232258,76.884212061907,2022,1812.0,6.0,17.0,3.0,1.0,2.0,3.0,0.0,2.0
45000000,3,68,алматы,43.220308,76.840497,1994,1212.0,2.0,9.0,1.0,2.0,3.0,1.0,0.0,2.0
65000000,3,71,алматы,43.220908849545,76.96191227802,1988,1601.0,1.0,5.0,1.0,1.0,1.0,1.0,0.0,2.0
52000000,2,73,алматы,43.268967369064,76.945720911026,2020,1440.0,7.0,16.0,3.0,1.0,2.0,1.0,0.0,2.0
75000000,3,115,алматы,43.218298294283,76.880121253562,2008,534.0,9.0,16.0,3.0,2.0,1.0,1.0,0.0,2.0
59000000,3,64,алматы,43.22195,76.893255,1969,2795.0,1.0,5.0,1.0,1.0,1.0,2.0,0.0,2.0
42500000,1,41,алматы,43.213879067631,76.893052730096,1985,678.0,12.0,12.0,2.0,2.0,2.0,2.0,0.0,2.0
37000000,3,56,алматы,43.218245,76.880355,1973,1745.0,4.0,5.0,2.0,2.0,2.0,2.0,0.0,2.0
70000000,2,50,алматы,43.263748760191,76.932084560394,2024,2758.0,1.0,12.0,3.0,1.0,2.0,2.0,0.0,2.0
25500000,1,43,алматы,43.263496035708,76.900687743377,2006,1440.0,9.0,10.0,3.0,1.0,2.0,2.0,0.0,2.0
32200000,3,70,алматы,43.302279583064,76.995248794501,2025,2513.0,3.0,9.0,3.0,1.0,2.0,1.0,0.0,2.0
55500000,3,70,алматы,43.238223043859,76.912530018068,1989,3112.0,1.0,5.0,1.0,2.0,2.0,1.0,0.0,2.0
41000000,2,66,алматы,43.16974607729,76.872367858887,2013,120.0,10.0,10.0,3.0,1.0,2.0,2.0,1.0,2.0
27000000,1,32,алматы,43.229399,76.920447,1972,2093.0,4.0,4.0,2.0,1.0,1.0,2.0,0.0,2.0
77000000,5,125,алматы,43.169578547338,76.873885426597,2013,202.0,4.0,6.0,2.0,1.0,2.0,2.0,0.0,2.0
38000000,3,60,алматы,43.200431,76.872234,1976,2577.0,5.0,5.0,2.0,2.0,2.0,2.0,0.0,2.0
78800000,4,105,алматы,43.218413893585,76.896083147152,1971,468.0,1.0,4.0,1.0,2.0,2.0,3.0,0.0,2.0
39500000,2,53,алматы,43.251676,76.868489,1986,736.0,6.0,9.0,2.0,1.0,3.0,1.0,0.0,2.0
80000000,3,82,алматы,43.194727434583,76.931100420965,2019,576.0,4.0,8.0,3.0,2.0,2.0,2.0,0.0,2.0
17000000,1,28,алматы,43.222059060493,76.785024559486,2020,1124.0,9.0,10.0,3.0,2.0,1.0,2.0,0.0,2.0
22000000,1,40,алматы,43.228388,76.779483,2021,193.0,1.0,6.0,3.0,1.0,2.0,2.0,0.0,2.0
30500000,1,34,алматы,43.215151432147,76.898806771828,1987,2118.0,5.0,5.0,1.0,1.0,2.0,2.0,0.0,2.0
13900000,1,28,алматы,43.348943,76.991612,1960,1042.0,1.0,2.0,1.0,2.0,2.0,2.0,0.0,2.0
85000000,3,100,алматы,43.214522421881,76.892049908802,2019,1189.0,7.0,12.0,3.0,1.0,2.0,2.0,0.0,2.0
34500000,1,41,алматы,43.265059720372,76.917136769255,2020,1522.0,9.0,13.0,3.0,1.0,2.0,2.0,0.0,2.0
30500000,1,32,алматы,43.195246,76.881101,1982,2655.0,4.0,5.0,1.0,1.0,1.0,2.0,0.0,2.0
40000000,2,67,алматы,43.324984,77.022109,2023,2008.0,2.0,4.0,3.0,1.0,1.0,2.0,0.0,2.0
14500000,1,31,алматы,43.313525,76.918291,1959,2825.0,4.0,2.0,2.0,1.0,2.0,2.0,0.0,2.0
65000000,3,72,алматы,43.260574905265,76.915367109122,1978,3262.0,3.0,8.0,2.0,1.0,1.0,2.0,0.0,2.0
34000000,1,47,алматы,43.249017,76.88508,1987,997.0,1.0,5.0,2.0,1.0,3.0,1.0,0.0,2.0
27500000,1,32,алматы,43.234063,76.888314,1983,880.0,5.0,5.0,2.0,1.0,2.0,2.0,0.0,2.0
27000000,1,33,алматы,43.265943,76.933769,1975,471.0,3.0,4.0,2.0,2.0,2.0,2.0,0.0,2.0
85000000,3,92,алматы,43.231426193488,76.885850286571,2014,601.0,9.0,12.0,2.0,1.0,1.0,1.0,0.0,2.0
20900000,2,45,алматы,43.209059541386,76.7845168711,2025,3172.0,6.0,9.0,3.0,1.0,2.0,2.0,0.0,2.0
53000000,2,62,алматы,43.233833,76.899004,1969,601.0,4.0,5.0,1.0,1.0,2.0,2.0,0.0,2.0
25000000,1,43,алматы,43.224676,76.782116,2019,1154.0,8.0,6.0,3.0,2.0,2.0,2.0,1.0,2.0
33500000,2,64,алматы,43.313309,76.896875,2014,1066.0,6.0,7.0,2.0,1.0,1.0,2.0,0.0,2.0
30000000,1,44,алматы,43.292479,76.971435,1985,1801.0,3.0,3.0,1.0,1.0,2.0,2.0,0.0,2.0
27500000,2,42,алматы,43.229084,76.849875,1975,2054.0,1.0,4.0,2.0,1.0,1.0,2.0,0.0,2.0
15500000,1,21,алматы,43.211918,76.879304,1973,1104.0,4.0,4.0,2.0,1.0,1.0,2.0,0.0,1.0
59000000,2,63,алматы,43.23803,76.896255,2019,1051.0,15.0,16.0,3.0,1.0,1.0,2.0,0.0,2.0
35000000,2,45,алматы,43.256560332063,76.917789489986,1975,463.0,1.0,5.0,2.0,1.0,2.0,2.0,0.0,2.0
22500000,1,52,алматы,43.228582734658,76.779470572509,2023,3471.0,2.0,6.0,3.0,1.0,2.0,2.0,0.0,2.0
34000000,2,64,алматы,43.358468,76.923888,2011,1601.0,1.0,6.0,3.0,1.0,1.0,1.0,0.0,2.0
41000000,2,54,алматы,43.21993098395,76.886290608703,2023,1959.0,13.0,17.0,3.0,1.0,3.0,2.0,0.0,2.0
63600000,3,75,алматы,43.259421838792,76.927448301697,2015,630.0,6.0,16.0,3.0,1.0,1.0,2.0,0.0,2.0
27000000,1,32,алматы,43.230059563764,76.864533203704,1985,3149.0,2.0,5.0,2.0,1.0,2.0,2.0,0.0,2.0
51000000,2,70,алматы,43.232932129751,76.892778351684,2008,350.0,14.0,18.0,3.0,2.0,2.0,1.0,0.0,2.0
27000000,2,45,алматы,43.301207421054,76.999142507935,2022,166.0,6.0,7.0,3.0,1.0,3.0,2.0,0.0,2.0
22500000,1,41,алматы,43.260087,76.815326,2017,3026.0,3.0,9.0,3.0,1.0,2.0,2.0,0.0,2.0
25000000,2,62,алматы,43.22822466386,76.769047359596,2025,2145.0,1.0,5.0,3.0,1.0,2.0,1.0,0.0,2.0
56646000,2,53,алматы,43.231529802909,76.945972142045,2025,979.0,16.0,33.0,3.0,6.0,2.0,2.0,0.0,2.0
85000000,3,92,алматы,43.206632334711,76.884845495224,2014,123.0,4.0,18.0,3.0,1.0,2.0,1.0,0.0,2.0
45000000,2,61,алматы,43.215347361947,76.880843493499,2023,1770.0,13.0,16.0,3.0,5.0,2.0,2.0,0.0,2.0
60000000,2,53,алматы,43.211365939247,76.897194385529,2020,1125.0,7.0,16.0,3.0,1.0,1.0,2.0,0.0,2.0
15000000,1,20,алматы,43.303920432126,76.900499170335,2020,1809.0,1.0,3.0,3.0,1.0,1.0,1.0,0.0,2.0
14500000,2,25,алматы,43.25922,76.924004,1984,2917.0,3.0,4.0,2.0,1.0,2.0,2.0,0.0,1.0
23500000,1,35,алматы,43.355016058489,76.935534685248,1994,1441.0,3.0,5.0,1.0,1.0,1.0,2.0,1.0,2.0
40000000,3,63,алматы,43.22287,76.869513,1969,1210.0,1.0,5.0,2.0,2.0,2.0,1.0,0.0,2.0
60000000,2,65,алматы,43.214522421881,76.892049908802,2019,1189.0,5.0,12.0,3.0,1.0,2.0,2.0,0.0,2.0
50000000,2,76,алматы,43.244873,76.876259,2012,463.0,17.0,18.0,3.0,1.0,1.0,1.0,0.0,2.0
28000000,2,39,алматы,43.230943,76.913934,1960,3260.0,1.0,6.0,1.0,2.0,2.0,2.0,0.0,2.0
23000000,1,33,алматы,43.196673440572,76.87579028109,1977,1493.0,2.0,5.0,2.0,2.0,2.0,2.0,0.0,2.0
25000000,1,48,алматы,43.254389009243,76.818288320719,2018,1083.0,7.0,9.0,3.0,2.0,2.0,2.0,0.0,2.0
60075000,2,80,алматы,43.200680213519,76.810504705162,2025,3300.0,4.0,4.0,3.0,1.0,2.0,2.0,0.0,2.0
30000000,2,43,алматы,43.231009,76.864239,1969,1154.0,2.0,4.0,2.0,1.0,1.0,1.0,0.0,2.0
48300000,3,87,алматы,43.281047,76.812523,2020,451.0,2.0,5.0,3.0,1.0,2.0,1.0,0.0,2.0
45500000,2,47,алматы,43.199998640021,76.890745616691,2016,72.0,8.0,25.0,3.0,1.0,2.0,2.0,0.0,2.0
18000000,1,32,алматы,43.302333736877,76.986582134918,1990,2241.0,1.0,5.0,1.0,4.0,2.0,2.0,0.0,2.0
20500000,1,36,алматы,43.232868,76.843533,1969,349.0,1.0,4.0,2.0,2.0,2.0,2.0,0.0,2.0
38000000,2,71,алматы,43.22305943417,76.787626302232,2022,1124.0,2.0,9.0,3.0,2.0,1.0,2.0,1.0,2.0
85000000,3,78,алматы,43.208538635607,76.889870832363,2019,953.0,4.0,12.0,3.0,1.0,2.0,3.0,0.0,2.0
34500000,2,75,алматы,43.223841127129,76.792911683095,2012,92.0,7.0,16.0,3.0,1.0,2.0,1.0,0.0,2.0
24500000,1,32,алматы,43.202002626543,76.881670877315,1973,2530.0,5.0,5.0,2.0,1.0,2.0,2.0,0.0,2.0
25900000,1,32,алматы,43.267498874409,76.948014989094,1972,2318.0,2.0,4.0,2.0,2.0,2.0,2.0,0.0,2.0
25000000,1,35,алматы,43.232102515922,76.837952329699,1988,1199.0,4.0,5.0,2.0,2.0,1.0,2.0,0.0,2.0
43500000,3,70,алматы,43.227544304832,76.88919769577,1990,73.0,4.0,5.0,2.0,4.0,2.0,1.0,0.0,2.0
39500000,3,77,алматы,43.290273684353,76.929755312827,1988,2562.0,3.0,5.0,1.0,2.0,2.0,1.0,0.0,2.0
62000000,2,72,алматы,43.236672085217,76.887428418701,2023,997.0,6.0,9.0,3.0,1.0,2.0,2.0,0.0,2.0
35000000,2,69,алматы,43.342217151309,76.994230010678,2018,661.0,8.0,13.0,2.0,2.0,1.0,1.0,0.0,2.0
13500000,1,17,алматы,43.229879,76.865246,1966,1440.0,1.0,4.0,2.0,1.0,2.0,2.0,0.0,1.0
36500000,2,50,алматы,43.26067787684,76.814966553984,2017,921.0,13.0,14.0,3.0,1.0,1.0,2.0,0.0,2.0
72000000,3,90,алматы,43.264203,76.963485,1971,1401.0,3.0,5.0,1.0,4.0,1.0,1.0,0.0,2.0
48000000,2,56,алматы,43.168495930245,76.905601503337,2024,3191.0,3.0,3.0,2.0,6.0,2.0,2.0,0.0,2.0
30000000,1,40,алматы,43.288447548674,76.949766920982,2022,2236.0,12.0,13.0,3.0,1.0,1.0,2.0,0.0,2.0
55000000,2,61,алматы,43.214522421881,76.892049908802,2019,1189.0,4.0,12.0,3.0,1.0,2.0,2.0,0.0,2.0
29000000,2,58,алматы,43.311819912738,76.998030737305,2021,3190.0,2.0,2.0,1.0,1.0,2.0,2.0,0.0,2.0
14000000,1,11,алматы,43.222357,76.85858,1991,321.0,1.0,4.0,2.0,1.0,1.0,2.0,0.0,1.0
42000000,2,52,алматы,43.214812566038,76.893858611114,1985,2281.0,4.0,5.0,2.0,2.0,2.0,1.0,0.0,2.0
23500000,1,40,алматы,43.32788080819,76.923825993986,1987,1750.0,4.0,5.0,2.0,2.0,2.0,1.0,0.0,2.0
30900000,2,44,алматы,43.170350108433,76.875309271183,2013,19.0,4.0,6.0,2.0,1.0,2.0,2.0,0.0,2.0
50000000,2,78,алматы,43.243580610164,76.855730373684,2024,1601.0,6.0,16.0,3.0,6.0,2.0,2.0,0.0,2.0
29500000,2,62,алматы,43.307024,76.923915,2006,1395.0,3.0,5.0,1.0,1.0,2.0,1.0,0.0,2.0
36000000,2,61,алматы,43.21768,76.778064,2022,1601.0,1.0,10.0,2.0,1.0,2.0,2.0,0.0,2.0
22500000,1,40,алматы,43.230014352671,76.783748139769,2020,1821.0,9.0,9.0,3.0,1.0,1.0,2.0,0.0,2.0
31000000,2,56,алматы,43.228748797661,76.841176669975,1989,819.0,9.0,6.0,2.0,1.0,2.0,1.0,0.0,2.0
63500000,2,74,алматы,43.204456285472,76.887724889326,2014,123.0,12.0,18.0,3.0,1.0,2.0,2.0,0.0,2.0
56000000,3,89,алматы,43.231096989712,76.832493562958,2019,957.0,4.0,10.0,3.0,1.0,1.0,2.0,0.0,2.0
54000000,4,96,алматы,43.20944,76.836293,1986,2229.0,12.0,12.0,3.0,1.0,1.0,1.0,0.0,2.0
23000000,1,48,алматы,43.274088582466,76.82941028513,2024,2115.0,2.0,7.0,3.0,5.0,2.0,2.0,0.0,2.0
27000000,2,44,алматы,43.224959,76.863835,1969,678.0,3.0,4.0,2.0,1.0,2.0,2.0,0.0,2.0
56500000,4,96,алматы,43.222374692727,76.845613652778,1992,921.0,7.0,9.0,2.0,2.0,2.0,1.0,0.0,2.0
44500000,3,65,алматы,43.266035,76.958221,2013,1401.0,2.0,5.0,3.0,2.0,2.0,2.0,0.0,2.0
39000000,2,58,алматы,43.264423997535,76.82181301468,2018,636.0,2.0,12.0,3.0,2.0,1.0,1.0,0.0,2.0
55000000,3,95,алматы,43.327985967953,76.93999575107,2021,1689.0,1.0,10.0,3.0,2.0,2.0,3.0,0.0,2.0
45000000,2,70,алматы,43.288447548674,76.949766920982,2023,2236.0,9.0,13.0,3.0,1.0,2.0,1.0,0.0,2.0
47500000,2,54,алматы,43.236930943868,76.887052909439,2018,997.0,7.0,9.0,3.0,1.0,2.0,2.0,0.0,2.0
36000000,3,68,алматы,43.308735728875,76.936719525471,2021,3210.0,4.0,6.0,3.0,2.0,3.0,2.0,1.0,2.0
40000000,2,64,алматы,43.280253,76.817051,2018,3300.0,4.0,9.0,3.0,1.0,2.0,1.0,0.0,2.0
81999999,4,124,алматы,43.26807607256,76.925032272504,2024,2505.0,10.0,12.0,3.0,6.0,2.0,3.0,0.0,2.0
22000000,1,43,алматы,43.300431,76.835395,2024,588.0,12.0,6.0,2.0,1.0,2.0,2.0,0.0,2.0
40000000,3,65,алматы,43.317704,76.915327,1985,1060.0,1.0,5.0,2.0,2.0,2.0,2.0,0.0,2.0
43000000,3,67,алматы,43.169345100756,76.914746761322,2024,1222.0,1.0,3.0,1.0,6.0,2.0,2.0,0.0,2.0
49900000,2,62,алматы,43.237964880403,76.906302042495,1975,835.0,3.0,5.0,1.0,1.0,2.0,2.0,0.0,2.0
77607180,3,83,алматы,43.208523854873,76.892832802624,2024,2199.0,10.0,16.0,3.0,6.0,2.0,2.0,0.0,2.0
50000000,4,75,алматы,43.215321,76.856424,1972,1688.0,3.0,4.0,2.0,1.0,2.0,2.0,0.0,2.0
50000000,4,100,алматы,43.323554,76.938359,1991,380.0,5.0,5.0,1.0,1.0,2.0,1.0,0.0,2.0
23000000,1,41,алматы,43.188984524386,76.821437214778,2013,1384.0,4.0,6.0,2.0,2.0,2.0,2.0,0.0,2.0
72000000,2,73,алматы,43.240719407077,76.87066137358,2020,1468.0,14.0,21.0,3.0,1.0,2.0,2.0,0.0,2.0
18500000,1,25,алматы,43.24858208663,76.840063333511,2018,971.0,9.0,10.0,3.0,2.0,1.0,2.0,1.0,2.0
48000000,2,71,алматы,43.241816407215,76.87670341698,2012,463.0,10.0,16.0,3.0,1.0,1.0,1.0,0.0,2.0
40499995,3,67,алматы,43.248912,76.889841,1977,1058.0,2.0,5.0,2.0,1.0,1.0,1.0,0.0,2.0
32000000,2,68,алматы,43.339935,76.94631,1987,502.0,3.0,4.0,1.0,1.0,2.0,2.0,0.0,2.0
54000000,2,67,алматы,43.231369084468,76.874911129972,2017,751.0,10.0,12.0,3.0,1.0,2.0,2.0,0.0,2.0
47500000,2,60,алматы,43.221567561175,76.852005747877,2020,1568.0,8.0,13.0,3.0,1.0,2.0,2.0,0.0,2.0
44000000,2,60,алматы,43.216365806459,76.900631502145,2023,1987.0,7.0,12.0,3.0,1.0,2.0,2.0,0.0,2.0
22499999,1,33,алматы,43.219780147889,76.86930475066,1968,1601.0,3.0,4.0,2.0,1.0,2.0,2.0,0.0,2.0
17200000,1,25,алматы,43.222843,76.784972,2020,1601.0,9.0,10.0,3.0,1.0,2.0,2.0,0.0,2.0
65000000,2,62,алматы,43.230028241857,76.876761868133,2019,1401.0,14.0,16.0,3.0,1.0,1.0,2.0,0.0,2.0
57000000,3,74,алматы,43.226673,76.845222,2019,881.0,4.0,9.0,3.0,1.0,2.0,2.0,0.0,2.0
49500000,3,90,алматы,43.327874407614,76.93977915062,2021,1689.0,3.0,10.0,3.0,1.0,2.0,3.0,0.0,2.0
17000000,1,23,алматы,43.24266184251,76.882488995037,1977,2469.0,3.0,4.0,2.0,2.0,2.0,2.0,0.0,2.0
82000000,2,66,алматы,43.200196642988,76.899649000057,2023,2577.0,14.0,20.0,3.0,1.0,1.0,2.0,0.0,2.0
23000000,2,57,алматы,43.367601928322,76.846222087579,1977,1963.0,5.0,5.0,2.0,1.0,2.0,1.0,0.0,2.0
50000000,3,72,алматы,43.269481,76.821031,2022,1325.0,5.0,12.0,3.0,1.0,1.0,2.0,0.0,2.0
34900000,2,76,алматы,43.243371498701,76.830168863915,2022,2339.0,11.0,12.0,3.0,1.0,2.0,3.0,0.0,2.0
39000000,3,57,алматы,43.20028,76.881882,1973,72.0,5.0,5.0,2.0,1.0,2.0,1.0,0.0,2.0
31000000,2,45,алматы,43.205483648851,76.836918661484,1985,412.0,3.0,5.0,2.0,2.0,1.0,2.0,0.0,2.0
21999999,1,36,алматы,43.222342089886,76.788442192516,2019,1124.0,4.0,6.0,3.0,1.0,1.0,2.0,0.0,2.0
48000000,2,46,алматы,43.230028241857,76.876761868133,2020,1401.0,6.0,16.0,3.0,2.0,1.0,2.0,0.0,2.0
10500000,1,18,алматы,43.269482614596,76.845391994356,1970,1553.0,2.0,6.0,2.0,1.0,1.0,2.0,0.0,1.0
42000000,1,34,алматы,43.261512,76.98235,2023,457.0,5.0,5.0,3.0,5.0,2.0,2.0,0.0,2.0
29900000,2,44,алматы,43.262641,76.935575,1973,1601.0,3.0,5.0,2.0,2.0,2.0,2.0,0.0,2.0
30500000,1,30,алматы,43.267046,76.966935,2021,1766.0,4.0,10.0,3.0,1.0,1.0,2.0,1.0,2.0
84999990,3,104,алматы,43.236908485909,76.880335450161,2022,1549.0,11.0,18.0,3.0,1.0,1.0,3.0,0.0,2.0
25500000,1,40,алматы,43.234777773713,76.829544499336,1990,1601.0,3.0,5.0,2.0,2.0,1.0,2.0,0.0,2.0
68000000,2,76,алматы,43.268967369064,76.945720911026,2020,1440.0,8.0,16.0,3.0,1.0,2.0,1.0,0.0,2.0
40000000,3,77,алматы,43.356731,76.919207,2008,984.0,4.0,6.0,3.0,1.0,1.0,1.0,0.0,2.0
81000000,3,84,алматы,43.262129,76.943183,1979,1841.0,3.0,9.0,3.0,1.0,2.0,1.0,0.0,2.0
72400000,3,97,алматы,43.272373937221,76.95223880765,2025,2961.0,6.0,14.0,3.0,5.0,2.0,2.0,0.0,2.0
65000000,3,70,алматы,43.235226,76.82333,1991,1601.0,1.0,5.0,2.0,1.0,1.0,1.0,0.0,2.0
36500000,2,42,алматы,43.22737,76.893543,1971,633.0,4.0,4.0,2.0,1.0,1.0,2.0,1.0,2.0
25500000,1,45,алматы,43.266703546156,76.819914404307,2018,1117.0,4.0,12.0,3.0,1.0,1.0,2.0,0.0,2.0
53999990,1,53,алматы,43.238011305107,76.890220096604,2025,3020.0,8.0,6.0,3.0,1.0,2.0,1.0,0.0,2.0
58500000,2,55,алматы,43.207909039956,76.895041477282,2021,1481.0,8.0,6.0,3.0,1.0,2.0,1.0,0.0,2.0
21000000,1,33,алматы,43.237597677386,76.841893349876,1976,1217.0,3.0,5.0,2.0,1.0,2.0,2.0,0.0,2.0
36000000,2,46,алматы,43.232848,76.93208,1960,1601.0,3.0,3.0,1.0,2.0,2.0,2.0,0.0,2.0
29500000,2,40,алматы,43.214,76.887659,1962,2774.0,3.0,3.0,1.0,1.0,2.0,2.0,0.0,2.0
33000000,1,48,алматы,43.267473599298,76.955166228168,2008,692.0,9.0,10.0,3.0,1.0,2.0,2.0,0.0,2.0
29000000,2,60,алматы,43.332509169934,76.946403995776,2013,2935.0,5.0,5.0,3.0,1.0,2.0,1.0,0.0,2.0
42000000,2,77,алматы,43.241478,76.825998,2007,1601.0,4.0,9.0,3.0,2.0,2.0,1.0,0.0,2.0
47000000,3,71,алматы,43.225195,76.836949,1987,1601.0,8.0,9.0,2.0,1.0,2.0,2.0,0.0,2.0
43000000,3,69,алматы,43.354554,76.947549,1987,3240.0,1.0,5.0,1.0,1.0,2.0,1.0,0.0,2.0
55000000,3,83,алматы,43.236287174711,76.808031450032,2019,2491.0,15.0,16.0,3.0,1.0,1.0,3.0,0.0,2.0
39000000,2,62,алматы,43.222198694914,76.838828856483,1993,273.0,7.0,9.0,2.0,1.0,2.0,1.0,0.0,2.0
35500000,2,51,алматы,43.329190252207,76.939827966339,2021,1689.0,3.0,10.0,3.0,1.0,2.0,2.0,0.0,2.0
31000000,2,42,алматы,43.24964078774,76.924722408737,1964,1418.0,3.0,4.0,1.0,1.0,1.0,2.0,0.0,2.0
31000000,3,75,алматы,43.368889129714,76.939668549599,1987,1808.0,2.0,2.0,1.0,2.0,2.0,1.0,0.0,2.0
42000000,2,52,алматы,43.214704668251,76.893922984131,1985,1262.0,4.0,5.0,2.0,2.0,2.0,1.0,0.0,2.0
34000000,1,54,алматы,43.243485568875,76.875818990302,2008,640.0,2.0,18.0,3.0,2.0,2.0,2.0,0.0,2.0
40000000,2,55,алматы,43.24804424894,76.891801373016,1978,2070.0,3.0,5.0,2.0,1.0,2.0,2.0,0.0,2.0
48500000,3,72,алматы,43.233688651195,76.900028670322,1989,1601.0,5.0,5.0,1.0,1.0,1.0,1.0,0.0,2.0
34500000,2,50,алматы,43.237884883932,76.905003210974,1981,601.0,1.0,5.0,2.0,1.0,2.0,2.0,0.0,2.0
28000000,1,39,алматы,43.32304332211,76.941276578637,2024,2430.0,1.0,6.0,3.0,1.0,1.0,2.0,0.0,2.0
29500000,2,54,алматы,43.234792,76.823411,1991,150.0,5.0,5.0,2.0,2.0,1.0,1.0,0.0,2.0
25000000,2,38,алматы,43.257231314754,76.820289424924,2024,3014.0,3.0,6.0,3.0,6.0,2.0,2.0,0.0,2.0
26000000,1,45,алматы,43.220334,76.786535,2019,2148.0,4.0,10.0,3.0,1.0,1.0,2.0,0.0,2.0
30900000,2,69,алматы,43.321476386089,77.01927822292,2022,1866.0,10.0,10.0,3.0,1.0,2.0,2.0,0.0,2.0
15500000,1,28,алматы,43.294864102074,76.830434274425,2024,2610.0,4.0,5.0,3.0,1.0,3.0,2.0,0.0,2.0
42000000,2,42,алматы,43.204349559411,76.886174463123,2016,756.0,7.0,13.0,3.0,1.0,1.0,1.0,0.0,2.0
28500000,2,44,алматы,43.258322440143,76.866277456229,2024,2981.0,12.0,12.0,3.0,1.0,2.0,2.0,1.0,2.0
71000000,4,86,алматы,43.324971,76.914473,1986,1601.0,4.0,5.0,2.0,1.0,2.0,1.0,0.0,2.0
37000000,2,42,алматы,43.24320617919,76.855535171577,2023,2375.0,4.0,6.0,3.0,1.0,2.0,2.0,0.0,2.0
36500000,2,55,алматы,43.237285422135,76.882590165418,2024,2555.0,2.0,20.0,3.0,4.0,2.0,2.0,0.0,2.0
25500000,2,38,алматы,43.224659839426,76.89030305159,1962,942.0,1.0,4.0,1.0,2.0,1.0,2.0,0.0,2.0
38500000,3,67,алматы,43.25465020038,76.860727167982,1986,3100.0,2.0,5.0,1.0,1.0,2.0,2.0,0.0,2.0
35000000,1,43,алматы,43.24320617919,76.855535171577,2024,2375.0,2.0,16.0,3.0,1.0,2.0,2.0,0.0,2.0
47000000,3,57,алматы,43.239757,76.943076,1974,1500.0,1.0,5.0,2.0,1.0,2.0,2.0,0.0,2.0
26500000,2,53,алматы,43.242305,76.833239,2001,1601.0,1.0,7.0,2.0,2.0,2.0,1.0,0.0,2.0
32000000,2,62,алматы,43.221705980823,76.786440765848,2020,1124.0,6.0,10.0,2.0,2.0,2.0,2.0,0.0,2.0
32000000,2,59,алматы,43.316279002632,76.925138734354,1991,1985.0,1.0,5.0,1.0,1.0,2.0,2.0,0.0,2.0
38000000,3,55,алматы,43.247165,76.922756,1970,1601.0,2.0,4.0,2.0,1.0,2.0,1.0,0.0,2.0
35000000,2,58,алматы,43.331673,76.949552,2005,1004.0,1.0,5.0,2.0,1.0,1.0,2.0,0.0,2.0
68000000,3,102,алматы,43.206632334711,76.884845495224,2015,123.0,14.0,18.0,3.0,2.0,1.0,3.0,0.0,2.0
21000000,2,40,алматы,43.335210210706,76.942937599861,1963,73.0,3.0,3.0,1.0,2.0,2.0,2.0,0.0,2.0
69000000,3,102,алматы,43.230697810474,76.831165850807,2013,527.0,2.0,13.0,3.0,1.0,1.0,2.0,1.0,2.0
38000000,2,40,алматы,43.229458,76.948376,1963,1814.0,2.0,3.0,1.0,1.0,2.0,2.0,0.0,2.0
22000000,1,31,алматы,43.217279,76.854583,1970,1601.0,4.0,5.0,2.0,1.0,1.0,2.0,0.0,2.0
46000000,2,53,алматы,43.221384479582,76.866653616557,2015,749.0,2.0,9.0,2.0,2.0,1.0,2.0,0.0,2.0
40000000,2,54,алматы,43.249142,76.86627,2012,52.0,3.0,15.0,3.0,1.0,1.0,2.0,0.0,2.0
58500000,4,75,алматы,43.234267,76.88217,1975,1050.0,4.0,5.0,2.0,1.0,2.0,2.0,0.0,2.0
54000000,2,70,алматы,43.261312281942,76.931038948371,2016,799.0,13.0,13.0,2.0,2.0,2.0,2.0,0.0,2.0
25600000,1,30,алматы,43.199432,76.872603,1976,3.0,1.0,5.0,2.0,1.0,2.0,2.0,0.0,2.0
35500000,3,56,алматы,43.194398325517,76.905248643275,1978,3261.0,5.0,5.0,2.0,1.0,2.0,2.0,0.0,2.0
38500000,2,57,алматы,43.240733351626,76.856329975583,2017,885.0,1.0,12.0,3.0,1.0,1.0,2.0,0.0,2.0
22800000,1,40,алматы,43.258197559615,76.820061777958,2024,3014.0,5.0,6.0,3.0,5.0,2.0,2.0,0.0,2.0
26000000,1,45,алматы,43.310213,76.841314,2015,319.0,2.0,5.0,3.0,1.0,1.0,2.0,0.0,2.0
78000000,2,74,алматы,43.262805,76.960341,2015,709.0,10.0,14.0,2.0,1.0,1.0,3.0,0.0,2.0
38000000,2,64,алматы,43.236624288275,76.882269427977,2024,2555.0,15.0,20.0,3.0,5.0,2.0,3.0,0.0,2.0
55000000,3,90,алматы,43.247997101708,76.86867187876,2012,3191.0,13.0,21.0,3.0,1.0,2.0,3.0,0.0,2.0
15500000,1,25,алматы,43.197033247558,76.80818941468,1989,1024.0,2.0,5.0,1.0,1.0,2.0,2.0,0.0,2.0
43000000,2,70,алматы,43.329190252207,76.939827966339,2021,1689.0,10.0,10.0,3.0,1.0,1.0,2.0,0.0,2.0
24500000,2,46,алматы,43.368935,76.987336,1969,1601.0,2.0,4.0,2.0,1.0,2.0,2.0,0.0,2.0
75000000,3,90,алматы,43.31079,76.97343,2017,248.0,4.0,9.0,3.0,1.0,1.0,1.0,0.0,2.0
52990000,2,54,алматы,43.234812,76.953748,1989,901.0,5.0,12.0,3.0,2.0,2.0,1.0,0.0,2.0
27500000,2,42,алматы,43.205379,76.837092,1985,1601.0,1.0,5.0,2.0,2.0,2.0,2.0,0.0,2.0
78000000,3,78,алматы,43.233597364995,76.921806335449,2019,1075.0,7.0,10.0,3.0,1.0,1.0,2.0,0.0,2.0
39000000,1,39,алматы,43.217588011385,76.878253893997,2025,3426.0,4.0,9.0,3.0,1.0,3.0,2.0,0.0,2.0
29500000,1,40,алматы,43.236290250119,76.808006185748,2022,1171.0,14.0,16.0,3.0,1.0,1.0,2.0,0.0,2.0
35500000,2,55,алматы,43.211274,76.871588,1985,1433.0,3.0,5.0,2.0,2.0,2.0,1.0,0.0,2.0
26000000,2,48,алматы,43.292679384553,77.013974189649,2024,3136.0,5.0,6.0,3.0,1.0,2.0,2.0,0.0,2.0
44000000,3,70,алматы,43.23204,76.839931,1988,524.0,5.0,9.0,3.0,1.0,3.0,1.0,0.0,2.0
34000000,2,52,алматы,43.262707,76.902094,2019,1821.0,2.0,16.0,3.0,4.0,3.0,2.0,0.0,2.0
32000000,2,75,алматы,43.243721285761,76.853583812845,2013,452.0,2.0,12.0,3.0,2.0,2.0,1.0,0.0,2.0
62000000,2,69,алматы,43.235735703391,76.892684517335,2016,876.0,13.0,16.0,3.0,1.0,1.0,2.0,0.0,2.0
13000000,1,28,алматы,43.302279583064,76.995248794501,2025,2513.0,3.0,7.0,3.0,6.0,2.0,2.0,0.0,2.0
47500000,2,48,алматы,43.199998640021,76.890745616691,2014,72.0,7.0,25.0,3.0,2.0,2.0,2.0,0.0,2.0
40000000,3,70,алматы,43.236086,76.831622,1982,3426.0,3.0,9.0,2.0,4.0,3.0,2.0,0.0,2.0
36500000,2,60,алматы,43.328322,76.939213,2021,1601.0,6.0,10.0,3.0,1.0,1.0,2.0,0.0,2.0
34000000,1,35,алматы,43.264110166359,76.952327767321,1987,305.0,2.0,5.0,1.0,1.0,1.0,2.0,1.0,2.0
34300000,3,77,алматы,43.362368,76.991926,2007,3007.0,4.0,5.0,1.0,2.0,2.0,1.0,0.0,2.0
47000000,3,60,алматы,43.240457059753,76.943658039356,1974,1601.0,1.0,5.0,2.0,1.0,1.0,1.0,0.0,2.0
39000000,2,53,алматы,43.255012,76.904978,1999,1745.0,5.0,9.0,1.0,1.0,1.0,2.0,0.0,2.0
43000000,2,60,алматы,43.208461,76.882367,1991,1152.0,3.0,5.0,2.0,2.0,1.0,1.0,0.0,2.0
22000000,1,33,алматы,43.228664,76.853082,1963,1601.0,1.0,4.0,2.0,1.0,2.0,2.0,0.0,2.0
64500000,2,62,алматы,43.20878941504,76.893157857349,2024,2199.0,8.0,6.0,3.0,1.0,2.0,2.0,0.0,2.0
32000000,1,50,алматы,43.220997,76.840991,2005,788.0,7.0,9.0,3.0,1.0,2.0,2.0,0.0,2.0
27000000,2,60,алматы,43.24739267165,76.806197081648,2024,2691.0,5.0,12.0,3.0,1.0,2.0,2.0,0.0,2.0
33000000,1,35,алматы,43.251289,76.910179,1987,2904.0,5.0,5.0,1.0,1.0,2.0,2.0,0.0,2.0
81000000,4,85,алматы,43.22982,76.954053,1991,1391.0,5.0,5.0,1.0,1.0,2.0,1.0,0.0,2.0
25500000,1,36,алматы,43.209106469076,76.863456449074,1978,123.0,4.0,5.0,1.0,2.0,2.0,2.0,0.0,2.0
38500000,3,70,алматы,43.258197559615,76.820061777958,2024,3014.0,1.0,6.0,3.0,1.0,3.0,1.0,0.0,2.0
45000000,3,118,алматы,43.224289,76.793677,2012,92.0,4.0,14.0,3.0,1.0,1.0,3.0,0.0,2.0
45500000,3,85,алматы,43.241347,76.812182,2012,2318.0,4.0,16.0,3.0,1.0,1.0,3.0,0.0,2.0
30000000,2,48,алматы,43.266541397121,76.855484181376,2022,2204.0,1.0,6.0,3.0,1.0,2.0,2.0,0.0,2.0
57000000,3,73,алматы,43.18758327658,76.806907580026,2022,2903.0,2.0,5.0,3.0,1.0,2.0,2.0,0.0,2.0
24500000,1,37,алматы,43.231744,76.82784,2020,1055.0,3.0,3.0,2.0,1.0,1.0,2.0,0.0,2.0
53000000,2,90,алматы,43.203559220629,76.866341944332,2007,62.0,11.0,16.0,3.0,1.0,1.0,2.0,0.0,2.0
51000000,2,53,алматы,43.219995827924,76.888121448469,2023,1959.0,8.0,16.0,3.0,1.0,2.0,2.0,0.0,2.0
45000000,3,70,алматы,43.200628,76.895294,1989,1384.0,5.0,5.0,1.0,1.0,2.0,1.0,0.0,2.0
60000000,3,88,алматы,43.265179638936,76.918001685368,2021,1522.0,1.0,13.0,3.0,1.0,2.0,1.0,0.0,2.0
27000000,1,35,алматы,43.255078,76.872342,1981,2166.0,1.0,5.0,2.0,1.0,1.0,2.0,0.0,2.0
32000000,1,42,алматы,43.223842,76.844423,1993,1756.0,8.0,9.0,2.0,2.0,2.0,2.0,0.0,2.0
24300000,2,45,алматы,43.311327894372,76.896112708601,2014,818.0,3.0,6.0,3.0,2.0,1.0,2.0,0.0,2.0
45000000,2,54,алматы,43.288533792872,77.004803133757,2022,2561.0,6.0,9.0,3.0,1.0,1.0,2.0,0.0,2.0
18000000,2,60,алматы,43.28089090076,76.846996460162,2007,1146.0,1.0,2.0,3.0,2.0,2.0,2.0,0.0,2.0
23900000,2,47,алматы,43.223454,76.787577,2020,1564.0,9.0,10.0,3.0,1.0,1.0,2.0,0.0,2.0
67000000,4,77,алматы,43.228953,76.953541,1990,984.0,4.0,9.0,3.0,2.0,2.0,1.0,0.0,2.0
16500000,1,30,алматы,43.239711,76.884955,1979,2523.0,2.0,5.0,2.0,4.0,2.0,2.0,0.0,1.0
26000000,3,46,алматы,43.25849389872,76.869065612005,1961,1818.0,2.0,2.0,1.0,2.0,2.0,2.0,0.0,2.0
26000000,1,31,алматы,43.254027,76.917977,1973,1102.0,4.0,5.0,2.0,2.0,1.0,2.0,0.0,2.0
42000000,2,44,алматы,43.24989,76.893785,1980,198.0,4.0,5.0,2.0,1.0,1.0,2.0,0.0,2.0
33500000,2,61,алматы,43.241524239644,76.876832564958,2012,957.0,4.0,6.0,2.0,1.0,2.0,2.0,0.0,2.0
33000000,2,54,алматы,43.31466,76.910341,1985,1605.0,4.0,5.0,2.0,2.0,2.0,1.0,0.0,2.0
28000000,2,42,алматы,43.229485,76.925307,1970,2617.0,1.0,4.0,2.0,2.0,2.0,2.0,0.0,2.0
66000000,2,64,алматы,43.247172,76.93411,1984,2377.0,2.0,7.0,1.0,2.0,1.0,1.0,0.0,2.0
36500000,2,53,алматы,43.256233,76.876942,1994,1154.0,5.0,5.0,2.0,1.0,2.0,2.0,0.0,2.0
35000000,2,45,алматы,43.199432,76.872603,1976,1117.0,1.0,5.0,2.0,1.0,1.0,2.0,0.0,2.0
53500000,3,70,алматы,43.234024,76.878011,1980,860.0,4.0,8.0,2.0,1.0,2.0,2.0,0.0,2.0
24500000,1,44,алматы,43.316929212391,76.895858939729,2024,2007.0,7.0,9.0,3.0,1.0,2.0,2.0,0.0,2.0
68000000,2,55,алматы,43.207548,76.897432,2020,1601.0,6.0,14.0,3.0,1.0,1.0,2.0,0.0,2.0
31500000,2,45,алматы,43.261746749411,76.918437084656,1973,2905.0,4.0,5.0,2.0,1.0,2.0,1.0,0.0,2.0
50000000,2,82,алматы,43.241787129461,76.876111560164,2012,463.0,12.0,19.0,3.0,1.0,1.0,2.0,0.0,2.0
26000000,2,44,алматы,43.219493,76.869854,1967,2115.0,2.0,4.0,2.0,2.0,2.0,2.0,0.0,2.0
62000000,2,73,алматы,43.252363875254,76.897316131166,2020,1323.0,7.0,12.0,3.0,1.0,1.0,2.0,0.0,2.0
60000000,2,91,алматы,43.236269006075,76.892810405426,2017,876.0,19.0,21.0,3.0,1.0,1.0,3.0,0.0,2.0
47000000,3,82,алматы,43.279905,76.82245,2017,3075.0,9.0,9.0,3.0,1.0,1.0,2.0,0.0,2.0
28500000,2,43,алматы,43.228538977965,76.849945986574,1963,2764.0,1.0,4.0,2.0,2.0,1.0,2.0,0.0,2.0
49000000,2,60,алматы,43.206135,76.901744,1982,1772.0,8.0,9.0,2.0,1.0,1.0,2.0,0.0,2.0
33500000,2,52,алматы,43.241340485664,76.810090851075,2020,11.0,2.0,9.0,3.0,1.0,2.0,2.0,0.0,2.0
46323900,2,75,алматы,43.26082047413,76.900610483212,2021,1992.0,4.0,6.0,3.0,6.0,2.0,2.0,0.0,2.0
33000000,3,92,алматы,43.272466903006,76.829214516536,2022,2115.0,1.0,7.0,3.0,1.0,2.0,2.0,1.0,2.0
46000000,2,55,алматы,43.227626686514,76.894693127647,1970,1473.0,3.0,5.0,1.0,2.0,1.0,1.0,0.0,2.0
33000000,2,44,алматы,43.258965560771,76.866755203963,2024,2981.0,1.0,12.0,3.0,1.0,1.0,1.0,0.0,2.0
64200000,3,130,алматы,43.243485568875,76.875818990302,2011,640.0,14.0,20.0,3.0,1.0,2.0,2.0,0.0,2.0
31000000,2,58,алматы,43.268440244321,76.820386782277,2020,1117.0,8.0,12.0,3.0,2.0,1.0,1.0,0.0,2.0
81500000,3,92,алматы,43.20944,76.91106,2021,1463.0,9.0,12.0,3.0,1.0,1.0,3.0,0.0,2.0
37000000,2,58,алматы,43.266703546156,76.819914404307,2020,1117.0,11.0,12.0,3.0,1.0,2.0,2.0,0.0,2.0
43000000,2,47,алматы,43.232080802504,76.871021076012,2021,1916.0,2.0,6.0,3.0,1.0,1.0,2.0,1.0,2.0
67000000,3,90,алматы,43.168576,76.873816,2012,880.0,9.0,10.0,3.0,1.0,2.0,3.0,0.0,2.0
43000000,2,58,алматы,43.325062,76.916018,1986,2054.0,4.0,5.0,2.0,2.0,2.0,1.0,0.0,2.0
27500000,1,32,алматы,43.204479,76.9047,1986,1599.0,3.0,5.0,1.0,2.0,2.0,2.0,0.0,2.0
30500000,1,40,алматы,43.288447548674,76.949766920982,2000,2236.0,7.0,13.0,3.0,1.0,1.0,2.0,0.0,2.0
9500000,1,14,алматы,43.209697,76.886922,1973,1139.0,3.0,4.0,2.0,2.0,1.0,2.0,0.0,1.0
29900000,1,34,алматы,43.246846996551,76.869769298853,2023,1833.0,10.0,10.0,3.0,1.0,1.0,2.0,0.0,2.0
13000000,1,17,алматы,43.287681908856,77.003263896902,2020,172.0,9.0,10.0,3.0,2.0,1.0,2.0,0.0,2.0
33500000,3,60,алматы,43.322724005956,76.919385862426,1985,2588.0,4.0,5.0,2.0,2.0,2.0,1.0,0.0,2.0
28000000,1,36,алматы,43.260882330269,76.821291248309,2019,636.0,7.0,12.0,3.0,1.0,1.0,2.0,0.0,2.0
47300000,2,53,алматы,43.253643999992,76.920653100524,1987,2789.0,4.0,6.0,2.0,1.0,2.0,2.0,0.0,2.0
16000000,1,33,алматы,43.360067,76.992474,2006,225.0,5.0,5.0,1.0,2.0,2.0,2.0,1.0,2.0
39999999,2,55,алматы,43.195573056205,76.893640629497,2012,7.0,16.0,16.0,3.0,2.0,3.0,2.0,0.0,2.0
70000000,2,83,алматы,43.192156528101,76.80903172672,2022,1109.0,3.0,4.0,3.0,1.0,1.0,3.0,0.0,2.0
42000000,3,80,алматы,43.231264266035,76.797298192978,2023,2599.0,9.0,12.0,3.0,1.0,1.0,3.0,0.0,2.0
48000000,3,86,алматы,43.308832628887,77.008266448538,2024,1182.0,4.0,6.0,3.0,1.0,1.0,2.0,0.0,2.0
28000000,2,60,алматы,43.221705980823,76.786440765848,2019,1124.0,4.0,10.0,3.0,1.0,2.0,2.0,0.0,2.0
23500000,1,39,алматы,43.280837,76.820249,2014,1451.0,6.0,9.0,3.0,1.0,1.0,2.0,0.0,2.0
80000000,3,121,алматы,43.212477320362,76.845363322491,2013,512.0,4.0,16.0,3.0,1.0,2.0,1.0,0.0,2.0
41000000,2,62,алматы,43.216467423744,76.850397598317,2010,636.0,3.0,4.0,1.0,1.0,1.0,2.0,0.0,2.0
18000000,1,40,алматы,43.227157724937,76.769680603866,2024,1553.0,4.0,10.0,3.0,1.0,2.0,2.0,0.0,2.0
30000000,2,51,алматы,43.236138906062,76.820609423278,1991,2192.0,1.0,5.0,2.0,1.0,1.0,2.0,0.0,2.0
23500000,1,32,алматы,43.243717738525,76.908024434988,1963,1299.0,4.0,4.0,2.0,4.0,2.0,2.0,0.0,2.0
21500000,1,45,алматы,43.280551391126,76.820174801258,2014,1401.0,7.0,9.0,3.0,1.0,2.0,2.0,0.0,2.0
15500000,1,34,алматы,43.40213,77.035057,2024,2506.0,1.0,3.0,3.0,6.0,2.0,2.0,0.0,2.0
37000000,2,71,алматы,43.223841127129,76.792911683095,2016,92.0,12.0,16.0,3.0,1.0,1.0,2.0,0.0,2.0
27000000,1,39,алматы,43.185560601673,76.864100542816,2018,1085.0,3.0,3.0,3.0,1.0,1.0,2.0,0.0,2.0
35000000,1,31,алматы,43.246097789042,76.855022496731,2023,2931.0,5.0,6.0,2.0,1.0,1.0,2.0,0.0,2.0
30500000,2,68,алматы,43.35752765053,76.994676389969,2007,2904.0,4.0,5.0,3.0,2.0,1.0,1.0,1.0,2.0
19000000,1,35,алматы,43.330971,76.949741,2007,1384.0,6.0,6.0,3.0,2.0,2.0,2.0,0.0,2.0
36500000,2,41,алматы,43.267762,76.941926,1970,1601.0,2.0,4.0,2.0,2.0,1.0,2.0,0.0,2.0
48000000,3,73,алматы,43.221255768571,76.84622423677,2014,2730.0,4.0,10.0,3.0,1.0,2.0,1.0,0.0,2.0
84500000,3,73,алматы,43.243866291584,76.922871394183,2021,1324.0,10.0,13.0,3.0,1.0,1.0,3.0,0.0,2.0
28200000,1,40,алматы,43.228381,76.835574,1989,2199.0,7.0,9.0,2.0,2.0,2.0,2.0,0.0,2.0
28500000,2,43,алматы,43.225596,76.850001,1962,2124.0,1.0,4.0,2.0,1.0,2.0,2.0,0.0,2.0
58000000,2,67,алматы,43.269243844908,76.946638226509,2017,1794.0,3.0,16.0,3.0,1.0,1.0,1.0,0.0,2.0
30500000,1,40,алматы,43.22057,76.844719,2007,210.0,5.0,10.0,3.0,1.0,1.0,2.0,0.0,2.0
24500000,2,45,алматы,43.344852,76.9858,1973,2054.0,4.0,6.0,2.0,1.0,2.0,2.0,0.0,2.0
59000000,1,46,алматы,43.264234884498,76.932127475738,2024,2758.0,4.0,9.0,3.0,1.0,1.0,2.0,0.0,2.0
25000000,1,44,алматы,43.222968,76.785367,2021,3470.0,3.0,10.0,3.0,1.0,2.0,2.0,0.0,2.0
28000000,1,33,алматы,43.229248,76.910512,1960,1365.0,3.0,3.0,1.0,4.0,2.0,1.0,0.0,2.0
75000000,2,73,алматы,43.212400144585,76.980832743642,2016,5.0,2.0,9.0,3.0,1.0,1.0,2.0,0.0,2.0
39500000,2,57,алматы,43.216478549901,76.890257212303,2016,1124.0,1.0,12.0,3.0,2.0,1.0,1.0,0.0,2.0
47000000,2,50,алматы,43.263748760191,76.932084560394,2024,2758.0,1.0,9.0,3.0,6.0,2.0,2.0,0.0,2.0
42000000,3,60,алматы,43.213069226484,76.872784668647,1986,1206.0,4.0,5.0,2.0,2.0,2.0,1.0,0.0,2.0
33300000,2,70,алматы,43.303534,76.92307,2005,1494.0,2.0,9.0,2.0,2.0,1.0,1.0,0.0,2.0
30500000,2,50,алматы,43.286533,77.00382,2020,396.0,5.0,10.0,3.0,1.0,1.0,2.0,0.0,2.0
27500000,1,46,алматы,43.207042,76.801106,2019,2065.0,9.0,10.0,3.0,1.0,2.0,2.0,0.0,2.0
26500000,2,55,алматы,43.221705980823,76.786440765848,2019,1124.0,5.0,5.0,3.0,1.0,1.0,2.0,0.0,2.0
24000000,1,45,алматы,43.227813889451,76.780629286805,2022,3471.0,5.0,6.0,3.0,1.0,1.0,2.0,0.0,2.0
39000000,2,62,алматы,43.222853841773,76.83867328836,1993,1118.0,7.0,9.0,2.0,1.0,2.0,1.0,0.0,2.0
33000000,3,76,алматы,43.339817,76.947531,1979,1601.0,5.0,6.0,2.0,1.0,2.0,3.0,0.0,2.0
39500000,3,59,алматы,43.2355545575,76.899893625892,1971,2224.0,3.0,4.0,2.0,2.0,2.0,1.0,0.0,2.0
82000000,3,75,алматы,43.206348727507,76.928683915107,2019,896.0,2.0,6.0,3.0,1.0,1.0,2.0,0.0,2.0
45000000,3,71,алматы,43.353499,76.842303,2024,2147.0,9.0,12.0,3.0,4.0,2.0,3.0,0.0,2.0
38500000,1,41,алматы,43.233894267748,76.875101566839,2019,1206.0,4.0,6.0,3.0,2.0,2.0,2.0,0.0,2.0
31500000,2,44,алматы,43.236316,76.837452,1983,1773.0,5.0,5.0,2.0,1.0,2.0,2.0,0.0,2.0
26000000,1,42,алматы,43.261383533267,76.817427019526,2017,1601.0,1.0,14.0,3.0,2.0,1.0,2.0,0.0,2.0
42000000,2,40,алматы,43.204349559411,76.886174463123,2016,756.0,7.0,13.0,3.0,1.0,1.0,2.0,0.0,2.0
27500000,2,50,алматы,43.261315,76.816584,2017,1601.0,2.0,14.0,3.0,1.0,2.0,2.0,0.0,2.0
23500000,1,31,алматы,43.196898628247,76.879638678573,1975,1601.0,2.0,5.0,2.0,2.0,2.0,2.0,0.0,2.0
13500000,1,22,алматы,43.201797491919,76.869302097822,1975,2799.0,4.0,5.0,2.0,2.0,2.0,2.0,0.0,1.0
25500000,1,40,алматы,43.228129627344,76.913899424811,1962,2511.0,1.0,4.0,1.0,2.0,2.0,2.0,0.0,2.0
26500000,2,44,алматы,43.219087215695,76.86474800868,1969,1601.0,4.0,4.0,2.0,1.0,2.0,2.0,0.0,2.0
59000000,2,61,алматы,43.239724926268,76.932389711169,2006,70.0,1.0,14.0,3.0,1.0,1.0,2.0,0.0,2.0
70000000,3,74,алматы,43.262554353583,76.918500452423,2019,1542.0,4.0,13.0,3.0,1.0,2.0,2.0,1.0,2.0
44500000,2,40,алматы,43.26665041551,76.929558019731,2024,3171.0,12.0,12.0,3.0,1.0,2.0,2.0,0.0,2.0
24000000,1,41,алматы,43.26067787684,76.814966553984,2015,921.0,5.0,8.0,3.0,1.0,2.0,2.0,0.0,2.0
37000000,2,44,алматы,43.261833,76.91848,1973,2234.0,3.0,5.0,2.0,1.0,1.0,2.0,0.0,2.0
29000000,3,70,алматы,43.269016252729,76.860847861629,1986,2987.0,3.0,3.0,1.0,4.0,3.0,1.0,0.0,2.0
28000000,2,53,алматы,43.31516867304,76.91219236309,1998,777.0,5.0,5.0,2.0,2.0,2.0,1.0,0.0,2.0
44000000,2,48,алматы,43.267102151835,76.929931640407,2024,2491.0,9.0,12.0,3.0,1.0,2.0,2.0,0.0,2.0
55000000,3,64,алматы,43.261833,76.91848,1973,1144.0,1.0,5.0,2.0,1.0,1.0,2.0,0.0,2.0
28500000,3,74,алматы,43.365731834418,76.928858756801,2024,2734.0,5.0,9.0,3.0,6.0,2.0,2.0,0.0,2.0
52000000,3,70,алматы,43.212752,76.899974,1995,1601.0,3.0,9.0,1.0,1.0,2.0,2.0,0.0,2.0
9500000,1,13,алматы,43.254585,76.913701,1978,1605.0,2.0,5.0,2.0,1.0,1.0,2.0,0.0,1.0
35000000,1,42,алматы,43.228486,76.890398,1995,1601.0,8.0,9.0,2.0,2.0,1.0,2.0,0.0,2.0
34500000,2,43,алматы,43.215249,76.899184,1979,1141.0,4.0,5.0,2.0,2.0,1.0,2.0,0.0,2.0
29000000,1,33,алматы,43.23623,76.901942,1976,3465.0,2.0,5.0,2.0,2.0,1.0,2.0,0.0,2.0
26500000,2,50,алматы,43.228354275384,76.780586845026,2020,1124.0,6.0,6.0,3.0,1.0,1.0,2.0,0.0,2.0
34000000,1,30,алматы,43.214272941997,76.889320759506,2024,1935.0,4.0,11.0,3.0,1.0,1.0,1.0,0.0,2.0
54500000,3,68,алматы,43.245262059313,76.915161126319,1989,3424.0,2.0,9.0,1.0,2.0,2.0,1.0,0.0,2.0
74000000,3,76,алматы,43.213054358534,76.979419195862,2018,1601.0,1.0,5.0,2.0,1.0,1.0,3.0,0.0,2.0
69000000,3,124,алматы,43.248245181052,76.867263167878,2010,52.0,12.0,15.0,3.0,2.0,2.0,3.0,0.0,2.0
42000000,3,63,алматы,43.238148,76.90116,1973,319.0,5.0,5.0,2.0,1.0,1.0,2.0,0.0,2.0
60000000,2,91,алматы,43.236269006075,76.892810405426,2017,876.0,19.0,21.0,3.0,1.0,1.0,3.0,0.0,2.0
30000000,1,31,алматы,43.235206,76.878711,1979,1601.0,2.0,5.0,2.0,1.0,1.0,2.0,0.0,2.0
32300000,2,70,алматы,43.254661925208,76.819749230453,2018,1083.0,1.0,9.0,3.0,2.0,2.0,1.0,0.0,2.0
37000000,3,58,алматы,43.218961,76.89401,1962,1292.0,1.0,4.0,2.0,1.0,1.0,2.0,0.0,2.0
17500000,1,33,алматы,43.268511850368,76.861587611334,1981,314.0,3.0,6.0,1.0,1.0,1.0,2.0,0.0,2.0
42500000,1,45,алматы,43.232289197584,76.892286075852,2025,2971.0,6.0,9.0,3.0,1.0,2.0,2.0,0.0,2.0
27000000,2,48,алматы,43.24771183422,76.854029477247,2023,3433.0,5.0,10.0,3.0,1.0,2.0,2.0,0.0,2.0
22500000,1,40,алматы,43.279864055367,76.822852331352,2015,2822.0,8.0,9.0,3.0,1.0,2.0,2.0,0.0,2.0
74000000,4,110,алматы,43.235015,76.890893,1986,636.0,5.0,9.0,2.0,1.0,1.0,3.0,0.0,2.0
26000000,1,31,алматы,43.222791,76.874283,1967,1674.0,1.0,4.0,2.0,2.0,2.0,2.0,0.0,2.0
39500000,3,61,алматы,43.250098764184,76.891149078712,1978,1601.0,1.0,5.0,2.0,1.0,2.0,2.0,0.0,2.0
36000000,2,44,алматы,43.195955,76.879601,1978,1634.0,2.0,5.0,2.0,1.0,1.0,2.0,0.0,2.0
23000000,1,36,алматы,43.244808,76.823294,2018,1165.0,7.0,12.0,3.0,1.0,2.0,2.0,0.0,2.0
69500000,3,75,алматы,43.252565909924,76.896048856825,2021,1323.0,12.0,12.0,3.0,1.0,2.0,3.0,0.0,2.0
25000000,1,45,алматы,43.224519636637,76.783778779098,2019,2288.0,4.0,10.0,3.0,2.0,2.0,2.0,0.0,2.0
27000000,2,46,алматы,43.209388,76.867464,1972,1846.0,4.0,4.0,1.0,2.0,2.0,2.0,0.0,2.0
58000000,2,82,алматы,43.202407565482,76.873767691723,2011,113.0,14.0,16.0,3.0,2.0,2.0,1.0,0.0,2.0
36000000,2,58,алматы,43.210145429049,76.787599508126,2024,3225.0,1.0,9.0,3.0,1.0,2.0,2.0,0.0,2.0
78000000,3,85,алматы,43.264446,76.943327,1973,1391.0,2.0,5.0,1.0,1.0,1.0,1.0,0.0,2.0
23500000,1,38,алматы,43.360939,76.993399,1996,2059.0,3.0,5.0,2.0,2.0,3.0,2.0,0.0,2.0
22500000,1,39,алматы,43.355767,76.92572,2009,1601.0,1.0,6.0,3.0,1.0,1.0,2.0,0.0,2.0
23000000,1,33,алматы,43.220038,76.870842,1966,921.0,4.0,4.0,2.0,1.0,2.0,2.0,0.0,2.0
54000000,3,104,алматы,43.216092824014,76.881401392973,2023,1770.0,14.0,16.0,3.0,6.0,2.0,2.0,0.0,2.0
34900000,3,63,алматы,43.254857749289,76.873637490738,1981,512.0,1.0,5.0,2.0,2.0,2.0,2.0,0.0,2.0
78000000,2,70,алматы,43.239963573136,76.883679834928,2022,1812.0,14.0,16.0,3.0,1.0,1.0,2.0,0.0,2.0
37000000,2,50,алматы,43.30749318893,77.002786963353,2024,2874.0,1.0,5.0,3.0,6.0,3.0,2.0,1.0,2.0
24000000,1,46,алматы,43.258197559615,76.820061777958,2025,3014.0,1.0,6.0,3.0,1.0,2.0,2.0,0.0,2.0
25500000,1,42,алматы,43.241340485664,76.810090851075,2020,11.0,3.0,9.0,3.0,2.0,2.0,2.0,0.0,2.0
44500000,2,47,алматы,43.236697447736,76.897770222931,2017,20.0,5.0,17.0,3.0,4.0,2.0,2.0,0.0,2.0
39000000,3,62,алматы,43.228605,76.90399,1972,2730.0,1.0,4.0,2.0,1.0,2.0,2.0,0.0,2.0
85000000,3,104,алматы,43.251604611868,76.966916197446,2016,797.0,4.0,10.0,3.0,1.0,2.0,2.0,0.0,2.0
21990000,1,47,алматы,43.174965770922,76.800341850535,2024,1974.0,3.0,4.0,3.0,1.0,2.0,2.0,0.0,2.0
53500000,2,70,алматы,43.266035,76.958221,2008,1124.0,3.0,6.0,1.0,2.0,2.0,2.0,0.0,2.0
40000000,2,55,алматы,43.234838,76.888961,1986,779.0,8.0,9.0,2.0,1.0,1.0,2.0,0.0,2.0
39500000,3,60,алматы,43.253904895105,76.921231638236,1973,1601.0,4.0,4.0,2.0,1.0,1.0,1.0,0.0,2.0
23000000,1,45,алматы,43.226585836858,76.782099163631,2019,1124.0,1.0,6.0,3.0,2.0,2.0,2.0,0.0,2.0
37000000,2,48,алматы,43.246985490637,76.854424889417,2022,2129.0,1.0,10.0,3.0,1.0,2.0,2.0,0.0,2.0
48000000,2,46,алматы,43.230028241857,76.876761868133,2020,1401.0,6.0,16.0,3.0,1.0,1.0,2.0,0.0,2.0
49000000,2,50,алматы,43.2249,76.958122,1972,1674.0,3.0,4.0,1.0,1.0,2.0,1.0,0.0,2.0
16500000,1,32,алматы,43.211698677322,76.78373445884,2025,3172.0,6.0,9.0,3.0,1.0,2.0,2.0,0.0,2.0
40000000,2,51,алматы,43.236244,76.901223,1974,3439.0,2.0,4.0,1.0,2.0,1.0,1.0,0.0,2.0
31500000,2,55,алматы,43.259846712066,76.815824860868,2017,921.0,9.0,9.0,3.0,2.0,1.0,2.0,0.0,2.0
38000000,2,52,алматы,43.221457,76.858418,1991,3281.0,1.0,5.0,1.0,1.0,3.0,2.0,0.0,2.0
67000000,4,100,алматы,43.220200767562,76.838973575392,1993,2308.0,5.0,9.0,2.0,1.0,1.0,1.0,0.0,2.0
57000000,4,120,алматы,43.267322,76.954457,1984,343.0,3.0,5.0,1.0,1.0,2.0,2.0,0.0,2.0
40500000,2,55,алматы,43.240197,76.895043,1987,1384.0,3.0,8.0,1.0,4.0,1.0,1.0,0.0,2.0
14500000,1,18,алматы,43.237178971042,76.85954866741,1975,2322.0,1.0,5.0,2.0,1.0,2.0,2.0,0.0,1.0
42000000,3,71,алматы,43.271109,76.938979,1972,2067.0,3.0,4.0,2.0,2.0,2.0,1.0,0.0,2.0
14500000,1,20,алматы,43.230917,76.84639,1969,1749.0,4.0,2.0,1.0,1.0,2.0,2.0,0.0,1.0
52000000,3,62,алматы,43.258322440143,76.866277456229,2024,2981.0,8.0,12.0,3.0,1.0,1.0,2.0,0.0,2.0
32000000,2,40,алматы,43.239337,76.942312,1965,1601.0,4.0,4.0,1.0,1.0,2.0,2.0,0.0,2.0
27000000,1,47,алматы,43.251580571895,76.862082703584,2025,3177.0,7.0,13.0,3.0,6.0,2.0,2.0,0.0,2.0
25500000,2,46,алматы,43.217785,76.857637,1965,1688.0,4.0,4.0,2.0,4.0,1.0,2.0,0.0,2.0
59000000,2,80,алматы,43.203548203113,76.871915846252,2016,755.0,7.0,12.0,3.0,1.0,2.0,2.0,0.0,2.0
65000000,3,108,алматы,43.180064158271,76.86824116834,2010,19.0,7.0,9.0,3.0,2.0,2.0,2.0,0.0,2.0
20900000,1,39,алматы,43.35689108081,76.923859271486,2008,1601.0,3.0,6.0,3.0,1.0,2.0,2.0,0.0,2.0
25500000,2,52,алматы,43.220685968949,76.787127411356,2020,1124.0,9.0,10.0,3.0,2.0,2.0,2.0,0.0,2.0
37000000,2,108,алматы,43.219831718944,76.795673865387,2012,92.0,13.0,16.0,3.0,1.0,1.0,2.0,0.0,2.0
42000000,3,60,алматы,43.202455,76.882871,1973,1137.0,4.0,5.0,2.0,1.0,2.0,2.0,0.0,2.0
37200000,3,60,алматы,43.224065,76.890003,1975,1935.0,3.0,4.0,2.0,1.0,2.0,2.0,0.0,2.0
36500000,1,36,алматы,43.237025076236,76.88783611447,2018,997.0,4.0,9.0,3.0,1.0,2.0,2.0,0.0,2.0
38000000,1,50,алматы,43.260884293516,76.947101643367,2020,1912.0,5.0,12.0,3.0,2.0,1.0,2.0,0.0,2.0
28499999,1,40,алматы,43.196258,76.89286,1989,349.0,8.0,9.0,2.0,2.0,2.0,2.0,0.0,2.0
81000000,3,125,алматы,43.21359320784,76.855610387619,2008,210.0,11.0,16.0,3.0,2.0,1.0,3.0,0.0,2.0
17800000,1,30,алматы,43.329653,76.940515,2020,1125.0,3.0,9.0,2.0,1.0,2.0,2.0,0.0,2.0
24500000,2,35,алматы,43.203119,76.869917,1982,1493.0,5.0,5.0,2.0,2.0,2.0,2.0,0.0,2.0
60000000,3,100,алматы,43.242152867427,76.831952949313,2018,995.0,5.0,10.0,3.0,1.0,1.0,1.0,0.0,2.0
46000000,1,38,алматы,43.233894267748,76.875101566839,2023,1206.0,2.0,12.0,3.0,1.0,1.0,2.0,0.0,2.0
38000000,2,52,алматы,43.2497,76.905867,1986,2266.0,2.0,5.0,2.0,2.0,2.0,2.0,0.0,2.0
40000000,2,60,алматы,43.217416173264,76.856615663594,2019,297.0,1.0,10.0,3.0,1.0,2.0,3.0,1.0,2.0
31500000,2,45,алматы,43.239304,76.836967,1982,2431.0,5.0,5.0,2.0,1.0,1.0,1.0,0.0,2.0
55000000,2,70,алматы,43.261704333324,76.930867286994,2017,799.0,6.0,12.0,3.0,1.0,2.0,2.0,0.0,2.0
66000000,3,90,алматы,43.247249401753,76.868502053996,2012,3191.0,15.0,21.0,3.0,1.0,2.0,3.0,0.0,2.0
34300000,3,56,алматы,43.199404529653,76.871991456344,1976,1401.0,5.0,5.0,1.0,1.0,2.0,2.0,0.0,2.0
22000000,1,31,алматы,43.322144,76.910521,1989,3259.0,5.0,5.0,2.0,2.0,2.0,2.0,0.0,2.0
29000000,2,43,алматы,43.198516790038,76.88364777109,1978,751.0,5.0,5.0,2.0,1.0,2.0,2.0,0.0,2.0
45990000,2,67,алматы,43.169510489463,76.871262788773,2013,120.0,4.0,10.0,3.0,2.0,2.0,2.0,0.0,2.0
23000000,1,27,алматы,43.207633425926,76.787427811855,2022,2403.0,9.0,10.0,3.0,1.0,1.0,2.0,0.0,2.0
30000000,2,47,алматы,43.345245,76.987659,1988,1601.0,4.0,9.0,3.0,1.0,2.0,1.0,0.0,2.0
60000000,3,82,алматы,43.268056800855,76.956203101851,2019,971.0,8.0,10.0,3.0,1.0,2.0,2.0,0.0,2.0
33500000,2,65,алматы,43.32459,76.985207,2017,1395.0,3.0,5.0,3.0,2.0,1.0,1.0,0.0,2.0
25000000,1,42,алматы,43.221705980823,76.786440765848,2020,1124.0,3.0,6.0,3.0,1.0,1.0,2.0,0.0,2.0
33000000,2,48,алматы,43.237285422135,76.882590165418,2024,2555.0,10.0,20.0,3.0,6.0,2.0,2.0,0.0,2.0
26000000,1,32,алматы,43.219874,76.874148,1974,3131.0,5.0,5.0,2.0,2.0,2.0,2.0,0.0,2.0
32000000,2,49,алматы,43.228473,76.841144,1987,123.0,1.0,5.0,2.0,1.0,2.0,2.0,0.0,2.0
20000000,1,19,алматы,43.236519,76.864734,1981,2161.0,2.0,5.0,1.0,1.0,1.0,1.0,0.0,1.0
41500000,2,63,алматы,43.28810631668,76.986977248573,2019,934.0,2.0,9.0,3.0,1.0,2.0,2.0,0.0,2.0
30000000,2,42,алматы,43.300903,76.838575,2019,2107.0,5.0,5.0,3.0,1.0,2.0,2.0,0.0,2.0
35900000,2,51,алматы,43.235693401829,76.821817958335,1991,202.0,5.0,5.0,2.0,2.0,2.0,1.0,0.0,2.0
50000000,4,80,алматы,43.251321759631,76.872250705075,1984,1552.0,1.0,5.0,2.0,1.0,1.0,1.0,0.0,2.0
15100000,1,31,алматы,43.391842379268,77.005812142027,1986,2435.0,3.0,3.0,1.0,4.0,3.0,2.0,0.0,2.0
23500000,1,38,алматы,43.230571864992,76.781308466769,2020,1821.0,6.0,9.0,3.0,1.0,1.0,2.0,0.0,2.0
30500000,2,44,алматы,43.241277622468,76.890208398811,1984,2080.0,5.0,5.0,1.0,2.0,2.0,1.0,0.0,2.0
38000000,1,40,алматы,43.23115812855,76.88174613863,2020,983.0,10.0,12.0,3.0,2.0,1.0,2.0,0.0,2.0
42500000,2,86,алматы,43.247828,76.840021,2013,2577.0,4.0,10.0,3.0,2.0,3.0,1.0,0.0,2.0
42000000,2,52,алматы,43.214603065508,76.893724537642,1985,2329.0,4.0,5.0,2.0,2.0,2.0,1.0,0.0,2.0
34500000,1,33,алматы,43.220081153468,76.887937946504,2023,1959.0,14.0,16.0,3.0,1.0,1.0,2.0,0.0,2.0
36000000,2,58,алматы,43.26964940037,76.820377578049,2020,1601.0,9.0,12.0,3.0,1.0,2.0,2.0,0.0,2.0
75000000,3,89,алматы,43.206981097432,76.835113078706,2017,1093.0,5.0,10.0,3.0,1.0,2.0,1.0,0.0,2.0
28500000,2,50,алматы,43.261315,76.816584,2017,729.0,2.0,14.0,3.0,1.0,2.0,2.0,0.0,2.0
50000000,3,69,алматы,43.20016163298,76.877511579029,1977,2377.0,8.0,8.0,2.0,6.0,3.0,1.0,0.0,2.0
30500000,2,46,алматы,43.217496,76.859901,1968,1257.0,2.0,4.0,2.0,1.0,1.0,2.0,0.0,2.0
38500000,2,55,алматы,43.221009696864,76.886923955006,2024,1959.0,3.0,13.0,3.0,6.0,2.0,3.0,0.0,2.0
72000000,3,93,алматы,43.240431672787,76.871784792831,2021,1468.0,17.0,17.0,3.0,1.0,2.0,3.0,1.0,2.0
84000000,2,51,алматы,43.21153022797,76.881957426668,2011,88.0,2.0,10.0,3.0,1.0,1.0,2.0,0.0,2.0
25000000,1,36,алматы,43.234779,76.908203,1986,1190.0,3.0,5.0,1.0,1.0,1.0,1.0,0.0,2.0
52000000,2,69,алматы,43.206981097432,76.835113078706,2017,1093.0,7.0,10.0,1.0,1.0,1.0,1.0,0.0,2.0
25800000,1,42,алматы,43.218981,76.871875,1964,710.0,4.0,4.0,1.0,1.0,2.0,2.0,0.0,2.0
30500000,2,50,алматы,43.288508,77.003829,2020,1601.0,5.0,10.0,3.0,1.0,2.0,2.0,0.0,2.0
45000000,2,54,алматы,43.265179638936,76.918001685368,2021,1522.0,12.0,13.0,3.0,1.0,1.0,2.0,0.0,2.0
78999990,3,100,алматы,43.236331933536,76.879493236531,2022,1549.0,15.0,20.0,3.0,1.0,1.0,3.0,0.0,2.0
37700000,3,63,алматы,43.2081,76.888943,1976,2274.0,5.0,5.0,2.0,1.0,1.0,1.0,0.0,2.0
25900000,1,41,алматы,43.232244,76.843551,1990,1601.0,2.0,9.0,2.0,2.0,2.0,2.0,0.0,2.0
35500000,2,43,алматы,43.231757,76.832197,2017,512.0,6.0,10.0,3.0,1.0,2.0,2.0,0.0,2.0
27950000,2,52,алматы,43.329332,76.940668,2021,1689.0,10.0,10.0,3.0,1.0,2.0,2.0,0.0,2.0
36000000,3,62,алматы,43.228585,76.845069,1971,850.0,4.0,4.0,2.0,1.0,1.0,1.0,0.0,2.0
50000000,2,50,алматы,43.260245,76.960099,1987,1128.0,1.0,5.0,1.0,1.0,2.0,1.0,0.0,2.0
39000000,3,62,алматы,43.249733,76.857089,1980,2306.0,3.0,5.0,2.0,2.0,1.0,2.0,0.0,2.0
45000000,3,85,алматы,43.201128,76.844189,1990,2388.0,5.0,5.0,1.0,2.0,1.0,3.0,0.0,2.0
46000000,2,60,алматы,43.273317720405,76.810425023058,2025,3220.0,4.0,6.0,3.0,1.0,2.0,2.0,0.0,2.0
56000000,3,71,алматы,43.260422,76.915866,1978,1601.0,3.0,8.0,2.0,1.0,1.0,1.0,0.0,2.0
70000000,4,117,алматы,43.21967,76.96495,1981,2059.0,2.0,5.0,1.0,2.0,2.0,3.0,0.0,2.0
39500000,1,56,алматы,43.212070599536,76.878044385594,2016,695.0,12.0,12.0,3.0,1.0,2.0,1.0,0.0,2.0
28000000,1,33,алматы,43.23026,76.906451,1982,1664.0,4.0,5.0,2.0,1.0,2.0,2.0,0.0,2.0
36000000,3,60,алматы,43.22216369257,76.862503193779,1969,1527.0,3.0,4.0,2.0,2.0,2.0,2.0,0.0,2.0
42000000,3,82,алматы,43.339137539876,76.902407705262,2019,1012.0,4.0,2.0,2.0,1.0,1.0,3.0,0.0,2.0
29500000,2,43,алматы,43.265923399601,76.936152034393,1973,1959.0,2.0,5.0,2.0,2.0,2.0,2.0,0.0,2.0
24500000,2,45,алматы,43.344852,76.9858,1973,1841.0,2.0,4.0,2.0,1.0,2.0,2.0,0.0,2.0
53000000,3,84,алматы,43.314378284555,76.989587162833,2024,92.0,2.0,3.0,3.0,6.0,2.0,2.0,0.0,2.0
35500000,3,55,алматы,43.223297,76.894306,1977,190.0,5.0,5.0,2.0,1.0,2.0,2.0,0.0,2.0
33500000,2,46,алматы,43.246981,76.853046,2021,2129.0,10.0,10.0,3.0,1.0,1.0,2.0,0.0,2.0
33000000,2,60,алматы,43.263534667244,76.822254238063,2019,636.0,10.0,12.0,3.0,1.0,2.0,1.0,0.0,2.0
48000000,3,67,алматы,43.212359980694,76.849234231518,1992,1601.0,4.0,5.0,2.0,2.0,1.0,1.0,0.0,2.0
50000000,1,48,алматы,43.258938505325,76.963051492845,2019,956.0,4.0,12.0,3.0,1.0,1.0,2.0,0.0,2.0
69900000,2,85,алматы,43.224735,76.933778,2012,3162.0,4.0,13.0,3.0,1.0,1.0,2.0,0.0,2.0
23500000,1,33,алматы,43.230912868925,76.865337020832,1966,463.0,4.0,5.0,2.0,2.0,1.0,2.0,0.0,2.0
38000000,3,76,алматы,43.332407,76.980095,1961,2801.0,1.0,2.0,1.0,2.0,1.0,1.0,0.0,2.0
40000000,3,56,алматы,43.268694,76.940911,1969,1527.0,4.0,4.0,2.0,1.0,2.0,2.0,0.0,2.0
49500000,2,58,алматы,43.203012727103,76.873384364015,2021,1137.0,4.0,12.0,3.0,1.0,1.0,2.0,0.0,2.0
33000000,1,40,алматы,43.203402273206,76.903262761901,1988,1601.0,3.0,9.0,2.0,2.0,1.0,2.0,0.0,2.0
44000000,3,59,алматы,43.23562,76.881712,1982,1601.0,2.0,5.0,2.0,1.0,2.0,1.0,0.0,2.0
38000000,2,52,алматы,43.222528849236,76.895448611114,1979,1601.0,5.0,5.0,1.0,1.0,2.0,1.0,0.0,2.0
35000000,2,49,алматы,43.230247,76.797953,2023,2218.0,1.0,12.0,3.0,5.0,2.0,2.0,0.0,2.0
33900000,3,70,алматы,43.217653,76.775163,2020,3346.0,8.0,10.0,3.0,1.0,1.0,1.0,1.0,2.0
49500000,2,50,алматы,43.236930943868,76.887052909439,2018,997.0,9.0,9.0,3.0,2.0,1.0,2.0,0.0,2.0
45500000,4,75,алматы,43.265179638936,76.918001685368,2021,1522.0,1.0,13.0,3.0,1.0,1.0,1.0,0.0,2.0
25500000,2,56,алматы,43.227920782442,76.768884990972,2024,1553.0,1.0,10.0,3.0,1.0,2.0,2.0,0.0,2.0
52000000,1,46,алматы,43.214855923974,76.892688274547,2019,1189.0,4.0,12.0,3.0,1.0,2.0,2.0,0.0,2.0
80000000,3,77,алматы,43.228375,76.835556,1990,291.0,2.0,9.0,2.0,1.0,1.0,1.0,0.0,2.0
46000000,2,64,алматы,43.261426,76.902328,2022,1992.0,9.0,12.0,3.0,6.0,2.0,3.0,0.0,2.0
38500000,3,84,алматы,43.241340485664,76.810090851075,2010,11.0,12.0,16.0,3.0,1.0,1.0,2.0,0.0,2.0
20000000,1,33,алматы,43.297172339809,76.997005818089,2025,2960.0,6.0,9.0,3.0,1.0,2.0,2.0,0.0,2.0
43000000,2,62,алматы,43.231264266035,76.797298192978,2022,2599.0,5.0,12.0,3.0,1.0,2.0,2.0,0.0,2.0
43000000,2,54,алматы,43.210276086574,76.914246982803,1984,1601.0,3.0,5.0,1.0,2.0,2.0,1.0,0.0,2.0
66000000,4,95,алматы,43.197053,76.873196,1978,2637.0,4.0,9.0,2.0,1.0,2.0,2.0,0.0,2.0
28500000,1,50,алматы,43.254004443801,76.825057262565,2011,1556.0,2.0,10.0,3.0,2.0,2.0,2.0,0.0,2.0
47900000,3,72,алматы,43.250829195679,76.874525187813,1985,2377.0,9.0,9.0,2.0,1.0,2.0,1.0,0.0,2.0
40000000,2,65,алматы,43.247349,76.869629,2012,459.0,19.0,21.0,3.0,1.0,2.0,1.0,0.0,2.0
70000000,3,80,алматы,43.230321714766,76.879923291353,2018,983.0,11.0,12.0,3.0,1.0,2.0,2.0,0.0,2.0
65000000,2,73,алматы,43.215683,76.903137,2017,775.0,9.0,9.0,3.0,1.0,1.0,3.0,0.0,2.0
53000000,2,72,алматы,43.168594236959,76.872561849737,2013,120.0,7.0,10.0,3.0,1.0,1.0,1.0,0.0,2.0
31500000,2,43,алматы,43.265201,76.96636,1975,418.0,5.0,5.0,2.0,1.0,1.0,2.0,0.0,2.0
39900000,4,66,алматы,43.255301,76.902885,1974,249.0,1.0,4.0,1.0,1.0,2.0,2.0,0.0,2.0
62000000,2,105,алматы,43.24331255684,76.875931342729,2012,463.0,17.0,19.0,3.0,1.0,1.0,1.0,0.0,2.0
81000000,4,84,алматы,43.240394,76.907251,1970,1601.0,2.0,4.0,1.0,1.0,2.0,3.0,0.0,2.0
37500000,3,67,алматы,43.240866312112,76.830561052917,1993,1601.0,6.0,12.0,3.0,2.0,2.0,1.0,0.0,2.0
10000000,1,14,алматы,43.233235,76.845078,1975,1601.0,3.0,5.0,2.0,2.0,1.0,2.0,0.0,1.0
57500000,2,68,алматы,43.26760579951,76.928328549902,2023,2146.0,9.0,12.0,3.0,1.0,2.0,2.0,0.0,2.0
47000000,2,78,алматы,43.215314,76.880876,2023,2232.0,2.0,16.0,3.0,6.0,3.0,3.0,0.0,2.0
34500000,3,58,алматы,43.249597504803,76.855789034393,1980,198.0,4.0,5.0,2.0,2.0,1.0,1.0,0.0,2.0
59500000,3,74,алматы,43.253272,76.914087,1985,1778.0,9.0,9.0,2.0,2.0,2.0,2.0,0.0,2.0
24200000,1,26,алматы,43.246429385698,76.869117807144,2021,1887.0,6.0,10.0,3.0,2.0,1.0,2.0,0.0,2.0
78000000,3,76,алматы,43.212544234514,76.979519008204,2019,5.0,2.0,4.0,3.0,1.0,1.0,3.0,0.0,2.0
52000000,3,90,алматы,43.250442,76.825908,2010,411.0,7.0,10.0,3.0,1.0,1.0,1.0,0.0,2.0
30000000,1,40,алматы,43.306696,76.922298,2007,2128.0,2.0,5.0,3.0,1.0,2.0,2.0,0.0,2.0
34800000,2,44,алматы,43.258419151214,76.866017549355,2021,3265.0,6.0,12.0,3.0,1.0,1.0,2.0,0.0,2.0
36500000,3,56,алматы,43.194128,76.905176,1978,1601.0,5.0,5.0,2.0,1.0,2.0,2.0,0.0,2.0
85000000,3,110,алматы,43.24979590759,76.895272582769,2011,465.0,4.0,9.0,3.0,1.0,1.0,3.0,0.0,2.0
69000000,3,91,алматы,43.259727294265,76.948751093254,1978,692.0,4.0,5.0,1.0,1.0,2.0,2.0,0.0,2.0
30000000,1,47,алматы,43.305535,76.922917,2006,1894.0,8.0,9.0,3.0,1.0,1.0,2.0,0.0,2.0
41500000,2,60,алматы,43.246585549037,76.855043486874,2023,3224.0,6.0,9.0,3.0,2.0,2.0,2.0,0.0,2.0
39400000,2,55,алматы,43.229911403675,76.840245246806,2019,1474.0,8.0,10.0,3.0,1.0,1.0,2.0,0.0,2.0
32000000,1,41,алматы,43.245615,76.908257,1963,1601.0,2.0,4.0,1.0,2.0,2.0,2.0,0.0,2.0
57000000,4,100,алматы,43.241084,76.834631,1983,1601.0,7.0,9.0,2.0,2.0,1.0,2.0,0.0,2.0
24000000,1,44,алматы,43.322838607644,76.983944849442,2017,2222.0,4.0,5.0,3.0,1.0,1.0,2.0,0.0,2.0
33500000,2,41,алматы,43.220229,76.873896,1974,1689.0,1.0,5.0,2.0,2.0,2.0,2.0,0.0,2.0
52000000,3,76,алматы,43.222870376327,76.838613743455,2018,1760.0,4.0,10.0,2.0,1.0,1.0,1.0,0.0,2.0
63000000,3,77,алматы,43.195259,76.888772,1990,213.0,8.0,9.0,2.0,2.0,1.0,1.0,0.0,2.0
52000000,2,58,алматы,43.212318,76.854987,2022,1820.0,8.0,13.0,2.0,1.0,1.0,2.0,0.0,2.0
82000000,3,100,алматы,43.233894267748,76.875101566839,2019,1206.0,12.0,16.0,3.0,1.0,2.0,1.0,0.0,2.0
25000000,2,56,алматы,43.31555122548,76.989739229355,2024,2663.0,3.0,9.0,3.0,6.0,2.0,2.0,0.0,2.0
41000000,3,60,алматы,43.227797,76.932332,1976,1261.0,4.0,5.0,2.0,2.0,2.0,2.0,0.0,2.0
36000000,3,60,алматы,43.196895,76.882556,1974,2403.0,5.0,5.0,2.0,2.0,1.0,1.0,0.0,2.0
31000000,1,40,алматы,43.229137,76.889788,1986,2422.0,8.0,9.0,2.0,1.0,2.0,2.0,0.0,2.0
38000000,2,51,алматы,43.211911,76.851232,1995,2177.0,3.0,5.0,1.0,1.0,1.0,1.0,0.0,2.0
74500000,3,77,алматы,43.208127575938,76.893287666499,2024,2199.0,10.0,16.0,3.0,1.0,2.0,1.0,0.0,2.0
77999000,3,82,алматы,43.194727434583,76.931100420965,2019,576.0,3.0,8.0,3.0,1.0,1.0,2.0,1.0,2.0
55900000,2,53,алматы,43.205216710192,76.893489130639,2020,1552.0,14.0,17.0,3.0,2.0,1.0,2.0,0.0,2.0
35500000,2,43,алматы,43.260369,76.923429,1976,1527.0,2.0,5.0,2.0,1.0,2.0,2.0,0.0,2.0
24000000,1,44,алматы,43.279905,76.82245,2015,633.0,6.0,9.0,3.0,1.0,1.0,2.0,0.0,2.0
26500000,2,57,алматы,43.21042389897,76.783848456849,2025,3172.0,4.0,9.0,3.0,5.0,2.0,2.0,0.0,2.0
78000000,3,78,алматы,43.233416938217,76.921892166137,2019,1075.0,7.0,10.0,3.0,1.0,2.0,2.0,0.0,2.0
34000000,2,48,алматы,43.198643,76.87289,1977,1601.0,2.0,5.0,2.0,1.0,2.0,2.0,0.0,2.0
22000000,1,40,алматы,43.305109,76.895546,2008,260.0,1.0,6.0,3.0,1.0,1.0,2.0,0.0,2.0
25500000,2,46,алматы,43.217650832701,76.773902081278,2022,1124.0,10.0,10.0,3.0,5.0,2.0,2.0,0.0,2.0
30000000,2,50,алматы,43.332348,76.952113,1985,2903.0,3.0,3.0,1.0,1.0,2.0,2.0,0.0,2.0
28000000,1,40,алматы,43.255512237855,76.871143712967,1986,880.0,2.0,9.0,2.0,2.0,2.0,2.0,0.0,2.0
47002738,3,74,алматы,43.26593,76.898582,2006,1601.0,1.0,9.0,3.0,1.0,2.0,2.0,0.0,2.0
21500000,1,33,алматы,43.207633425926,76.787427811855,2020,2403.0,4.0,10.0,3.0,1.0,2.0,2.0,0.0,2.0
70000000,3,100,алматы,43.231153,76.904529,2014,1514.0,4.0,10.0,3.0,1.0,1.0,2.0,0.0,2.0
33499999,2,43,алматы,43.244384054037,76.901809613304,1978,2322.0,3.0,5.0,2.0,2.0,2.0,2.0,0.0,2.0
15000000,1,31,алматы,43.341154757994,76.930470818676,2025,3178.0,9.0,9.0,3.0,5.0,2.0,2.0,0.0,2.0
22000000,3,63,алматы,43.373509,76.994846,1973,727.0,2.0,2.0,1.0,2.0,2.0,1.0,0.0,2.0
24300000,1,31,алматы,43.245615,76.908257,1965,2215.0,1.0,4.0,1.0,1.0,2.0,2.0,0.0,2.0
48500000,3,75,алматы,43.261932,76.82086,2018,636.0,7.0,14.0,3.0,1.0,1.0,3.0,0.0,2.0
28500000,2,46,алматы,43.215569289377,76.8636822857,1968,228.0,2.0,4.0,2.0,1.0,1.0,2.0,0.0,2.0
53500000,2,75,алматы,43.259421838792,76.927448301697,2015,630.0,3.0,16.0,3.0,2.0,2.0,2.0,0.0,2.0
38500000,3,57,алматы,43.200429547408,76.844237493343,1970,1601.0,2.0,4.0,2.0,2.0,2.0,2.0,0.0,2.0
69950000,3,110,алматы,43.243485568875,76.875818990302,2007,640.0,4.0,20.0,3.0,1.0,1.0,3.0,0.0,2.0
59990000,3,81,алматы,43.272584839735,76.946390413007,2022,1822.0,11.0,13.0,3.0,1.0,2.0,2.0,0.0,2.0
38000000,2,47,алматы,43.288447548674,76.949766920982,2022,2236.0,7.0,13.0,3.0,1.0,2.0,2.0,0.0,2.0
26500000,1,45,алматы,43.221572460565,76.786434091249,2020,1124.0,4.0,9.0,3.0,1.0,2.0,2.0,0.0,2.0
28000000,2,43,алматы,43.216125907828,76.863823146166,1966,643.0,2.0,4.0,2.0,2.0,1.0,2.0,0.0,2.0
35000000,3,65,алматы,43.321429,76.9183,1985,1601.0,4.0,5.0,2.0,2.0,2.0,1.0,0.0,2.0
82000000,2,72,алматы,43.264545388922,76.966768016904,2022,1554.0,11.0,17.0,3.0,5.0,2.0,2.0,0.0,2.0
81000000,4,84,алматы,43.240394,76.907251,1970,1601.0,2.0,4.0,1.0,1.0,1.0,3.0,0.0,2.0
30000000,2,40,алматы,43.229117,76.901196,1960,1070.0,1.0,4.0,1.0,2.0,1.0,2.0,0.0,2.0
39500000,2,45,алматы,43.217673394979,76.878786797879,2025,3426.0,4.0,9.0,3.0,1.0,2.0,2.0,0.0,2.0
72000000,2,81,алматы,43.203493,76.871552,2016,755.0,2.0,12.0,3.0,1.0,2.0,3.0,0.0,2.0
22000000,1,49,алматы,43.221705980823,76.786440765848,2020,1124.0,1.0,6.0,3.0,2.0,1.0,2.0,0.0,2.0
30000000,2,60,алматы,43.215767753581,76.778116125635,2022,1124.0,4.0,5.0,2.0,2.0,1.0,1.0,0.0,2.0
57000000,2,72,алматы,43.206632334711,76.884845495224,2016,123.0,6.0,16.0,3.0,2.0,2.0,2.0,0.0,2.0
32000000,1,34,алматы,43.260625,76.939321,1966,601.0,4.0,4.0,1.0,1.0,1.0,2.0,0.0,2.0
81500000,2,79,алматы,43.188568713643,76.87068737163,2017,103.0,4.0,8.0,3.0,2.0,1.0,3.0,0.0,2.0
85000000,3,105,алматы,43.233894267748,76.875101566839,2020,1206.0,4.0,6.0,3.0,1.0,2.0,2.0,0.0,2.0
62000000,1,50,алматы,43.197309220898,76.894640553642,2021,1478.0,6.0,16.0,3.0,6.0,2.0,2.0,0.0,2.0
36500000,3,57,алматы,43.225819,76.892123,1961,1601.0,2.0,4.0,2.0,1.0,2.0,2.0,0.0,2.0
69000000,4,92,алматы,43.260422,76.915866,1978,2587.0,3.0,8.0,2.0,1.0,2.0,1.0,0.0,2.0
20447000,1,44,алматы,43.325965249433,77.020528935556,2024,1601.0,1.0,4.0,3.0,6.0,2.0,2.0,0.0,2.0
37500000,3,82,алматы,43.260113,76.861491,2024,2970.0,8.0,12.0,3.0,1.0,2.0,2.0,0.0,2.0
30000000,1,40,алматы,43.212092943161,76.793770777295,2022,2075.0,1.0,12.0,3.0,1.0,1.0,2.0,0.0,2.0
29500000,3,65,алматы,43.177557,76.864518,2018,1601.0,5.0,6.0,1.0,6.0,2.0,2.0,0.0,2.0
36000000,2,55,алматы,43.246846996551,76.869769298853,2022,1833.0,3.0,5.0,3.0,2.0,1.0,2.0,0.0,2.0
42500000,1,41,алматы,43.214522421881,76.892049908802,2019,1189.0,12.0,12.0,3.0,1.0,1.0,2.0,0.0,2.0
40600000,2,57,алматы,43.252788226105,76.914993878718,1988,3426.0,5.0,9.0,2.0,4.0,2.0,1.0,0.0,2.0
43000000,3,57,алматы,43.196376,76.88897,1977,1409.0,1.0,5.0,2.0,1.0,2.0,1.0,0.0,2.0
51000000,1,46,алматы,43.204436181418,76.897387504578,2018,871.0,4.0,12.0,3.0,1.0,2.0,2.0,0.0,2.0
52000000,3,72,алматы,43.220117,76.839006,1991,2620.0,5.0,9.0,2.0,4.0,2.0,2.0,0.0,2.0
44000000,2,65,алматы,43.218298294283,76.880121253562,2017,534.0,4.0,16.0,3.0,1.0,2.0,2.0,0.0,2.0
55000000,2,46,алматы,43.243926153656,76.923499042056,2020,1324.0,6.0,13.0,3.0,1.0,2.0,2.0,0.0,2.0
42000000,2,62,алматы,43.286238,77.000496,2018,1601.0,1.0,5.0,3.0,1.0,1.0,2.0,0.0,2.0
27000000,2,46,алматы,43.209388,76.867464,1972,1694.0,4.0,4.0,1.0,2.0,2.0,2.0,0.0,2.0
31000000,2,64,алматы,43.281372610029,76.819513803005,2015,897.0,2.0,9.0,2.0,1.0,2.0,1.0,0.0,2.0
16500000,2,35,алматы,43.206699613942,76.78490229401,2025,2837.0,5.0,6.0,2.0,1.0,2.0,2.0,0.0,2.0
25500000,1,35,алматы,43.320176,76.90885,1985,1601.0,2.0,5.0,2.0,1.0,2.0,2.0,0.0,2.0
23500000,1,33,алматы,43.223982680319,76.862756624328,1968,1522.0,3.0,4.0,2.0,2.0,2.0,2.0,0.0,2.0
39500000,3,63,алматы,43.254230319298,76.876565906746,1980,2377.0,2.0,5.0,2.0,2.0,1.0,1.0,0.0,2.0
36500000,2,56,алматы,43.218889,76.902948,1976,3119.0,5.0,5.0,1.0,2.0,1.0,1.0,0.0,2.0
38500000,3,58,алматы,43.25385,76.919971,1973,1382.0,4.0,4.0,2.0,1.0,2.0,2.0,0.0,2.0
44200000,2,45,алматы,43.221009696864,76.886923955006,2023,1959.0,15.0,16.0,3.0,1.0,2.0,2.0,0.0,2.0
31700000,2,48,алматы,43.221009696864,76.886923955006,2023,1959.0,15.0,15.0,3.0,1.0,2.0,2.0,0.0,2.0
44000000,2,52,алматы,43.230504201934,76.926601021456,1986,2147.0,3.0,5.0,1.0,2.0,2.0,1.0,0.0,2.0
50000000,2,62,алматы,43.231210510457,76.885457494783,2014,601.0,16.0,17.0,3.0,1.0,1.0,3.0,0.0,2.0
29000000,2,68,алматы,43.359425,76.923331,2010,2801.0,6.0,6.0,3.0,1.0,2.0,1.0,1.0,2.0
42000000,3,60,алматы,43.213485132177,76.873423034393,1986,2376.0,4.0,5.0,2.0,2.0,2.0,1.0,0.0,2.0
31500000,2,58,алматы,43.266961,76.821174,2018,1420.0,9.0,12.0,3.0,1.0,2.0,2.0,0.0,2.0
48000000,1,54,алматы,43.228256,76.943489,2008,1601.0,3.0,9.0,3.0,2.0,1.0,2.0,0.0,2.0
27500000,2,41,алматы,43.222318,76.849633,1983,1773.0,1.0,5.0,2.0,1.0,2.0,2.0,0.0,2.0
25500000,2,43,алматы,43.328978,76.96495,1989,2588.0,4.0,5.0,1.0,1.0,1.0,1.0,0.0,2.0
21000000,1,42,алматы,43.321736493381,77.018903561938,2024,1866.0,3.0,6.0,3.0,6.0,2.0,2.0,0.0,2.0
37500000,3,78,алматы,43.324452,76.984722,2018,977.0,3.0,5.0,3.0,2.0,2.0,1.0,0.0,2.0
40500000,2,57,алматы,43.216353,76.890048,2016,1601.0,1.0,12.0,3.0,2.0,2.0,2.0,0.0,2.0
46500000,2,50,алматы,43.252869681615,76.901762959681,2020,1434.0,9.0,17.0,3.0,1.0,2.0,2.0,0.0,2.0
51000000,2,56,алматы,43.237385383338,76.881186447188,2014,1601.0,13.0,20.0,3.0,1.0,2.0,2.0,0.0,2.0
34500000,2,64,алматы,43.247510845296,76.868886455483,2012,3191.0,4.0,6.0,3.0,1.0,1.0,2.0,0.0,2.0
51000000,3,88,алматы,43.285929,77.002921,2019,3192.0,5.0,9.0,3.0,1.0,2.0,2.0,0.0,2.0
47000000,2,50,алматы,43.264117273417,76.933532953262,2024,2758.0,1.0,9.0,3.0,6.0,2.0,2.0,0.0,2.0
22500000,1,34,алматы,43.221719461821,76.786562521148,2020,242.0,4.0,6.0,3.0,2.0,2.0,2.0,0.0,2.0
57000000,2,72,алматы,43.206632334711,76.884845495224,2016,123.0,6.0,16.0,3.0,1.0,1.0,2.0,0.0,2.0
46000000,3,60,алматы,43.253561,76.905355,1970,1601.0,2.0,4.0,2.0,1.0,2.0,2.0,0.0,2.0
30000000,1,40,алматы,43.226686,76.834442,1992,2165.0,5.0,9.0,2.0,1.0,2.0,2.0,0.0,2.0
40500000,3,62,алматы,43.246986421416,76.900990957007,1978,19.0,4.0,5.0,2.0,2.0,2.0,2.0,0.0,2.0
63000000,3,84,алматы,43.266862,76.944603,1977,1601.0,3.0,9.0,1.0,1.0,2.0,1.0,0.0,2.0
53000000,2,43,алматы,43.252021092113,76.897559165955,2020,1323.0,6.0,12.0,3.0,1.0,2.0,2.0,0.0,2.0
51500000,2,72,алматы,43.268967369064,76.945720911026,2022,1440.0,6.0,10.0,3.0,1.0,1.0,1.0,0.0,2.0
54000000,2,74,алматы,43.247545056863,76.919074672551,2006,26.0,3.0,11.0,3.0,2.0,1.0,1.0,0.0,2.0
29400000,2,55,алматы,43.230469366362,76.780980100066,2020,1821.0,7.0,9.0,3.0,2.0,1.0,2.0,0.0,2.0
30500000,2,43,алматы,43.253679876698,76.87637338525,1980,1997.0,2.0,5.0,2.0,1.0,2.0,1.0,0.0,2.0
31500000,1,30,алматы,43.24520699842,76.870186635763,2021,1198.0,8.0,12.0,2.0,1.0,2.0,2.0,0.0,2.0
29500000,2,56,алматы,43.260503549015,76.82140531891,2019,636.0,10.0,12.0,3.0,1.0,2.0,3.0,0.0,2.0
29900000,2,50,алматы,43.24727,76.840245,1975,2140.0,2.0,3.0,1.0,1.0,2.0,2.0,0.0,2.0
14000000,1,20,алматы,43.329987,76.814257,2018,1601.0,1.0,2.0,3.0,1.0,1.0,2.0,0.0,2.0
52500000,2,44,алматы,43.240405217908,76.909024952709,2020,984.0,12.0,16.0,3.0,1.0,2.0,2.0,0.0,2.0
34000000,2,44,алматы,43.220978,76.872675,1975,1009.0,3.0,5.0,2.0,1.0,1.0,1.0,0.0,2.0
33000000,3,60,алматы,43.235010617912,76.857341274751,1971,1601.0,3.0,4.0,2.0,2.0,2.0,1.0,0.0,2.0
38000000,3,65,алматы,43.260036749,76.901961301666,2025,2729.0,8.0,14.0,3.0,6.0,2.0,2.0,0.0,2.0
55000000,3,72,алматы,43.2497144011,76.88202460051,1995,2091.0,4.0,9.0,2.0,1.0,1.0,1.0,0.0,2.0
35000000,2,62,алматы,43.219841,76.796489,2012,640.0,4.0,16.0,3.0,1.0,2.0,2.0,0.0,2.0
30000000,2,51,алматы,43.262463068119,76.894135582059,2024,2973.0,3.0,12.0,3.0,1.0,2.0,2.0,0.0,2.0
67000000,3,90,алматы,43.202107,76.874723,2011,2653.0,9.0,16.0,3.0,1.0,1.0,2.0,0.0,2.0
31500000,1,33,алматы,43.244092,76.941926,1964,526.0,3.0,4.0,1.0,2.0,2.0,2.0,0.0,2.0
38000000,1,40,алматы,43.217588011385,76.878253893997,2025,3426.0,5.0,9.0,3.0,6.0,3.0,2.0,0.0,2.0
39500000,2,57,алматы,43.216353,76.890048,2016,1731.0,1.0,12.0,3.0,1.0,2.0,1.0,0.0,2.0
42500000,1,30,алматы,43.235081,76.957035,1973,1601.0,4.0,5.0,2.0,1.0,1.0,1.0,0.0,2.0
78500000,2,77,алматы,43.230187678466,76.939114198105,2023,1072.0,12.0,20.0,3.0,1.0,2.0,2.0,0.0,2.0
53000000,1,39,алматы,43.240405217908,76.909024952709,2018,984.0,11.0,14.0,3.0,1.0,2.0,2.0,0.0,2.0
31000000,1,46,алматы,43.233298108774,76.886203498708,1985,751.0,1.0,5.0,2.0,2.0,1.0,1.0,0.0,2.0
62000000,3,75,алматы,43.236277032634,76.893507318766,2016,876.0,13.0,18.0,3.0,1.0,2.0,2.0,0.0,2.0
35000000,1,41,алматы,43.218298294283,76.880121253562,2017,534.0,2.0,16.0,3.0,1.0,1.0,2.0,0.0,2.0
59900000,4,93,алматы,43.237961741321,76.835623900803,1987,2379.0,9.0,9.0,2.0,2.0,2.0,1.0,0.0,2.0
43500000,4,84,алматы,43.337187,76.911563,1988,1601.0,5.0,5.0,2.0,2.0,1.0,1.0,0.0,2.0
28000000,2,46,алматы,43.214813659621,76.864106074729,1968,1462.0,2.0,4.0,2.0,1.0,2.0,2.0,0.0,2.0
25000000,2,54,алматы,43.355839,76.987767,1976,777.0,3.0,3.0,1.0,1.0,2.0,1.0,0.0,2.0
66000000,2,58,алматы,43.204959,76.899462,1986,1601.0,4.0,5.0,1.0,2.0,1.0,1.0,0.0,2.0
48000000,2,52,алматы,43.198578,76.893165,1989,820.0,7.0,6.0,3.0,1.0,1.0,1.0,0.0,2.0
46500000,3,74,алматы,43.221076,76.842617,2014,1753.0,7.0,11.0,3.0,1.0,1.0,2.0,1.0,2.0
41000000,3,58,алматы,43.249023,76.918704,1977,1124.0,2.0,5.0,2.0,2.0,2.0,2.0,0.0,2.0
54000000,3,66,алматы,43.24320617919,76.855535171577,2023,2375.0,13.0,18.0,3.0,1.0,1.0,2.0,0.0,2.0
36500000,2,54,алматы,43.250678,76.868794,1985,1601.0,2.0,5.0,2.0,1.0,2.0,1.0,0.0,2.0
43000000,2,64,алматы,43.288508,77.003829,2022,2513.0,7.0,7.0,3.0,1.0,1.0,2.0,0.0,2.0
27900000,1,51,алматы,43.222515,76.787038,2021,3470.0,2.0,10.0,3.0,1.0,1.0,2.0,0.0,2.0
57000000,3,72,алматы,43.234976,76.891584,1988,524.0,4.0,9.0,2.0,1.0,2.0,2.0,0.0,2.0
52000000,3,74,алматы,43.21766,76.839733,1996,2913.0,8.0,9.0,2.0,2.0,2.0,1.0,0.0,2.0
48000000,3,63,алматы,43.214999,76.894576,1984,2981.0,2.0,5.0,2.0,1.0,1.0,1.0,0.0,2.0
12000000,1,18,алматы,43.169978977527,76.874259041664,2016,198.0,1.0,5.0,3.0,1.0,1.0,2.0,0.0,2.0
53000000,3,117,алматы,43.28692678153,77.001560169311,2010,1601.0,5.0,5.0,3.0,2.0,2.0,2.0,0.0,2.0
74900000,3,92,алматы,43.275191931784,76.8151113248,2024,2147.0,12.0,12.0,3.0,1.0,1.0,3.0,0.0,2.0
27000000,2,38,алматы,43.224343817032,76.890278669975,1962,1674.0,1.0,4.0,1.0,2.0,2.0,2.0,0.0,2.0
25500000,2,58,алматы,43.221483955933,76.794102000235,2012,92.0,1.0,16.0,3.0,2.0,2.0,2.0,0.0,2.0
40000000,2,50,алматы,43.2249,76.958122,1972,1601.0,2.0,4.0,1.0,4.0,2.0,1.0,0.0,2.0
28000000,2,57,алматы,43.339817,76.945681,1985,374.0,3.0,5.0,1.0,4.0,2.0,1.0,0.0,2.0
47000000,2,47,алматы,43.169999152761,76.909871659228,2024,2066.0,1.0,3.0,3.0,1.0,1.0,2.0,0.0,2.0
53000000,4,86,алматы,43.256568,76.884847,1987,1846.0,4.0,5.0,2.0,2.0,2.0,1.0,0.0,2.0
32000000,2,56,алматы,43.265179638936,76.918001685368,2021,1522.0,9.0,13.0,3.0,4.0,2.0,2.0,0.0,2.0
62500000,4,95,алматы,43.33347,76.949112,2015,3213.0,5.0,5.0,3.0,1.0,1.0,1.0,0.0,2.0
37500000,1,45,алматы,43.218052680978,76.890834815623,2020,1750.0,11.0,13.0,3.0,1.0,2.0,2.0,0.0,2.0
23000000,2,42,алматы,43.353356675561,76.924540733799,1969,1601.0,2.0,3.0,1.0,1.0,1.0,2.0,0.0,2.0
49000000,2,60,алматы,43.206135,76.901744,1982,1427.0,8.0,9.0,2.0,1.0,1.0,2.0,0.0,2.0
36000000,1,35,алматы,43.226207,76.907413,1960,2779.0,3.0,4.0,1.0,1.0,2.0,2.0,0.0,2.0
23000000,1,32,алматы,43.231110968126,76.864351818881,1970,1601.0,4.0,4.0,2.0,1.0,1.0,2.0,0.0,2.0
40000000,2,68,алматы,43.325187,77.021867,2023,1601.0,2.0,4.0,3.0,1.0,2.0,2.0,1.0,2.0
75000000,3,105,алматы,43.206632334711,76.884845495224,2015,123.0,4.0,18.0,3.0,2.0,2.0,3.0,0.0,2.0
19000000,1,41,алматы,43.322118329096,77.017194578503,2025,1866.0,5.0,9.0,3.0,1.0,2.0,2.0,0.0,2.0
57000000,2,61,алматы,43.208523854873,76.892832802624,2024,2199.0,9.0,16.0,3.0,6.0,2.0,2.0,0.0,2.0
32000000,2,44,алматы,43.225609,76.866342,1966,1222.0,2.0,4.0,2.0,1.0,2.0,2.0,0.0,2.0
26000000,1,30,алматы,43.260521727301,76.938479330024,1964,1601.0,3.0,4.0,1.0,1.0,2.0,2.0,0.0,2.0
30000000,3,55,алматы,43.228243,76.883715,1979,280.0,4.0,5.0,1.0,2.0,1.0,1.0,1.0,1.0
21500000,1,41,алматы,43.327259,76.924741,1985,1717.0,1.0,5.0,2.0,2.0,2.0,2.0,0.0,2.0
65000000,3,72,алматы,43.260727805256,76.915200812164,1978,2155.0,3.0,8.0,2.0,2.0,2.0,2.0,0.0,2.0
45000000,2,69,алматы,43.288614411414,77.000030958433,2024,3090.0,3.0,6.0,3.0,1.0,2.0,2.0,0.0,2.0
35000000,3,59,алматы,43.175728677665,76.873038169311,1973,1601.0,3.0,5.0,2.0,2.0,2.0,2.0,0.0,2.0
25500000,1,36,алматы,43.211505989737,76.851030240804,1995,2075.0,1.0,5.0,1.0,1.0,2.0,2.0,0.0,2.0
41000000,3,58,алматы,43.249023,76.918704,1977,1601.0,2.0,5.0,2.0,1.0,2.0,2.0,0.0,2.0
28500000,1,40,алматы,43.233163,76.831595,1985,715.0,2.0,9.0,2.0,2.0,2.0,2.0,0.0,2.0
27000000,2,42,алматы,43.246528,76.897297,1979,3369.0,5.0,5.0,2.0,2.0,2.0,2.0,0.0,2.0
27000000,1,44,алматы,43.241340485664,76.810090851075,2010,11.0,7.0,9.0,3.0,1.0,1.0,2.0,0.0,2.0
28500000,1,32,алматы,43.203012727103,76.873384364015,2020,1137.0,3.0,12.0,3.0,1.0,2.0,2.0,0.0,2.0
67000000,3,91,алматы,43.260205608741,76.949571849213,1978,1910.0,4.0,5.0,1.0,2.0,3.0,2.0,0.0,2.0
44500000,3,73,алматы,43.223895,76.837991,1989,1601.0,5.0,9.0,2.0,2.0,2.0,2.0,0.0,2.0
75000000,4,98,алматы,43.255734,76.914195,2003,1601.0,2.0,7.0,1.0,1.0,2.0,3.0,0.0,2.0
70000000,4,90,алматы,43.218468,76.87475,1982,1601.0,2.0,5.0,1.0,1.0,2.0,3.0,0.0,2.0
21500000,1,35,алматы,43.29747954339,76.832830936969,2024,3245.0,4.0,5.0,3.0,1.0,2.0,2.0,0.0,2.0
20900000,1,41,алматы,43.301356,76.840048,2017,957.0,5.0,5.0,3.0,1.0,1.0,1.0,1.0,2.0
53500000,3,82,алматы,43.241951,76.898672,1983,2130.0,5.0,5.0,1.0,2.0,2.0,3.0,0.0,2.0
23500000,1,33,алматы,43.230805,76.865506,1966,1117.0,4.0,5.0,2.0,2.0,1.0,2.0,0.0,2.0
60000000,2,50,алматы,43.204436181418,76.897387504578,2018,871.0,11.0,11.0,3.0,1.0,2.0,2.0,0.0,2.0
28500000,2,43,алматы,43.2655259671,76.936155609786,1973,1601.0,2.0,5.0,2.0,1.0,2.0,2.0,0.0,2.0
54000000,3,90,алматы,43.206483,76.86379,2000,3002.0,5.0,5.0,3.0,4.0,2.0,1.0,0.0,2.0
38000000,2,47,алматы,43.252229459895,76.901961512085,2020,1434.0,12.0,17.0,3.0,1.0,1.0,2.0,0.0,2.0
37500000,3,75,алматы,43.21196202967,76.792943103344,2019,2280.0,8.0,9.0,3.0,1.0,1.0,1.0,0.0,2.0
52000000,3,58,алматы,43.243179,76.904619,1964,2167.0,4.0,4.0,2.0,1.0,1.0,2.0,0.0,2.0
57000000,4,98,алматы,43.265897798354,76.947666305557,1984,242.0,1.0,5.0,2.0,2.0,2.0,3.0,0.0,2.0
34000000,3,57,алматы,43.219050298131,76.893042746033,1961,159.0,3.0,4.0,2.0,1.0,2.0,2.0,0.0,2.0
46900000,2,48,алматы,43.236697447736,76.897770222931,2015,20.0,7.0,17.0,3.0,2.0,2.0,2.0,0.0,2.0
30000000,2,49,алматы,43.266703546156,76.819914404307,2024,1117.0,4.0,12.0,3.0,1.0,2.0,2.0,0.0,2.0
82000000,3,101,алматы,43.205207863092,76.88541019997,2015,123.0,7.0,18.0,3.0,1.0,2.0,3.0,0.0,2.0
59000000,2,72,алматы,43.208075565252,76.913166106513,2005,29.0,2.0,13.0,3.0,1.0,1.0,1.0,0.0,2.0
68000000,2,65,алматы,43.233894267748,76.875101566839,2020,1206.0,9.0,12.0,3.0,1.0,1.0,3.0,0.0,2.0
41000000,2,49,алматы,43.235130789582,76.888201492933,1985,2236.0,4.0,5.0,2.0,1.0,1.0,2.0,0.0,2.0
29000000,2,40,алматы,43.226312,76.908805,1960,3366.0,4.0,4.0,1.0,1.0,3.0,2.0,0.0,2.0
33000000,1,48,алматы,43.267748,76.955472,2008,2328.0,9.0,10.0,3.0,2.0,1.0,2.0,0.0,2.0
49500000,3,68,алматы,43.269114,76.937183,1975,2588.0,2.0,5.0,1.0,2.0,2.0,1.0,0.0,2.0
52000000,2,60,алматы,43.230754022994,76.881036758423,2018,983.0,12.0,12.0,3.0,2.0,1.0,1.0,0.0,2.0
76500000,2,58,алматы,43.230858942259,76.946917269004,2019,3169.0,28.0,30.0,3.0,1.0,2.0,2.0,0.0,2.0
54000000,2,57,алматы,43.194727434583,76.931100420965,2019,576.0,1.0,9.0,3.0,1.0,2.0,2.0,0.0,2.0
40000000,2,67,алматы,43.188929,76.821363,2013,1601.0,2.0,6.0,3.0,1.0,1.0,2.0,0.0,2.0
14500000,1,18,алматы,43.237178971042,76.85954866741,1975,1599.0,1.0,5.0,2.0,1.0,2.0,2.0,0.0,1.0
14500000,1,20,алматы,43.215191953235,76.869420745806,1970,1904.0,3.0,4.0,1.0,1.0,1.0,2.0,0.0,1.0
13000000,1,17,алматы,43.287859,77.003963,2020,1601.0,9.0,9.0,3.0,2.0,2.0,2.0,0.0,2.0
33000000,2,65,алматы,43.311538,76.973888,2016,1601.0,7.0,9.0,3.0,1.0,2.0,1.0,0.0,2.0
36000000,3,79,алматы,43.24739267165,76.806197081648,2024,2691.0,2.0,12.0,3.0,6.0,2.0,2.0,0.0,2.0
36500000,1,41,алматы,43.25222168292,76.907919289686,1973,1286.0,3.0,5.0,1.0,2.0,1.0,2.0,0.0,2.0
30000000,3,63,алматы,43.301822,76.838072,2019,655.0,3.0,5.0,3.0,1.0,2.0,2.0,1.0,2.0
39490000,2,60,алматы,43.205619983552,76.874166785389,1979,777.0,6.0,9.0,2.0,2.0,2.0,1.0,0.0,2.0
78800000,3,80,алматы,43.176279518043,76.897626303456,2021,1836.0,3.0,3.0,1.0,1.0,1.0,2.0,0.0,2.0
29000000,1,35,алматы,43.252136,76.910413,1972,633.0,3.0,4.0,1.0,1.0,2.0,2.0,0.0,2.0
73000000,2,75,алматы,43.204436181418,76.897387504578,2018,871.0,4.0,12.0,3.0,1.0,1.0,3.0,0.0,2.0
52000000,2,65,алматы,43.212969,76.854008,2006,2875.0,5.0,9.0,3.0,1.0,1.0,1.0,0.0,2.0
40000000,1,40,алматы,43.21750275816,76.878055490603,2025,3426.0,7.0,9.0,3.0,1.0,2.0,2.0,0.0,2.0
78000000,3,92,алматы,43.295339977654,76.991738856618,2022,1819.0,3.0,7.0,3.0,1.0,1.0,3.0,0.0,2.0
14500000,1,22,алматы,43.242778,76.840389,1976,1323.0,5.0,5.0,1.0,1.0,2.0,2.0,0.0,1.0
32000000,2,53,алматы,43.296535653257,76.977775096784,2022,1428.0,8.0,9.0,3.0,1.0,3.0,1.0,1.0,2.0
17000000,1,33,алматы,43.209059541386,76.7845168711,2025,3172.0,3.0,9.0,3.0,4.0,2.0,2.0,0.0,2.0
40000000,2,65,алматы,43.264017533481,76.918240584418,2025,1522.0,8.0,12.0,2.0,6.0,2.0,2.0,0.0,2.0
40000000,2,64,алматы,43.274502302328,76.815229655076,2024,2147.0,4.0,12.0,3.0,1.0,2.0,2.0,0.0,2.0
31000000,1,31,алматы,43.229432,76.85761,1973,271.0,5.0,5.0,2.0,1.0,2.0,2.0,0.0,2.0
35000000,3,64,алматы,43.31893,76.916728,2018,1522.0,1.0,9.0,3.0,2.0,2.0,2.0,0.0,2.0
35000000,2,49,алматы,43.226559374521,76.842068919256,1987,1601.0,5.0,5.0,2.0,2.0,2.0,2.0,0.0,2.0
41500000,2,59,алматы,43.216353,76.890048,2015,1274.0,6.0,12.0,3.0,1.0,3.0,1.0,0.0,2.0
71000000,2,75,алматы,43.204418781716,76.912046670859,2024,1310.0,6.0,12.0,3.0,6.0,2.0,2.0,0.0,2.0
21700000,1,45,алматы,43.32013007148,77.019565810865,2024,1866.0,8.0,12.0,3.0,6.0,2.0,2.0,0.0,2.0
12600000,1,21,алматы,43.209789,76.888584,1976,366.0,3.0,5.0,1.0,1.0,2.0,2.0,0.0,2.0
45000000,4,75,алматы,43.262024318126,76.925843136245,1981,400.0,5.0,5.0,2.0,1.0,1.0,1.0,0.0,2.0
70000000,3,75,алматы,43.233894267748,76.875101566839,2019,1206.0,10.0,16.0,3.0,1.0,2.0,2.0,0.0,2.0
38000000,3,70,алматы,43.255908420113,76.862363315565,1986,1754.0,3.0,5.0,1.0,2.0,2.0,1.0,0.0,2.0
17500000,1,22,алматы,43.303920432126,76.900499170335,2021,1809.0,2.0,3.0,3.0,2.0,2.0,2.0,0.0,2.0
33500000,2,75,алматы,43.217749915663,76.779927110326,2022,1124.0,6.0,10.0,3.0,6.0,2.0,1.0,0.0,2.0
36000000,1,70,алматы,43.223841127129,76.792911683095,2013,92.0,5.0,16.0,3.0,1.0,2.0,2.0,0.0,2.0
42000000,3,70,алматы,43.302329141807,76.998867487977,2023,1810.0,7.0,7.0,3.0,1.0,2.0,2.0,0.0,2.0
46500000,2,60,алматы,43.230754022994,76.881036758423,2018,983.0,10.0,12.0,3.0,1.0,2.0,2.0,0.0,2.0
27000000,1,32,алматы,43.221446873599,76.888992605537,1981,2375.0,2.0,4.0,2.0,2.0,2.0,2.0,0.0,2.0
36000000,2,40,алматы,43.267796317297,76.925256130626,2024,2505.0,12.0,12.0,3.0,1.0,2.0,2.0,0.0,2.0
53000000,3,67,алматы,43.262600696493,76.95184803662,1978,2928.0,7.0,9.0,1.0,2.0,2.0,1.0,0.0,2.0
56000000,3,86,алматы,43.18657764778,76.811290997139,2008,389.0,3.0,5.0,1.0,1.0,1.0,2.0,0.0,2.0
57000000,2,50,алматы,43.226717269996,76.937085340764,2020,1475.0,11.0,19.0,3.0,6.0,2.0,2.0,0.0,2.0
20000000,2,42,алматы,43.392267,77.005284,1963,1601.0,3.0,4.0,1.0,2.0,1.0,2.0,0.0,2.0
48000000,2,55,алматы,43.201049941771,76.895908781298,2019,1094.0,6.0,14.0,3.0,1.0,2.0,2.0,0.0,2.0
40000000,1,40,алматы,43.229768970615,76.881526629815,2024,983.0,7.0,12.0,3.0,1.0,2.0,2.0,0.0,2.0
18000000,2,36,алматы,43.255242,76.855822,1971,2318.0,2.0,2.0,1.0,4.0,3.0,2.0,0.0,1.0
67000000,2,63,алматы,43.200716444806,76.896117015955,2019,1094.0,6.0,14.0,3.0,1.0,1.0,2.0,0.0,2.0
44500000,3,68,алматы,43.229012,76.887686,1990,1420.0,1.0,5.0,2.0,1.0,2.0,1.0,0.0,2.0
36000000,1,54,алматы,43.248856911735,76.866705268403,2012,52.0,2.0,15.0,3.0,2.0,2.0,2.0,0.0,2.0
46900000,3,68,алматы,43.247907,76.891737,1978,1601.0,5.0,5.0,2.0,2.0,1.0,1.0,0.0,2.0
50000000,2,48,алматы,43.260264,76.960153,2016,1601.0,13.0,14.0,3.0,1.0,2.0,2.0,0.0,2.0
63000000,3,75,алматы,43.197276,76.893084,1990,2719.0,7.0,9.0,2.0,1.0,1.0,1.0,0.0,2.0
49500000,1,46,алматы,43.267932564608,76.92723534647,2024,2165.0,8.0,12.0,3.0,1.0,1.0,2.0,0.0,2.0
77000000,4,114,алматы,43.267796317297,76.925256130626,2024,2505.0,11.0,12.0,3.0,1.0,2.0,2.0,0.0,2.0
43000000,3,58,алматы,43.228742,76.852193,1968,944.0,3.0,4.0,2.0,1.0,2.0,2.0,0.0,2.0
31000000,2,40,алматы,43.296549011511,76.976557785816,2021,1428.0,4.0,9.0,3.0,1.0,1.0,2.0,1.0,2.0
21700000,1,43,алматы,43.281696,76.824848,2016,1845.0,8.0,9.0,3.0,2.0,1.0,2.0,0.0,2.0
19300000,1,29,алматы,43.26553586859,76.972309344149,2025,995.0,5.0,5.0,2.0,1.0,1.0,2.0,0.0,2.0
33000000,2,40,алматы,43.224565,76.890928,1969,463.0,2.0,4.0,1.0,2.0,2.0,2.0,0.0,2.0
29500000,2,45,алматы,43.198427,76.884955,1975,1601.0,3.0,5.0,2.0,2.0,1.0,2.0,0.0,2.0
47500000,2,61,алматы,43.267796317297,76.925256130626,2024,2505.0,8.0,12.0,3.0,6.0,2.0,2.0,0.0,2.0
32000000,3,73,алматы,43.321553076686,77.021032140871,2024,1866.0,1.0,5.0,3.0,1.0,2.0,1.0,0.0,2.0
42000000,3,64,алматы,43.199432,76.872603,1976,2219.0,3.0,5.0,2.0,2.0,2.0,2.0,0.0,2.0
49000000,3,132,алматы,43.223841127129,76.792911683095,2012,92.0,4.0,16.0,3.0,2.0,2.0,3.0,1.0,2.0
29500000,3,41,алматы,43.222506235302,76.896222991401,1963,862.0,4.0,6.0,2.0,1.0,2.0,2.0,0.0,2.0
54500000,3,68,алматы,43.245908745421,76.915815154138,1989,2389.0,2.0,9.0,1.0,2.0,2.0,1.0,0.0,2.0
43000000,3,64,алматы,43.198085771752,76.885699267946,1975,921.0,5.0,5.0,2.0,1.0,2.0,1.0,0.0,2.0
10500000,1,18,алматы,43.306689940202,76.899442373091,1978,2326.0,1.0,3.0,2.0,1.0,2.0,2.0,0.0,1.0
35000000,2,64,алматы,43.323343363905,76.983542598193,2018,2530.0,2.0,5.0,3.0,2.0,2.0,1.0,0.0,2.0
26000000,2,46,алматы,43.2243198234,76.863989866149,1969,2530.0,3.0,4.0,2.0,1.0,1.0,2.0,0.0,2.0
56000000,3,93,алматы,43.265200984731,76.901452102725,2007,1601.0,8.0,10.0,3.0,1.0,1.0,1.0,0.0,2.0
33500000,3,62,алматы,43.219402169691,76.853935230827,1971,2391.0,4.0,5.0,2.0,2.0,2.0,2.0,0.0,2.0
19000000,1,40,алматы,43.209059541386,76.7845168711,2025,3172.0,7.0,10.0,3.0,5.0,2.0,2.0,0.0,2.0
44000000,3,87,алматы,43.329499038902,76.940064839696,2021,1689.0,8.0,10.0,3.0,1.0,1.0,2.0,0.0,2.0
59000000,2,62,алматы,43.231239389032,76.884026527294,2016,601.0,2.0,17.0,3.0,1.0,2.0,1.0,0.0,2.0
30500000,2,46,алматы,43.231096989712,76.832493562958,2017,957.0,5.0,9.0,3.0,2.0,1.0,2.0,0.0,2.0
23500000,1,33,алматы,43.316949,76.916072,1982,349.0,3.0,5.0,2.0,1.0,2.0,2.0,0.0,2.0
35000000,3,62,алматы,43.237307444262,76.841818248023,1976,3417.0,2.0,5.0,2.0,6.0,2.0,1.0,0.0,2.0
45000000,2,56,алматы,43.170963727851,76.873844129838,2023,2284.0,3.0,4.0,3.0,1.0,1.0,1.0,0.0,2.0
48000000,3,62,алматы,43.22804,76.916468,1980,1601.0,3.0,4.0,2.0,2.0,1.0,2.0,0.0,2.0
67000000,2,75,алматы,43.260172,76.945214,1973,3277.0,4.0,7.0,3.0,1.0,1.0,2.0,0.0,2.0
48500000,2,55,алматы,43.24163413625,76.94084746627,1972,2239.0,7.0,9.0,2.0,2.0,2.0,2.0,0.0,2.0
33000000,2,67,алматы,43.209059541386,76.7845168711,2024,3172.0,7.0,9.0,3.0,6.0,2.0,2.0,0.0,2.0
32500000,1,40,алматы,43.231198493473,76.875074249725,2017,751.0,4.0,12.0,3.0,1.0,2.0,2.0,0.0,2.0
26000000,1,31,алматы,43.254027,76.917977,1973,2935.0,4.0,5.0,2.0,1.0,2.0,2.0,0.0,2.0
36500000,2,54,алматы,43.232000027759,76.837255305557,1988,2015.0,4.0,9.0,2.0,1.0,2.0,1.0,0.0,2.0
28000000,2,45,алматы,43.244085,76.814293,2010,3137.0,4.0,9.0,3.0,1.0,2.0,2.0,0.0,2.0
55000000,2,69,алматы,43.216943990623,76.880235853621,2017,534.0,9.0,16.0,3.0,1.0,2.0,2.0,0.0,2.0
40500000,3,63,алматы,43.262309466507,76.934160189163,1976,2396.0,1.0,5.0,2.0,1.0,2.0,1.0,0.0,2.0
49333332,2,52,алматы,43.217588011385,76.878253893997,2025,3426.0,3.0,9.0,3.0,5.0,2.0,2.0,0.0,2.0
63000000,3,75,алматы,43.246694687693,76.934792869121,1980,1899.0,1.0,5.0,1.0,1.0,2.0,1.0,0.0,2.0
30000000,1,40,алматы,43.196042140984,76.892570321425,1991,1065.0,8.0,9.0,2.0,2.0,1.0,2.0,0.0,2.0
35500000,1,36,алматы,43.216679032827,76.965694100525,1984,2470.0,5.0,5.0,1.0,2.0,2.0,2.0,0.0,2.0
66590000,3,69,алматы,43.1685067038,76.905236273065,2024,2029.0,2.0,3.0,3.0,1.0,1.0,2.0,0.0,2.0
64000000,2,58,алматы,43.236231961959,76.936727761495,2022,1667.0,4.0,10.0,3.0,1.0,1.0,1.0,1.0,2.0
64000000,2,95,алматы,43.239961664733,76.931742079537,2006,70.0,1.0,14.0,3.0,4.0,2.0,3.0,0.0,2.0
57000000,2,80,алматы,43.202407565482,76.873767691723,2011,113.0,14.0,17.0,3.0,2.0,2.0,1.0,0.0,2.0
43000000,1,45,алматы,43.232298371068,76.884929770359,2022,1714.0,11.0,14.0,3.0,2.0,2.0,2.0,0.0,2.0
19500000,1,28,алматы,43.224256,76.891961,1961,1895.0,1.0,4.0,1.0,1.0,2.0,2.0,0.0,2.0
71500000,2,67,алматы,43.208372068928,76.894944917757,2021,1481.0,8.0,10.0,3.0,1.0,2.0,2.0,0.0,2.0
82000000,3,77,алматы,43.211365939247,76.897194385529,2020,1125.0,5.0,18.0,3.0,1.0,2.0,3.0,0.0,2.0
27500000,2,52,алматы,43.353132,76.946696,1990,1601.0,5.0,5.0,2.0,1.0,2.0,1.0,0.0,2.0
32500000,2,58,алматы,43.305148,76.924507,2006,2059.0,3.0,5.0,3.0,2.0,2.0,1.0,0.0,2.0
32500000,1,33,алматы,43.262054183719,76.934686127647,1974,706.0,2.0,5.0,1.0,1.0,1.0,2.0,0.0,2.0
24800000,2,40,алматы,43.244341785765,76.839670651935,1974,401.0,4.0,5.0,2.0,2.0,2.0,2.0,0.0,2.0
80000000,3,80,алматы,43.229176,76.890327,2009,2693.0,4.0,9.0,3.0,1.0,2.0,1.0,0.0,2.0
82000000,2,65,алматы,43.213698003206,76.878590923345,2022,2558.0,16.0,16.0,3.0,1.0,1.0,2.0,0.0,2.0
19163088,1,39,алматы,43.20718,76.787101,2025,2333.0,3.0,9.0,1.0,6.0,2.0,2.0,0.0,2.0
21500000,1,32,алматы,43.226831,76.847154,1975,2129.0,1.0,4.0,2.0,1.0,2.0,2.0,0.0,2.0
25000000,1,38,алматы,43.360939,76.993399,1996,1343.0,3.0,5.0,2.0,2.0,3.0,2.0,0.0,2.0
53000000,2,68,алматы,43.184332402911,76.856212679909,2023,1898.0,2.0,3.0,3.0,1.0,2.0,2.0,0.0,2.0
61000000,2,52,алматы,43.207909039956,76.895041477282,2021,1481.0,7.0,6.0,3.0,1.0,2.0,2.0,0.0,2.0
26500000,2,44,алматы,43.224788,76.898888,1963,1542.0,3.0,4.0,1.0,1.0,2.0,2.0,0.0,2.0
63990000,2,45,алматы,43.19577594602,76.930354227115,2021,896.0,1.0,6.0,3.0,1.0,1.0,2.0,0.0,2.0
36000000,3,60,алматы,43.254191134358,76.871743637462,1975,1601.0,5.0,5.0,2.0,1.0,2.0,2.0,0.0,2.0
36000000,2,67,алматы,43.27896,76.821776,2015,3087.0,1.0,5.0,2.0,1.0,2.0,1.0,0.0,2.0
52500000,3,63,алматы,43.265179638936,76.918001685368,2021,1522.0,5.0,13.0,3.0,1.0,1.0,3.0,0.0,2.0
40000000,2,68,алматы,43.246705,76.852049,2022,2129.0,2.0,10.0,3.0,1.0,1.0,2.0,0.0,2.0
21500000,2,45,алматы,43.355577,76.988315,1961,1601.0,1.0,3.0,1.0,2.0,2.0,2.0,0.0,2.0
62000000,4,97,алматы,43.275067865311,76.814634026186,2024,2129.0,11.0,12.0,3.0,1.0,2.0,3.0,0.0,2.0
63000000,2,52,алматы,43.245066687003,76.95571428836,1962,806.0,2.0,3.0,1.0,2.0,2.0,1.0,0.0,2.0
35800000,3,60,алматы,43.221353574561,76.863227390213,1969,2960.0,3.0,4.0,2.0,2.0,2.0,2.0,0.0,2.0
49000000,2,51,алматы,43.204382164304,76.890769384351,2014,72.0,19.0,25.0,3.0,2.0,1.0,2.0,0.0,2.0
41000000,3,58,алматы,43.248419114724,76.918569889548,1977,1601.0,2.0,5.0,2.0,1.0,2.0,2.0,0.0,2.0
31000000,1,46,алматы,43.23359,76.886464,1985,2636.0,1.0,5.0,2.0,2.0,1.0,1.0,0.0,2.0
41000000,2,98,алматы,43.223901,76.793695,2015,92.0,11.0,16.0,3.0,1.0,2.0,2.0,0.0,2.0
84000000,3,63,алматы,43.240883686214,76.909196614086,2019,984.0,8.0,16.0,3.0,2.0,2.0,2.0,0.0,2.0
56000000,2,50,алматы,43.260304,76.946777,1970,1444.0,8.0,9.0,2.0,1.0,2.0,2.0,0.0,2.0
35500000,2,46,алматы,43.261986034315,76.930853753303,1988,3471.0,2.0,5.0,2.0,1.0,2.0,2.0,0.0,2.0
50000000,2,61,алматы,43.263278,76.930894,2021,1154.0,7.0,13.0,3.0,1.0,2.0,2.0,0.0,2.0
60000000,2,76,алматы,43.241478,76.825998,2006,685.0,4.0,9.0,3.0,1.0,2.0,1.0,0.0,2.0
23000000,2,36,алматы,43.16722431252,76.877614244296,1986,2648.0,5.0,5.0,1.0,1.0,2.0,2.0,0.0,1.0
35000000,2,44,алматы,43.200201960868,76.87463764213,1976,1601.0,1.0,5.0,2.0,2.0,1.0,2.0,0.0,2.0
21300000,1,45,алматы,43.302634692744,76.838188024054,2015,379.0,1.0,5.0,3.0,1.0,2.0,2.0,0.0,2.0
24800000,2,45,алматы,43.244806528557,76.838667749668,1974,1825.0,4.0,5.0,2.0,1.0,2.0,2.0,0.0,2.0
32000000,2,50,алматы,43.228749546377,76.841350530094,1987,1601.0,1.0,5.0,2.0,1.0,1.0,1.0,0.0,2.0
27500000,1,32,алматы,43.22419,76.899426,1962,388.0,4.0,4.0,2.0,1.0,1.0,2.0,0.0,2.0
27500000,1,33,алматы,43.244756680466,76.898692793913,1979,1018.0,5.0,5.0,2.0,2.0,1.0,2.0,0.0,2.0
28500000,1,34,алматы,43.233176,76.906379,1973,668.0,4.0,4.0,1.0,2.0,2.0,1.0,0.0,2.0
29000000,2,52,алматы,43.207080405515,76.787756693915,2023,2403.0,6.0,11.0,3.0,1.0,3.0,2.0,0.0,2.0
33500000,3,64,алматы,43.220254368024,76.785101054666,2021,1124.0,6.0,10.0,3.0,1.0,2.0,2.0,0.0,2.0
75000000,4,75,алматы,43.229255,76.95417,1994,1391.0,5.0,9.0,3.0,1.0,1.0,1.0,0.0,2.0
43500000,2,56,алматы,43.264773552322,76.951640518943,1973,1601.0,6.0,8.0,2.0,2.0,2.0,2.0,0.0,2.0
25500000,2,41,алматы,43.226778,76.906209,1961,1601.0,2.0,3.0,1.0,1.0,1.0,2.0,0.0,2.0
21000000,2,40,алматы,43.334765641538,76.942196728836,1963,2308.0,3.0,3.0,1.0,1.0,2.0,2.0,0.0,2.0
60000000,2,54,алматы,43.200398173594,76.964958148263,2021,2059.0,2.0,3.0,3.0,1.0,1.0,2.0,0.0,2.0
58300000,3,81,алматы,43.272892550366,76.946388049484,2023,1822.0,9.0,13.0,3.0,1.0,2.0,2.0,0.0,2.0
77000000,5,110,алматы,43.236861420793,76.879541516292,2022,1549.0,1.0,19.0,3.0,1.0,1.0,3.0,0.0,2.0
17000000,1,24,алматы,43.275947,76.928182,1958,1599.0,1.0,2.0,1.0,2.0,1.0,2.0,0.0,2.0
55000000,2,58,алматы,43.207343800535,76.897450162692,2018,1823.0,5.0,14.0,3.0,1.0,1.0,2.0,0.0,2.0
32000000,2,46,алматы,43.232178,76.887973,1981,1601.0,5.0,5.0,2.0,2.0,2.0,2.0,0.0,2.0
78800000,3,80,алматы,43.176279518043,76.897626303456,2021,1836.0,3.0,3.0,1.0,1.0,1.0,2.0,0.0,2.0
54000000,2,75,алматы,43.231074642998,76.885882615934,2014,601.0,6.0,12.0,3.0,1.0,2.0,2.0,0.0,2.0
82000000,3,126,алматы,43.203956325184,76.871722727203,2017,755.0,11.0,12.0,3.0,1.0,1.0,3.0,0.0,2.0
25000000,2,49,алматы,43.199301,76.84294,1965,1671.0,2.0,2.0,1.0,1.0,2.0,2.0,0.0,2.0
22500000,1,30,алматы,43.224142769161,76.891400424606,1962,2318.0,4.0,4.0,1.0,1.0,2.0,2.0,0.0,2.0
22000000,1,35,алматы,43.265891,76.854187,2022,2204.0,3.0,6.0,3.0,2.0,2.0,2.0,0.0,2.0
29900000,1,46,алматы,43.213143331361,76.854859494832,2006,758.0,9.0,9.0,3.0,1.0,2.0,2.0,0.0,2.0
45000000,2,77,алматы,43.252880955714,76.863294974868,2024,2523.0,1.0,13.0,3.0,6.0,2.0,2.0,0.0,2.0
20350000,1,31,алматы,43.212612046518,76.785847851211,2024,3417.0,3.0,4.0,3.0,1.0,3.0,2.0,0.0,2.0
57000000,2,81,алматы,43.218298294283,76.880121253562,2008,534.0,10.0,16.0,3.0,1.0,1.0,1.0,0.0,2.0
60000000,4,132,алматы,43.223914,76.793686,2012,1401.0,5.0,16.0,3.0,1.0,1.0,2.0,0.0,2.0
61000000,2,60,алматы,43.230307451528,76.87991853595,2019,983.0,5.0,12.0,3.0,1.0,1.0,2.0,0.0,2.0
27900000,2,50,алматы,43.314677278938,76.909217220896,2015,2444.0,6.0,6.0,3.0,1.0,2.0,2.0,0.0,2.0
32000000,1,41,алматы,43.218563319782,76.841623211366,1988,235.0,4.0,6.0,2.0,1.0,2.0,2.0,0.0,2.0
50000000,3,75,алматы,43.326018903605,76.987877864569,2019,2548.0,4.0,5.0,2.0,1.0,2.0,1.0,0.0,2.0
36000000,2,50,алматы,43.342059,76.985189,1991,1609.0,9.0,9.0,1.0,1.0,1.0,1.0,0.0,2.0
65000000,3,81,алматы,43.217699,76.836841,2007,2869.0,5.0,10.0,3.0,2.0,2.0,1.0,0.0,2.0
64000000,3,80,алматы,43.230821937045,76.875406843642,2017,751.0,2.0,12.0,3.0,2.0,2.0,1.0,0.0,2.0
59000000,3,96,алматы,43.230028241857,76.876761868133,2020,1401.0,16.0,16.0,3.0,4.0,2.0,3.0,0.0,2.0
80000000,4,110,алматы,43.170241568993,76.910204886954,2024,2066.0,2.0,3.0,3.0,1.0,2.0,2.0,0.0,2.0
32000000,1,41,алматы,43.224663,76.839185,1994,1601.0,8.0,9.0,2.0,1.0,2.0,2.0,0.0,2.0
56000000,2,50,алматы,43.233894267748,76.875101566839,2020,1206.0,14.0,16.0,3.0,1.0,1.0,2.0,0.0,2.0
66500000,3,118,алматы,43.214819466228,76.874148845673,2017,1060.0,7.0,17.0,3.0,1.0,2.0,3.0,0.0,2.0
25700000,1,50,алматы,43.207953813856,76.789556848027,2021,1785.0,2.0,9.0,3.0,2.0,1.0,2.0,0.0,2.0
35000000,2,44,алматы,43.226108,76.903433,1968,1674.0,4.0,4.0,1.0,1.0,2.0,2.0,0.0,2.0
28500000,2,64,алматы,43.21949489653,76.870315131755,1965,1527.0,1.0,5.0,2.0,2.0,2.0,2.0,0.0,2.0
30500000,1,35,алматы,43.196006141247,76.875752847885,1984,2278.0,4.0,5.0,1.0,2.0,2.0,2.0,0.0,2.0
32000000,2,45,алматы,43.246970041536,76.852302446655,2021,2129.0,9.0,10.0,3.0,1.0,2.0,2.0,0.0,2.0
39000000,2,66,алматы,43.219631,76.842887,2009,225.0,12.0,12.0,3.0,2.0,2.0,2.0,1.0,2.0
47000000,2,68,алматы,43.212594,76.845222,2015,3201.0,1.0,17.0,3.0,1.0,1.0,2.0,0.0,2.0
46500000,3,72,алматы,43.255868686893,76.882043412373,1987,1972.0,4.0,5.0,2.0,1.0,2.0,1.0,0.0,2.0
18500000,1,29,алматы,43.319088529406,76.839972493612,2018,400.0,4.0,5.0,3.0,1.0,3.0,2.0,0.0,2.0
40000000,2,60,алматы,43.233537,76.892815,1980,1165.0,8.0,9.0,2.0,1.0,2.0,2.0,0.0,2.0
72000000,3,91,алматы,43.210452,76.915417,1990,1833.0,8.0,12.0,3.0,1.0,2.0,1.0,0.0,2.0
28000000,2,51,алматы,43.323921,76.938863,1988,1186.0,5.0,5.0,1.0,1.0,2.0,1.0,0.0,2.0
28500000,2,44,алматы,43.232868,76.850441,1964,2375.0,1.0,4.0,2.0,1.0,1.0,2.0,0.0,2.0
29250000,2,59,алматы,43.297161341424,76.997300929717,2024,2960.0,7.0,6.0,3.0,1.0,2.0,2.0,0.0,2.0
34000000,3,60,алматы,43.235134,76.856981,1963,1777.0,4.0,4.0,2.0,1.0,2.0,2.0,0.0,2.0
59000000,2,53,алматы,43.238544851106,76.932968483232,2020,1577.0,2.0,9.0,3.0,1.0,1.0,1.0,0.0,2.0
42000000,2,45,алматы,43.245451,76.955607,1960,2215.0,3.0,4.0,1.0,1.0,2.0,2.0,0.0,2.0
52000000,3,72,алматы,43.236421,76.903864,1989,1448.0,9.0,9.0,2.0,2.0,2.0,1.0,0.0,2.0
30000000,2,54,алматы,43.361345,76.993525,1994,1601.0,1.0,5.0,2.0,1.0,2.0,1.0,0.0,2.0
36000000,3,64,алматы,43.32846,76.962219,1971,1601.0,2.0,4.0,1.0,2.0,1.0,2.0,0.0,2.0
82000000,3,86,алматы,43.237604471488,76.895563588306,2019,1051.0,4.0,14.0,3.0,1.0,1.0,3.0,0.0,2.0
30206400,1,40,алматы,43.230028241857,76.876761868133,2021,1401.0,4.0,16.0,3.0,6.0,2.0,2.0,0.0,2.0
52000000,3,86,алматы,43.24446,76.814563,2012,1601.0,2.0,9.0,3.0,1.0,2.0,3.0,0.0,2.0
35500000,1,42,алматы,43.244748,76.91565,1991,1695.0,2.0,9.0,1.0,2.0,2.0,2.0,0.0,2.0
33700000,1,53,алматы,43.24331255684,76.875931342729,2012,463.0,8.0,19.0,3.0,2.0,1.0,2.0,0.0,2.0
72261120,3,76,алматы,43.208523854873,76.892832802624,2025,156.0,4.0,6.0,2.0,1.0,2.0,2.0,0.0,2.0
46000000,2,48,алматы,43.233894267748,76.875101566839,2020,1206.0,4.0,16.0,3.0,4.0,2.0,2.0,0.0,2.0
34500000,2,54,алматы,43.219372279986,76.83601786213,1997,1522.0,6.0,6.0,1.0,2.0,2.0,1.0,0.0,2.0
60000000,3,88,алматы,43.219629332987,76.841454642472,2011,123.0,4.0,12.0,3.0,1.0,2.0,1.0,0.0,2.0
29000000,1,40,алматы,43.214349,76.874831,1989,212.0,9.0,9.0,2.0,2.0,2.0,2.0,0.0,2.0
41000000,3,67,алматы,43.273735715795,76.816685606878,2024,2147.0,2.0,12.0,3.0,1.0,2.0,2.0,0.0,2.0
85000000,2,84,алматы,43.228100384721,76.936966263784,2025,1475.0,7.0,6.0,3.0,1.0,3.0,3.0,0.0,2.0
40500000,2,59,алматы,43.265595,76.820779,2018,1446.0,1.0,12.0,3.0,1.0,1.0,1.0,0.0,2.0
32000000,1,31,алматы,43.223753191461,76.960690942727,1976,2892.0,5.0,5.0,2.0,1.0,2.0,2.0,0.0,2.0
62000000,2,62,алматы,43.243855,76.922756,2021,1324.0,6.0,13.0,3.0,1.0,2.0,2.0,0.0,2.0
32000000,2,62,алматы,43.215058,76.777579,2020,1254.0,6.0,9.0,3.0,1.0,1.0,2.0,0.0,2.0
25500000,2,52,алматы,43.215348473904,76.776248335208,2020,3346.0,9.0,10.0,3.0,1.0,1.0,2.0,0.0,2.0
41000000,3,72,алматы,43.266703546156,76.819914404307,2020,1117.0,11.0,12.0,3.0,1.0,2.0,2.0,0.0,2.0
35500000,2,60,алматы,43.236454,76.80876,2023,1171.0,16.0,16.0,3.0,1.0,1.0,2.0,0.0,2.0
31500000,3,62,алматы,43.214073,76.858275,1975,662.0,1.0,4.0,2.0,2.0,1.0,1.0,0.0,2.0
26400000,2,46,алматы,43.216057,76.867994,1968,1707.0,3.0,4.0,2.0,2.0,2.0,2.0,0.0,2.0
81000000,4,84,алматы,43.240394,76.907251,1970,2065.0,2.0,4.0,1.0,1.0,2.0,2.0,0.0,2.0
39000000,1,41,алматы,43.231074642998,76.885882615934,2016,601.0,4.0,16.0,3.0,1.0,1.0,2.0,0.0,2.0
70000000,3,67,алматы,43.235571600028,76.955577136246,1986,1842.0,4.0,6.0,3.0,1.0,2.0,2.0,0.0,2.0
50000000,2,44,алматы,43.219532,76.964276,1964,1959.0,4.0,4.0,1.0,1.0,2.0,2.0,0.0,2.0
39000000,2,62,алматы,43.219782,76.812074,2024,2388.0,12.0,13.0,3.0,1.0,2.0,1.0,0.0,2.0
57000000,2,72,алматы,43.206632334711,76.884845495224,2016,123.0,6.0,16.0,3.0,1.0,2.0,2.0,0.0,2.0
39500000,3,60,алматы,43.267976628237,76.941061203705,1969,1124.0,3.0,4.0,2.0,1.0,2.0,1.0,0.0,2.0
17200000,1,30,алматы,43.311249,76.897378,2014,818.0,6.0,7.0,3.0,2.0,2.0,2.0,0.0,2.0
28000000,2,42,алматы,43.228952661596,76.846329577298,1963,1125.0,1.0,4.0,2.0,2.0,2.0,2.0,0.0,2.0
73000000,3,72,алматы,43.244361,76.939671,1966,1599.0,3.0,4.0,1.0,1.0,2.0,2.0,0.0,2.0
61591400,2,55,алматы,43.255823113202,76.978617966075,2025,2785.0,5.0,6.0,3.0,1.0,2.0,2.0,0.0,2.0
39500000,3,56,алматы,43.24532,76.839814,1974,2220.0,3.0,5.0,2.0,1.0,2.0,1.0,0.0,2.0
55000000,2,50,алматы,43.232910252441,76.873660044629,2024,1206.0,12.0,16.0,3.0,1.0,3.0,2.0,0.0,2.0
13000000,1,17,алматы,43.242791,76.840407,1981,1601.0,5.0,5.0,1.0,1.0,1.0,2.0,0.0,1.0
51700000,2,73,алматы,43.251796321444,76.897382320034,2023,1853.0,13.0,13.0,3.0,6.0,2.0,2.0,0.0,2.0
48000000,2,70,алматы,43.241064,76.855238,2016,464.0,8.0,10.0,3.0,2.0,1.0,1.0,0.0,2.0
36500000,3,60,алматы,43.322144,76.910521,1985,2167.0,4.0,5.0,2.0,2.0,2.0,1.0,0.0,2.0
43000000,2,39,алматы,43.230754022994,76.881036758423,2024,983.0,10.0,12.0,3.0,1.0,2.0,2.0,0.0,2.0
44000000,2,57,алматы,43.221746,76.891494,1989,2931.0,6.0,9.0,2.0,1.0,2.0,2.0,0.0,2.0
36000000,2,54,алматы,43.327679,76.920124,1991,349.0,1.0,5.0,2.0,1.0,1.0,1.0,0.0,2.0
56000000,2,58,алматы,43.194727434583,76.931100420965,2019,576.0,4.0,7.0,3.0,1.0,1.0,2.0,0.0,2.0
45500000,3,63,алматы,43.227797,76.932332,1975,3172.0,1.0,5.0,2.0,1.0,1.0,2.0,0.0,2.0
23500000,1,37,алматы,43.26358,76.820806,2020,1126.0,11.0,12.0,3.0,1.0,1.0,2.0,0.0,2.0
26074000,2,60,алматы,43.24739267165,76.806197081648,2024,2691.0,8.0,12.0,3.0,1.0,2.0,2.0,0.0,2.0
50000000,2,55,алматы,43.260927,76.934569,1975,1472.0,2.0,5.0,1.0,2.0,1.0,2.0,0.0,2.0
39000000,3,75,алматы,43.265678564445,76.900568575895,2006,71.0,8.0,9.0,3.0,1.0,2.0,1.0,0.0,2.0
49500000,3,102,алматы,43.236449621745,76.881310450375,2024,2555.0,19.0,6.0,3.0,1.0,2.0,2.0,0.0,2.0
26500000,1,33,алматы,43.268838,76.944657,1971,1726.0,4.0,5.0,2.0,1.0,2.0,2.0,0.0,2.0
26000000,1,38,алматы,43.306231,76.922792,2006,2524.0,5.0,5.0,1.0,1.0,2.0,2.0,0.0,2.0
19292584,1,38,алматы,43.20718,76.787101,2025,2861.0,6.0,9.0,3.0,6.0,2.0,2.0,0.0,2.0
30500000,2,57,алматы,43.290035389013,77.014762315237,2020,1601.0,3.0,10.0,3.0,1.0,1.0,2.0,0.0,2.0
61000000,4,75,алматы,43.236716301955,76.879343032826,2022,1549.0,17.0,19.0,3.0,1.0,2.0,1.0,0.0,2.0
19500000,1,40,алматы,43.358566,76.923016,2010,997.0,5.0,6.0,3.0,1.0,2.0,2.0,0.0,2.0
26500000,2,44,алматы,43.219355,76.864689,1969,1855.0,4.0,4.0,2.0,1.0,2.0,2.0,0.0,2.0
81900000,3,84,алматы,43.252021092113,76.897559165955,2021,1323.0,8.0,13.0,3.0,1.0,2.0,2.0,0.0,2.0
36500000,3,56,алматы,43.261742,76.917016,1971,1504.0,1.0,4.0,2.0,2.0,2.0,2.0,0.0,2.0
50000000,3,85,алматы,43.244164,76.812389,2016,692.0,9.0,16.0,3.0,1.0,1.0,3.0,0.0,2.0
43500000,2,43,алматы,43.234227255462,76.890671254514,2024,2125.0,12.0,13.0,3.0,1.0,1.0,2.0,0.0,2.0
26500000,1,45,алматы,43.244893,76.8137,2010,1601.0,9.0,9.0,3.0,1.0,1.0,2.0,1.0,2.0
23500000,1,45,алматы,43.221043997424,76.795100365651,2012,92.0,14.0,16.0,3.0,2.0,2.0,2.0,0.0,2.0
33000000,2,45,алматы,43.198827,76.872073,1976,1096.0,4.0,5.0,2.0,2.0,1.0,2.0,0.0,2.0
65000000,3,90,алматы,43.288614411414,77.000030958433,2024,3090.0,6.0,6.0,3.0,6.0,2.0,3.0,0.0,2.0
31500000,3,60,алматы,43.214073,76.858275,1975,113.0,1.0,4.0,2.0,2.0,2.0,1.0,0.0,2.0
45000000,3,77,алматы,43.241373,76.809685,2021,1601.0,2.0,6.0,3.0,1.0,1.0,2.0,0.0,2.0
28000000,1,30,алматы,43.214421,76.894306,1984,1601.0,1.0,3.0,2.0,2.0,2.0,2.0,0.0,2.0
19950000,1,32,алматы,43.207377049926,76.787344305557,2021,1601.0,7.0,10.0,3.0,2.0,1.0,2.0,0.0,2.0
40000000,1,44,алматы,43.274668146156,76.815875077925,2024,2147.0,12.0,12.0,3.0,1.0,2.0,2.0,0.0,2.0
35000000,2,58,алматы,43.266961,76.821174,2020,2691.0,2.0,12.0,3.0,1.0,1.0,1.0,0.0,2.0
41000000,3,65,алматы,43.210439,76.873286,1986,2444.0,1.0,5.0,2.0,1.0,2.0,2.0,0.0,2.0
29000000,1,33,алматы,43.230017,76.920034,1972,1601.0,2.0,4.0,2.0,1.0,2.0,2.0,0.0,2.0
34500000,2,62,алматы,43.315316,77.033805,2024,273.0,12.0,12.0,3.0,1.0,1.0,2.0,1.0,2.0
60000000,2,70,алматы,43.246594,76.922298,1974,1601.0,4.0,5.0,1.0,1.0,2.0,1.0,0.0,2.0
48000000,3,63,алматы,43.214999,76.894576,1984,2965.0,2.0,5.0,2.0,1.0,1.0,1.0,0.0,2.0
44749000,3,76,алматы,43.35753,76.951484,2008,2474.0,4.0,6.0,3.0,2.0,1.0,1.0,0.0,2.0
23500000,1,31,алматы,43.229544,76.844692,1969,2125.0,2.0,4.0,2.0,1.0,2.0,2.0,0.0,2.0
57000000,2,72,алматы,43.206632334711,76.884845495224,2016,123.0,6.0,16.0,3.0,2.0,1.0,2.0,0.0,2.0
33500000,1,42,алматы,43.26067787684,76.814966553984,2017,921.0,2.0,9.0,3.0,1.0,1.0,2.0,0.0,2.0
72600000,2,60,алматы,43.209159961877,76.893124549738,2023,2199.0,9.0,16.0,3.0,1.0,2.0,2.0,0.0,2.0
65000000,2,61,алматы,43.224764870686,76.935663185678,2023,2174.0,3.0,12.0,3.0,1.0,2.0,3.0,0.0,2.0
23000000,1,35,алматы,43.356645,76.924498,2008,1601.0,4.0,6.0,3.0,1.0,1.0,2.0,0.0,2.0
26500000,2,34,алматы,43.170047772424,76.875159067479,2013,23.0,2.0,5.0,3.0,2.0,1.0,2.0,0.0,2.0
63000000,2,86,алматы,43.240437204993,76.932032106934,2006,70.0,2.0,14.0,3.0,1.0,2.0,3.0,0.0,2.0
44000000,2,70,алматы,43.325422669398,77.01359869304,2022,1476.0,3.0,4.0,3.0,1.0,1.0,2.0,0.0,2.0
39499000,2,78,алматы,43.241504,76.824363,2006,2428.0,7.0,9.0,3.0,2.0,1.0,3.0,0.0,2.0
37000000,2,50,алматы,43.293292,77.006676,2023,2021.0,2.0,5.0,3.0,1.0,1.0,2.0,0.0,2.0
47000000,2,47,алматы,43.25712801158,76.914003916069,2016,729.0,7.0,12.0,3.0,1.0,1.0,2.0,0.0,2.0
42500000,3,57,алматы,43.239738,76.947172,1974,71.0,4.0,5.0,2.0,2.0,2.0,2.0,0.0,2.0
21000000,2,35,алматы,43.307140774146,76.899838767855,1978,2760.0,2.0,3.0,1.0,2.0,2.0,2.0,0.0,1.0
37500000,2,62,алматы,43.243744,76.815838,2010,11.0,7.0,9.0,3.0,1.0,2.0,2.0,0.0,2.0
33500000,3,62,алматы,43.255577,76.910179,1970,1601.0,4.0,4.0,2.0,1.0,2.0,2.0,0.0,2.0
39500000,3,64,алматы,43.240611,76.829574,1993,325.0,5.0,12.0,3.0,1.0,2.0,1.0,0.0,2.0
29000000,2,48,алматы,43.241688,76.809541,2022,1601.0,8.0,10.0,2.0,1.0,1.0,2.0,0.0,2.0
52000000,3,73,алматы,43.243777,76.912371,1963,1694.0,3.0,4.0,1.0,1.0,1.0,3.0,0.0,2.0
39000000,2,38,алматы,43.304881770624,77.002161114559,2022,2874.0,3.0,3.0,3.0,1.0,1.0,3.0,1.0,2.0
42000000,2,53,алматы,43.260838531488,76.901146925016,2024,1992.0,8.0,12.0,3.0,6.0,2.0,1.0,0.0,2.0
35500000,2,60,алматы,43.236362,76.839787,1984,3245.0,5.0,9.0,2.0,1.0,2.0,1.0,0.0,2.0
27500000,2,45,алматы,43.206372,76.836652,1985,2280.0,1.0,5.0,2.0,1.0,2.0,2.0,0.0,2.0
13900000,1,28,алматы,43.348943,76.991612,1960,2022.0,1.0,2.0,1.0,2.0,2.0,2.0,0.0,2.0
35000000,2,52,алматы,43.227297,76.884559,1989,1601.0,5.0,5.0,2.0,2.0,2.0,1.0,0.0,2.0
56000000,3,66,алматы,43.257025821606,76.923742030183,2017,1049.0,4.0,10.0,3.0,1.0,1.0,2.0,0.0,2.0
34000000,2,70,алматы,43.278769,76.819333,2012,2979.0,3.0,5.0,3.0,1.0,1.0,1.0,0.0,2.0
53000000,3,70,алматы,43.195786325044,76.878120931057,1978,120.0,9.0,9.0,2.0,1.0,2.0,2.0,0.0,2.0
55000000,2,75,алматы,43.204927790695,76.877060549887,2010,48.0,8.0,15.0,3.0,2.0,2.0,1.0,0.0,2.0
19000000,1,36,алматы,43.355563142354,76.923257744705,2009,2283.0,1.0,6.0,3.0,2.0,1.0,2.0,0.0,2.0
29000000,2,56,алматы,43.36303,76.995151,1991,92.0,5.0,5.0,1.0,2.0,2.0,1.0,0.0,2.0
35000000,2,42,алматы,43.253285,76.876789,1977,803.0,2.0,5.0,2.0,1.0,2.0,2.0,0.0,2.0
15000000,1,26,алматы,43.245713657756,76.806476994447,2024,2691.0,5.0,12.0,3.0,5.0,2.0,2.0,0.0,2.0
63500000,3,92,алматы,43.200727,76.841467,2005,1186.0,9.0,9.0,3.0,1.0,2.0,2.0,0.0,2.0
28000000,1,40,алматы,43.197200335688,76.872179990074,1978,1537.0,8.0,9.0,2.0,2.0,2.0,2.0,0.0,2.0
24000000,1,41,алматы,43.295123,76.978191,2024,1601.0,2.0,9.0,3.0,1.0,3.0,2.0,0.0,2.0
37000000,2,47,алматы,43.235587,76.915578,1976,3255.0,4.0,5.0,2.0,2.0,1.0,1.0,0.0,2.0
30000000,2,57,алматы,43.260299061855,76.814625991878,2017,3148.0,9.0,9.0,3.0,1.0,1.0,2.0,0.0,2.0
28000000,2,41,алматы,43.288508,77.003829,2020,2080.0,1.0,9.0,3.0,1.0,1.0,2.0,0.0,2.0
75000000,4,84,алматы,43.325095,76.912488,1988,2166.0,2.0,5.0,2.0,1.0,2.0,2.0,0.0,2.0
33000000,2,46,алматы,43.271136,76.939869,1966,92.0,2.0,4.0,2.0,2.0,2.0,1.0,0.0,2.0
41000000,2,67,алматы,43.249614,76.870429,2007,692.0,7.0,9.0,3.0,1.0,2.0,1.0,0.0,2.0
71000000,3,72,алматы,43.247372972997,76.94707859259,1956,3191.0,3.0,3.0,1.0,2.0,2.0,2.0,0.0,2.0
32000000,1,51,алматы,43.220463452321,76.840567210975,2005,1097.0,7.0,9.0,3.0,2.0,2.0,2.0,0.0,2.0
28700000,1,33,алматы,43.255268,76.885835,1978,756.0,3.0,5.0,2.0,1.0,2.0,2.0,0.0,2.0
49900000,3,63,алматы,43.229445,76.89948,1978,1821.0,2.0,5.0,2.0,1.0,2.0,2.0,0.0,2.0
83900000,2,80,алматы,43.230136141079,76.958074092065,2017,101.0,3.0,20.0,3.0,1.0,1.0,2.0,0.0,2.0
51500000,3,70,алматы,43.242759104079,76.856296918937,2023,1601.0,4.0,6.0,2.0,1.0,2.0,2.0,0.0,2.0
40111111,2,55,алматы,43.219224369459,76.88635312705,2023,1959.0,4.0,15.0,3.0,1.0,2.0,2.0,0.0,2.0
66000000,3,72,алматы,43.236336,76.881981,2024,2555.0,8.0,18.0,3.0,1.0,2.0,3.0,0.0,2.0
54000000,2,50,алматы,43.233533415592,76.876174450445,2019,1206.0,13.0,16.0,2.0,1.0,1.0,2.0,0.0,2.0
24500000,1,37,алматы,43.326945,76.924525,1988,876.0,4.0,5.0,2.0,1.0,2.0,2.0,0.0,2.0
23500000,1,33,алматы,43.219362,76.873555,1966,1719.0,4.0,5.0,2.0,2.0,2.0,2.0,0.0,2.0
58000000,3,92,алматы,43.272466903006,76.829214516536,2022,2115.0,7.0,7.0,3.0,1.0,1.0,3.0,0.0,2.0
31200000,2,58,алматы,43.266703546156,76.819914404307,2019,1117.0,7.0,12.0,3.0,1.0,2.0,2.0,0.0,2.0
25000000,1,43,алматы,43.316733144786,76.975085735321,2023,1244.0,1.0,9.0,3.0,1.0,1.0,2.0,0.0,2.0
45500000,2,44,алматы,43.239238926901,76.883073837862,2024,1812.0,6.0,12.0,3.0,2.0,1.0,2.0,0.0,2.0
73000000,4,145,алматы,43.18657764778,76.811290997139,2008,389.0,4.0,6.0,3.0,1.0,1.0,3.0,0.0,2.0
39000000,2,55,алматы,43.266146750341,76.854462230547,2021,2506.0,6.0,6.0,3.0,1.0,1.0,2.0,0.0,2.0
52000000,3,79,алматы,43.237938,76.826834,2009,2280.0,4.0,10.0,3.0,2.0,2.0,1.0,0.0,2.0
34500000,2,63,алматы,43.209237812826,76.789643194563,2020,1060.0,3.0,9.0,3.0,1.0,2.0,2.0,0.0,2.0
31000000,2,44,алматы,43.258322440143,76.866277456229,2024,2981.0,1.0,12.0,3.0,1.0,1.0,2.0,0.0,2.0
27000000,1,30,алматы,43.228237,76.894333,1981,2125.0,3.0,5.0,1.0,2.0,1.0,2.0,0.0,2.0
44000000,4,84,алматы,43.235586995853,76.827967424259,1989,1134.0,4.0,5.0,2.0,2.0,2.0,2.0,0.0,2.0
28000000,1,34,алматы,43.266705247455,76.951795320434,1973,349.0,4.0,5.0,2.0,1.0,2.0,2.0,0.0,2.0
25500000,1,52,алматы,43.206736252268,76.787917877038,2023,2909.0,10.0,10.0,3.0,1.0,2.0,2.0,0.0,2.0
42500000,3,71,алматы,43.263707735773,76.901680160713,1989,1855.0,4.0,5.0,1.0,2.0,2.0,1.0,0.0,2.0
71500000,2,62,алматы,43.204489161263,76.897838115691,2018,871.0,11.0,12.0,3.0,2.0,1.0,2.0,0.0,2.0
31000000,3,51,алматы,43.33286,76.951637,1971,1601.0,1.0,4.0,1.0,4.0,2.0,2.0,0.0,2.0
30500000,2,53,алматы,43.239289260413,76.825541842908,2000,2599.0,1.0,12.0,3.0,1.0,2.0,1.0,0.0,2.0
75000000,2,57,алматы,43.209256493976,76.89236980041,2024,2199.0,5.0,16.0,3.0,1.0,2.0,2.0,0.0,2.0
27000000,1,33,алматы,43.230306,76.904942,1963,3370.0,4.0,4.0,1.0,2.0,1.0,2.0,0.0,2.0
48000000,2,50,алматы,43.205216710192,76.893489130639,2019,1552.0,7.0,18.0,3.0,1.0,2.0,2.0,0.0,2.0
37500000,2,42,алматы,43.288614411414,77.000030958433,2024,3090.0,2.0,6.0,3.0,1.0,2.0,2.0,0.0,2.0
30000000,3,57,алматы,43.392267,77.005284,1963,2374.0,3.0,4.0,1.0,2.0,2.0,2.0,0.0,2.0
43000000,2,55,алматы,43.264151,76.942132,1980,2377.0,4.0,5.0,1.0,1.0,1.0,1.0,0.0,2.0
23000000,1,46,алматы,43.209722527956,76.78433396494,2025,2200.0,7.0,9.0,2.0,1.0,2.0,2.0,0.0,2.0
36000000,2,43,алматы,43.195978908476,76.879762503302,1975,1401.0,2.0,5.0,2.0,1.0,1.0,2.0,0.0,2.0
40500000,2,51,алматы,43.264617,76.962973,1977,983.0,4.0,5.0,1.0,4.0,2.0,1.0,0.0,2.0
17900000,1,33,алматы,43.24739267165,76.806197081648,2024,2691.0,5.0,12.0,3.0,5.0,2.0,2.0,0.0,2.0
36400000,3,74,алматы,43.213914774889,76.789336410704,2018,1064.0,8.0,9.0,3.0,2.0,1.0,1.0,0.0,2.0
63500000,2,59,алматы,43.243514,76.917483,2009,55.0,12.0,22.0,3.0,1.0,1.0,2.0,0.0,2.0
63000000,3,94,алматы,43.252770037577,76.898038528083,2023,1853.0,10.0,13.0,3.0,1.0,2.0,2.0,0.0,2.0
67000000,3,73,алматы,43.230028241857,76.876761868133,2019,1401.0,12.0,16.0,3.0,1.0,1.0,3.0,0.0,2.0
21700000,1,33,алматы,43.230903613486,76.861834628311,1977,2052.0,1.0,4.0,2.0,2.0,2.0,2.0,0.0,2.0
56000000,2,74,алматы,43.230189904702,76.841682910838,2019,1474.0,7.0,10.0,3.0,1.0,1.0,3.0,0.0,2.0
50000000,3,58,алматы,43.215728,76.860305,1968,1124.0,4.0,4.0,2.0,2.0,1.0,2.0,0.0,2.0
42000000,2,50,алматы,43.253021519391,76.901516265389,2023,1434.0,17.0,17.0,3.0,6.0,2.0,2.0,0.0,2.0
34500000,2,40,алматы,43.226912464181,76.913331338623,1962,144.0,1.0,4.0,1.0,1.0,2.0,2.0,0.0,2.0
85000000,4,100,алматы,43.234148,76.927409,1980,349.0,3.0,5.0,1.0,1.0,2.0,2.0,0.0,2.0
17000000,1,47,алматы,43.319916931188,76.987772919511,2023,2663.0,9.0,9.0,3.0,6.0,3.0,2.0,0.0,2.0
53000000,2,63,алматы,43.274627726079,76.815817433109,2024,2147.0,3.0,12.0,3.0,1.0,2.0,2.0,0.0,2.0
29000000,1,40,алматы,43.288447548674,76.949766920982,2024,2236.0,4.0,13.0,3.0,1.0,1.0,2.0,0.0,2.0
28500000,2,50,алматы,43.261315,76.816584,2017,775.0,2.0,14.0,3.0,1.0,2.0,2.0,0.0,2.0
23000000,1,35,алматы,43.249830115932,76.826560588692,2017,578.0,5.0,12.0,3.0,1.0,1.0,2.0,0.0,2.0
81500000,3,90,алматы,43.208934,76.912497,2008,3014.0,5.0,12.0,3.0,1.0,1.0,3.0,0.0,2.0
21500000,1,40,алматы,43.358381459181,76.921886668647,2010,706.0,4.0,6.0,3.0,1.0,1.0,2.0,0.0,2.0
20500000,1,30,алматы,43.208267413869,76.789040385248,2022,2403.0,2.0,10.0,3.0,1.0,2.0,2.0,0.0,2.0
27800000,2,47,алматы,43.206879538099,76.784853367198,2023,2403.0,6.0,9.0,3.0,1.0,1.0,2.0,0.0,2.0
27000000,1,40,алматы,43.24247,76.837281,1984,2523.0,7.0,9.0,2.0,1.0,1.0,2.0,0.0,2.0
21000000,2,41,алматы,43.34792,76.94798,1970,1821.0,1.0,1.0,1.0,1.0,2.0,1.0,0.0,2.0
14500000,1,20,алматы,43.214539,76.868515,1970,3392.0,3.0,4.0,1.0,1.0,2.0,2.0,0.0,1.0
58000000,3,102,алматы,43.241939541628,76.826465465307,2006,1206.0,3.0,9.0,3.0,1.0,2.0,1.0,0.0,2.0
52000000,2,58,алматы,43.202407565482,76.873767691723,2011,113.0,7.0,16.0,3.0,1.0,1.0,2.0,0.0,2.0
23000000,1,48,алматы,43.274088582466,76.82941028513,2024,2115.0,2.0,7.0,3.0,5.0,2.0,2.0,0.0,2.0
38000000,2,44,алматы,43.259421838792,76.927448301697,2015,630.0,15.0,16.0,3.0,2.0,2.0,3.0,0.0,2.0
35000000,3,53,алматы,43.273731330676,76.811748301844,2025,3220.0,3.0,6.0,3.0,1.0,2.0,2.0,0.0,2.0
32000000,1,36,алматы,43.216169,76.90072,1983,1601.0,3.0,5.0,2.0,1.0,1.0,2.0,0.0,2.0
29500000,2,56,алматы,43.260503549015,76.82140531891,2019,636.0,10.0,12.0,3.0,1.0,1.0,2.0,0.0,2.0
63500000,3,68,алматы,43.230025690219,76.935260295868,2020,1325.0,4.0,10.0,3.0,6.0,2.0,1.0,0.0,2.0
31500000,1,33,алматы,43.244092,76.941926,1964,1822.0,3.0,4.0,2.0,1.0,1.0,2.0,0.0,2.0
28390000,2,57,алматы,43.296930865871,76.998199280307,2025,2960.0,7.0,7.0,3.0,6.0,2.0,2.0,0.0,2.0
35000000,3,58,алматы,43.249689077159,76.790613103329,2023,854.0,3.0,3.0,2.0,1.0,2.0,2.0,0.0,2.0
22973280,2,52,алматы,43.230469366362,76.780980100066,2020,1821.0,4.0,9.0,3.0,6.0,2.0,2.0,0.0,2.0
56000000,2,56,алматы,43.236850249699,76.890515741168,2024,3020.0,3.0,9.0,3.0,1.0,2.0,2.0,0.0,2.0
19500000,1,30,алматы,43.288440379029,77.00450589205,2020,1601.0,7.0,9.0,3.0,2.0,1.0,2.0,0.0,2.0
45000000,1,42,алматы,43.236697447736,76.897770222931,2015,20.0,7.0,17.0,3.0,1.0,1.0,2.0,0.0,2.0
42000000,2,74,алматы,43.325422669398,77.01359869304,2020,1476.0,3.0,4.0,1.0,1.0,1.0,2.0,0.0,2.0
28000000,2,44,алматы,43.254106,76.918911,1975,1497.0,1.0,4.0,2.0,2.0,2.0,2.0,0.0,2.0
65000000,3,78,алматы,43.19819,76.911507,1995,3006.0,1.0,9.0,2.0,1.0,2.0,1.0,0.0,2.0
80000000,3,100,алматы,43.230028241857,76.876761868133,2019,1401.0,13.0,16.0,3.0,1.0,2.0,2.0,0.0,2.0
38500000,1,49,алматы,43.202407565482,76.873767691723,2015,113.0,1.0,16.0,3.0,2.0,1.0,2.0,0.0,2.0
27500000,1,33,алматы,43.228808300429,76.904042798603,1980,2797.0,4.0,5.0,2.0,1.0,2.0,2.0,0.0,2.0
75000000,3,110,алматы,43.194727434583,76.931100420965,2019,576.0,3.0,8.0,3.0,2.0,1.0,3.0,0.0,2.0
43000000,3,60,алматы,43.168667079084,76.905237991299,2025,2029.0,1.0,3.0,3.0,1.0,2.0,2.0,0.0,2.0
30750000,2,50,алматы,43.220101885036,76.887521113557,2023,1959.0,13.0,17.0,3.0,1.0,2.0,2.0,0.0,2.0
39000000,3,130,алматы,43.223841127129,76.792911683095,2012,92.0,14.0,16.0,3.0,1.0,2.0,1.0,0.0,2.0
24000000,1,45,алматы,43.327994,76.921274,1985,309.0,1.0,5.0,3.0,2.0,1.0,2.0,0.0,2.0
73000000,3,70,алматы,43.216365806459,76.900631502145,2022,1987.0,7.0,12.0,3.0,1.0,1.0,1.0,0.0,2.0
36700000,2,71,алматы,43.251790269268,76.862938272461,2025,3177.0,2.0,13.0,3.0,1.0,2.0,2.0,0.0,2.0
75000000,3,98,алматы,43.288469,77.005455,2010,2236.0,1.0,6.0,3.0,1.0,2.0,3.0,0.0,2.0
41000000,2,70,алматы,43.288447548674,76.949766920982,2023,2236.0,11.0,13.0,3.0,4.0,3.0,3.0,0.0,2.0
66000000,3,87,алматы,43.255636,76.964572,2020,1599.0,12.0,12.0,3.0,1.0,2.0,2.0,0.0,2.0
50000000,2,69,алматы,43.202488,76.843902,2006,2075.0,1.0,9.0,3.0,1.0,1.0,1.0,0.0,2.0
48500000,2,55,алматы,43.260166,76.96106,2015,1159.0,9.0,14.0,3.0,1.0,3.0,2.0,0.0,2.0
24800000,2,43,алматы,43.228657,76.864078,1965,1601.0,4.0,4.0,2.0,1.0,2.0,2.0,0.0,2.0
39500000,2,60,алматы,43.217581,76.83632,2007,123.0,9.0,10.0,1.0,1.0,1.0,1.0,0.0,2.0
43000000,2,63,алматы,43.21632,76.889976,2015,2034.0,10.0,12.0,3.0,1.0,1.0,3.0,0.0,2.0
40500000,2,47,алматы,43.229201031288,76.884124237173,2020,1614.0,4.0,12.0,3.0,1.0,1.0,2.0,0.0,2.0
24000000,2,46,алматы,43.311839,76.998035,2021,1199.0,1.0,2.0,1.0,1.0,2.0,2.0,0.0,2.0
17500000,1,23,алматы,43.243205,76.882835,1977,1601.0,3.0,4.0,2.0,1.0,2.0,2.0,0.0,2.0
66000000,3,87,алматы,43.255636,76.964572,2020,2377.0,12.0,12.0,3.0,1.0,2.0,2.0,0.0,2.0
32000000,2,60,алматы,43.215348473904,76.776248335208,2019,3346.0,2.0,9.0,3.0,2.0,1.0,2.0,0.0,2.0
70000000,3,80,алматы,43.221845,76.852121,2020,1568.0,7.0,13.0,3.0,1.0,1.0,2.0,1.0,2.0
40000000,2,51,алматы,43.203152,76.922908,2023,2637.0,3.0,3.0,1.0,1.0,1.0,2.0,0.0,2.0
80000000,4,95,алматы,43.195561,76.888575,1989,2716.0,6.0,9.0,2.0,1.0,2.0,2.0,0.0,2.0
25000000,1,44,алматы,43.325437735521,76.984792665943,2017,2375.0,4.0,5.0,2.0,1.0,2.0,2.0,0.0,2.0
65000000,3,84,алматы,43.329190252207,76.939827966339,2021,1689.0,3.0,10.0,2.0,1.0,2.0,3.0,0.0,2.0
33000000,3,59,алматы,43.392274,77.005284,1963,1601.0,3.0,4.0,1.0,1.0,2.0,1.0,0.0,2.0
25000000,1,41,алматы,43.235488,76.808634,2020,1171.0,14.0,16.0,3.0,1.0,2.0,2.0,0.0,2.0
41000000,2,60,алматы,43.2497,76.882062,1986,2116.0,5.0,9.0,2.0,4.0,2.0,1.0,0.0,2.0
25000000,1,39,алматы,43.357911587103,76.994365658558,2007,1227.0,1.0,5.0,3.0,1.0,1.0,2.0,0.0,2.0
55500000,3,68,алматы,43.26216063542,76.953978322032,1980,1601.0,2.0,5.0,1.0,1.0,1.0,1.0,0.0,2.0
44500000,2,52,алматы,43.254992,76.933356,1985,2014.0,5.0,5.0,1.0,2.0,2.0,1.0,0.0,2.0
22000000,1,40,алматы,43.30463,76.84118,2017,2124.0,1.0,5.0,3.0,2.0,2.0,2.0,0.0,2.0
37500000,2,48,алматы,43.260172,76.941207,1960,111.0,3.0,3.0,1.0,1.0,2.0,2.0,0.0,2.0
31000000,3,59,алматы,43.22287,76.855283,1964,1861.0,2.0,4.0,2.0,2.0,1.0,2.0,0.0,2.0
46500000,2,71,алматы,43.212810816248,76.843896958251,2015,512.0,16.0,17.0,3.0,1.0,2.0,1.0,0.0,2.0
62000000,3,75,алматы,43.210308,76.841692,2001,1099.0,4.0,5.0,1.0,1.0,1.0,2.0,0.0,2.0
45000000,2,63,алматы,43.24331255684,76.875931342729,2012,463.0,11.0,19.0,3.0,1.0,2.0,2.0,0.0,2.0
15500000,1,28,алматы,43.221705980823,76.786440765848,2019,1124.0,1.0,10.0,3.0,1.0,1.0,2.0,0.0,2.0
33000000,2,60,алматы,43.260503549015,76.82140531891,2019,636.0,10.0,12.0,3.0,2.0,2.0,3.0,0.0,2.0
81000000,3,90,алматы,43.263284,76.960126,1991,1440.0,4.0,5.0,2.0,1.0,1.0,1.0,0.0,2.0
25500000,2,45,алматы,43.242615567716,76.811003769666,2020,11.0,4.0,9.0,3.0,1.0,1.0,2.0,0.0,2.0
60000000,3,80,алматы,43.231198493473,76.875074249725,2017,751.0,3.0,12.0,3.0,2.0,2.0,1.0,0.0,2.0
27000000,2,45,алматы,43.224810394901,76.849223863845,1967,3171.0,2.0,4.0,2.0,1.0,1.0,2.0,0.0,2.0
24000000,2,43,алматы,43.311265511429,76.896065112787,2016,1601.0,6.0,7.0,3.0,1.0,1.0,2.0,0.0,2.0
43000000,2,65,алматы,43.253366106387,76.913958253966,1980,2192.0,6.0,9.0,2.0,2.0,2.0,1.0,0.0,2.0
30500000,2,55,алматы,43.30407205091,76.923559534486,1992,640.0,1.0,5.0,2.0,1.0,2.0,1.0,0.0,2.0
27000000,2,45,алматы,43.301713172945,76.998235921282,2020,2233.0,6.0,7.0,3.0,1.0,3.0,2.0,0.0,2.0
31000000,2,59,алматы,43.170241568993,76.910204886954,2023,2066.0,1.0,3.0,3.0,1.0,3.0,2.0,0.0,2.0
44500000,3,92,алматы,43.303226,76.921552,2004,2223.0,6.0,9.0,3.0,1.0,2.0,1.0,1.0,2.0
42500000,2,47,алматы,43.19217093851,76.808480262903,2020,1109.0,3.0,4.0,3.0,1.0,2.0,2.0,0.0,2.0
35000000,2,55,алматы,43.266703546156,76.819914404307,2020,1117.0,1.0,12.0,3.0,1.0,1.0,2.0,0.0,2.0
35500000,1,40,алматы,43.248087921645,76.911722982803,1983,1601.0,4.0,6.0,2.0,1.0,2.0,2.0,0.0,2.0
43000000,3,58,алматы,43.267571,76.930787,1965,48.0,2.0,4.0,1.0,2.0,2.0,2.0,0.0,2.0
46500000,3,73,алматы,43.237565697049,76.882419153442,2020,3211.0,5.0,19.0,3.0,6.0,2.0,2.0,0.0,2.0
21500000,1,32,алматы,43.226831,76.847154,1975,1439.0,1.0,4.0,2.0,1.0,2.0,2.0,0.0,2.0
66000000,3,85,алматы,43.239219,76.890731,1993,2144.0,12.0,12.0,3.0,1.0,2.0,2.0,0.0,2.0
25000000,1,23,алматы,43.212509,76.870824,2018,1601.0,17.0,17.0,3.0,1.0,1.0,2.0,0.0,2.0
35500000,3,54,алматы,43.237817312272,76.832046094581,1982,1055.0,1.0,5.0,2.0,2.0,2.0,2.0,0.0,2.0
25000000,1,34,алматы,43.200267898629,76.842842527439,1986,2918.0,3.0,5.0,1.0,2.0,2.0,2.0,0.0,2.0
66000000,3,69,алматы,43.266628687079,76.92680057255,2023,2165.0,1.0,12.0,3.0,1.0,2.0,2.0,0.0,2.0
35400000,2,58,алматы,43.219795,76.868309,1977,1601.0,6.0,8.0,2.0,1.0,2.0,1.0,0.0,2.0
13000000,1,20,алматы,43.262739,76.899139,1977,1601.0,3.0,5.0,1.0,1.0,1.0,2.0,0.0,2.0
26500000,1,38,алматы,43.235771,76.808131,2022,1171.0,14.0,16.0,3.0,1.0,2.0,1.0,1.0,2.0
33500000,2,52,алматы,43.206063,76.835538,1992,335.0,5.0,5.0,2.0,2.0,2.0,1.0,0.0,2.0
36500000,3,62,алматы,43.317743555463,77.030077690171,2024,1601.0,5.0,9.0,2.0,1.0,3.0,2.0,0.0,2.0
25000000,1,39,алматы,43.211374899261,76.793861972402,2024,2075.0,9.0,12.0,2.0,1.0,2.0,1.0,0.0,2.0
52500000,3,72,алматы,43.223992220096,76.843428442039,1994,1601.0,2.0,9.0,2.0,1.0,2.0,1.0,0.0,2.0
30500000,1,50,алматы,43.207633425926,76.787427811855,2022,2403.0,3.0,9.0,3.0,1.0,1.0,2.0,0.0,2.0
49000000,4,95,алматы,43.274502302328,76.815229655076,2025,2147.0,12.0,12.0,3.0,1.0,2.0,2.0,0.0,2.0
25000000,1,47,алматы,43.208559008901,76.78697231232,2024,2403.0,9.0,9.0,3.0,4.0,2.0,2.0,0.0,2.0
42000000,2,60,алматы,43.20024,76.878217,1979,777.0,6.0,8.0,2.0,1.0,1.0,1.0,0.0,2.0
35000000,3,60,алматы,43.22174,76.863045,1975,2052.0,2.0,4.0,2.0,1.0,2.0,2.0,0.0,2.0
26000000,2,42,алматы,43.251844454186,76.869089775426,1984,1401.0,2.0,5.0,2.0,1.0,2.0,2.0,0.0,2.0
12500000,1,21,алматы,43.245005,76.804313,2022,2403.0,2.0,2.0,2.0,1.0,1.0,2.0,0.0,2.0
38500000,3,70,алматы,43.226673,76.845222,1991,2260.0,9.0,12.0,3.0,1.0,2.0,1.0,0.0,2.0
72000000,3,90,алматы,43.230941278888,76.885410547147,2014,601.0,8.0,12.0,3.0,1.0,2.0,2.0,0.0,2.0
60000000,3,87,алматы,43.220829614293,76.841637228172,2016,1601.0,5.0,9.0,3.0,1.0,2.0,1.0,0.0,2.0
50000000,2,45,алматы,43.204436181418,76.897387504578,2018,871.0,10.0,12.0,3.0,2.0,2.0,2.0,0.0,2.0
28000000,1,46,алматы,43.252763617273,76.862965458284,2024,2523.0,6.0,13.0,3.0,6.0,2.0,2.0,0.0,2.0
32500000,2,74,алматы,43.238960743845,76.803540015553,2010,444.0,2.0,3.0,1.0,1.0,2.0,2.0,0.0,2.0
84000000,3,90,алматы,43.24968,76.931416,1979,166.0,1.0,5.0,1.0,1.0,1.0,3.0,0.0,2.0
80000000,3,93,алматы,43.244497527438,76.923689246178,2021,1324.0,13.0,13.0,3.0,6.0,2.0,2.0,0.0,2.0
75000000,3,75,алматы,43.26635,76.966064,2015,1249.0,5.0,9.0,2.0,2.0,1.0,1.0,0.0,2.0
43000000,2,40,алматы,43.245980447215,76.913769475009,2019,1128.0,6.0,12.0,3.0,1.0,2.0,2.0,0.0,2.0
36800000,3,60,алматы,43.246686,76.890776,1979,3124.0,5.0,5.0,2.0,1.0,2.0,1.0,0.0,2.0
38500000,3,84,алматы,43.241340485664,76.810090851075,2010,11.0,12.0,16.0,3.0,1.0,1.0,1.0,0.0,2.0
60200000,2,67,алматы,43.237559354956,76.896319373016,2019,1420.0,7.0,16.0,3.0,1.0,2.0,2.0,0.0,2.0
54500000,2,53,алматы,43.234778489153,76.954192287033,1990,1420.0,7.0,12.0,2.0,1.0,2.0,2.0,0.0,2.0
53000000,2,55,алматы,43.260435,76.948771,1975,2076.0,2.0,9.0,3.0,1.0,1.0,1.0,0.0,2.0
27900000,1,34,алматы,43.246981,76.853046,2021,2129.0,7.0,10.0,3.0,1.0,2.0,2.0,0.0,2.0
25000000,1,24,алматы,43.212575930097,76.871313564211,2018,1060.0,17.0,17.0,3.0,1.0,1.0,2.0,0.0,2.0
55000000,3,104,алматы,43.236716301955,76.879343032826,2022,1549.0,11.0,18.0,3.0,6.0,2.0,3.0,0.0,2.0
33500000,2,65,алматы,43.32459,76.985207,2017,2248.0,3.0,5.0,3.0,2.0,1.0,1.0,0.0,2.0
34500000,2,47,алматы,43.231809850888,76.832248667325,2017,1494.0,3.0,10.0,3.0,1.0,2.0,2.0,0.0,2.0
58000000,3,90,алматы,43.247510845296,76.868886455483,2012,3191.0,6.0,21.0,3.0,2.0,1.0,1.0,0.0,2.0
72000000,3,90,алматы,43.263928576213,76.963549373016,1971,2874.0,3.0,5.0,1.0,2.0,2.0,1.0,0.0,2.0
13000000,1,48,алматы,43.302279583064,76.995248794501,2025,2513.0,2.0,10.0,3.0,6.0,3.0,2.0,0.0,2.0
85000000,1,58,алматы,43.208523854873,76.892832802624,2024,2199.0,9.0,16.0,3.0,1.0,1.0,2.0,0.0,2.0
21500000,1,40,алматы,43.257401647191,76.820963000187,2020,3014.0,6.0,6.0,3.0,4.0,2.0,2.0,0.0,2.0
32000000,2,55,алматы,43.31466,76.910341,1986,2668.0,5.0,5.0,2.0,4.0,2.0,1.0,0.0,2.0
41000000,1,42,алматы,43.191436226172,76.855175287446,2023,719.0,3.0,4.0,3.0,1.0,2.0,2.0,0.0,2.0
49500000,3,63,алматы,43.229445,76.89948,1978,2311.0,2.0,5.0,2.0,1.0,2.0,2.0,0.0,2.0
28000000,2,48,алматы,43.273794,76.908005,1970,1745.0,2.0,4.0,2.0,1.0,2.0,1.0,0.0,2.0
33500000,1,31,алматы,43.232414,76.917123,1977,391.0,3.0,5.0,2.0,1.0,1.0,2.0,0.0,2.0
30000000,2,60,алматы,43.356986,76.995483,2010,1601.0,3.0,6.0,3.0,2.0,2.0,1.0,0.0,2.0
44500000,3,60,алматы,43.253561,76.905355,1970,592.0,2.0,4.0,2.0,1.0,2.0,2.0,0.0,2.0
37000000,3,78,алматы,43.246808634375,76.854476550926,2020,2645.0,9.0,9.0,3.0,4.0,2.0,2.0,0.0,2.0
28000000,1,45,алматы,43.262982,76.899876,2002,1677.0,1.0,9.0,3.0,1.0,3.0,2.0,1.0,2.0
25000000,1,35,алматы,43.232579,76.839374,1988,1601.0,4.0,5.0,2.0,1.0,2.0,2.0,0.0,2.0
23500000,1,50,алматы,43.250961,76.813781,2011,1256.0,10.0,10.0,3.0,1.0,2.0,2.0,0.0,2.0
45000000,3,75,алматы,43.26639,76.892483,2015,1124.0,7.0,9.0,3.0,1.0,2.0,2.0,0.0,2.0
40500000,3,66,алматы,43.248367,76.890524,1978,2241.0,4.0,5.0,2.0,2.0,1.0,2.0,0.0,2.0
62000000,3,90,алматы,43.212894153784,76.793498901675,2023,2075.0,11.0,12.0,3.0,1.0,1.0,1.0,0.0,2.0
34500000,2,47,алматы,43.306176881777,77.003849118126,2023,2874.0,5.0,5.0,3.0,1.0,2.0,2.0,0.0,2.0
60000000,2,90,алматы,43.243485568875,76.875818990302,2010,640.0,15.0,20.0,3.0,1.0,2.0,1.0,0.0,2.0
45000000,2,70,алматы,43.188953122778,76.821404926616,2019,2632.0,5.0,6.0,3.0,1.0,1.0,3.0,1.0,2.0
36000000,2,52,алматы,43.210978,76.871893,1985,2126.0,5.0,5.0,2.0,1.0,2.0,2.0,0.0,2.0
27500000,2,50,алматы,43.254520210315,76.863757305955,2020,2388.0,8.0,13.0,3.0,1.0,2.0,2.0,0.0,2.0
45000000,3,63,алматы,43.228585,76.866413,1972,3136.0,3.0,4.0,2.0,1.0,1.0,1.0,0.0,2.0
41000000,3,92,алматы,43.305332,76.921112,2006,1601.0,9.0,9.0,3.0,1.0,2.0,2.0,0.0,2.0
47554000,2,69,алматы,43.230028241857,76.876761868133,2020,1401.0,8.0,16.0,3.0,4.0,3.0,1.0,0.0,2.0
43500000,3,66,алматы,43.243371498701,76.830168863915,2021,2326.0,4.0,6.0,2.0,1.0,2.0,2.0,0.0,2.0
46000000,1,45,алматы,43.24069,76.871534,2021,1468.0,1.0,17.0,3.0,1.0,3.0,2.0,0.0,2.0
47500000,2,50,алматы,43.243284,76.952903,1967,1109.0,4.0,5.0,1.0,2.0,2.0,1.0,0.0,2.0
44500000,3,64,алматы,43.251570151391,76.873363737547,1982,1866.0,4.0,5.0,2.0,1.0,3.0,1.0,0.0,2.0
33500000,2,67,алматы,43.291447807529,76.828060551815,2016,1171.0,3.0,5.0,3.0,1.0,2.0,1.0,0.0,2.0
13000000,1,17,алматы,43.286448,77.002894,2019,2391.0,9.0,9.0,3.0,1.0,1.0,2.0,0.0,2.0
18900000,1,31,алматы,43.321031667023,76.840505220901,2018,1601.0,2.0,5.0,3.0,1.0,2.0,2.0,0.0,2.0
36000000,3,56,алматы,43.200944554661,76.885073373016,1973,2974.0,4.0,5.0,2.0,2.0,2.0,2.0,0.0,2.0
20500000,1,20,алматы,43.255227032263,76.923174881665,2014,774.0,4.0,9.0,3.0,2.0,2.0,2.0,0.0,2.0
65000000,3,120,алматы,43.287410384283,77.003605794834,2010,1829.0,5.0,5.0,3.0,1.0,2.0,3.0,0.0,2.0
32000000,2,54,алматы,42.288487,69.564889,2016,1205.0,1.0,2.0,1.0,1.0,1.0,1.0,1.0,2.0
35000000,1,40,алматы,43.199518,76.874426,1977,601.0,7.0,8.0,2.0,1.0,2.0,2.0,0.0,2.0
45000000,2,71,алматы,43.246687697111,76.852077141097,2022,2129.0,8.0,10.0,3.0,1.0,1.0,1.0,0.0,2.0
21000000,1,47,алматы,43.32013007148,77.019565810865,2022,1866.0,5.0,9.0,3.0,1.0,2.0,2.0,0.0,2.0
21500000,1,33,алматы,43.210145429049,76.787599508126,2020,3225.0,4.0,10.0,3.0,1.0,2.0,2.0,0.0,2.0
34500000,1,41,алматы,43.265059720372,76.917136769255,2020,1522.0,9.0,13.0,3.0,1.0,2.0,2.0,0.0,2.0
42000000,3,75,алматы,43.212166556259,76.790007549691,2018,1064.0,4.0,9.0,3.0,2.0,1.0,3.0,0.0,2.0
77000000,4,102,алматы,43.236716301955,76.879343032826,2022,1549.0,14.0,18.0,3.0,1.0,1.0,2.0,0.0,2.0
40000000,3,84,алматы,43.356547,76.921247,2009,1017.0,5.0,6.0,3.0,1.0,2.0,2.0,0.0,2.0
28500000,2,44,алматы,43.232789,76.893408,1961,1599.0,1.0,4.0,1.0,1.0,2.0,2.0,0.0,2.0
27500000,2,42,алматы,43.21559,76.86282,1966,2328.0,2.0,4.0,2.0,2.0,2.0,2.0,0.0,2.0
22500000,1,42,алматы,43.353414,76.926133,1985,1431.0,5.0,5.0,2.0,1.0,2.0,1.0,0.0,2.0
41500000,2,55,алматы,43.236644164986,76.853309730824,2021,1634.0,1.0,13.0,3.0,2.0,1.0,2.0,0.0,2.0
34500000,3,56,алматы,43.218415,76.895636,1975,3090.0,1.0,4.0,2.0,2.0,2.0,1.0,0.0,2.0
31000000,1,28,алматы,43.214272941997,76.889320759506,2022,1935.0,3.0,13.0,3.0,4.0,2.0,2.0,0.0,2.0
75000000,2,71,алматы,43.214590771138,76.892732865082,2019,1959.0,4.0,12.0,3.0,1.0,1.0,2.0,0.0,2.0
22500000,1,44,алматы,43.324452,76.98474,2018,2090.0,5.0,5.0,3.0,1.0,2.0,2.0,0.0,2.0
22000000,1,39,алматы,43.297059086065,76.996130285919,2025,2960.0,1.0,9.0,3.0,1.0,2.0,2.0,0.0,2.0
61000000,3,80,алматы,43.250855,76.88182,1990,2974.0,2.0,9.0,1.0,1.0,1.0,1.0,0.0,2.0
38000000,2,52,алматы,43.246386293861,76.911459820762,1985,3191.0,4.0,5.0,1.0,2.0,1.0,2.0,0.0,2.0
58000000,3,70,алматы,43.215978,76.894441,1995,73.0,1.0,5.0,1.0,1.0,1.0,1.0,0.0,2.0
49990000,3,75,алматы,43.329089,76.919378,1991,1395.0,5.0,5.0,2.0,1.0,2.0,1.0,0.0,2.0
66990000,2,74,алматы,43.259084662339,76.928456812287,2016,630.0,10.0,16.0,3.0,2.0,1.0,1.0,0.0,2.0
80000000,4,144,алматы,43.242883,76.876268,2011,640.0,12.0,20.0,3.0,1.0,1.0,3.0,0.0,2.0
16000000,1,24,алматы,43.215748,76.898304,1974,1601.0,2.0,4.0,1.0,1.0,2.0,1.0,0.0,1.0
45500000,3,71,алматы,43.241705326488,76.876583938172,2012,463.0,4.0,18.0,3.0,1.0,1.0,2.0,0.0,2.0
48000000,2,48,алматы,43.26665041551,76.929558019731,2024,3171.0,10.0,12.0,2.0,1.0,1.0,2.0,0.0,2.0
52000000,1,42,алматы,43.232284347677,76.958839417683,1975,1601.0,2.0,5.0,1.0,1.0,2.0,1.0,0.0,2.0
58000000,2,69,алматы,43.246357,76.957071,1975,921.0,9.0,9.0,3.0,1.0,1.0,2.0,0.0,2.0
42000000,3,70,алматы,43.327064447986,76.939116196971,2022,1689.0,3.0,10.0,3.0,1.0,2.0,1.0,0.0,2.0
28000000,1,33,алматы,43.235803,76.9009,1971,1987.0,4.0,4.0,1.0,1.0,1.0,2.0,0.0,2.0
47000000,3,88,алматы,43.254316,76.818659,2018,1601.0,5.0,9.0,3.0,1.0,1.0,1.0,1.0,2.0
12800000,1,21,алматы,43.209789,76.888584,1976,2129.0,3.0,5.0,1.0,2.0,1.0,2.0,0.0,1.0
16200000,1,35,алматы,43.221128225175,76.782937732332,2025,3399.0,9.0,9.0,3.0,5.0,2.0,2.0,0.0,2.0
23000000,1,40,алматы,43.32903,76.920034,1990,777.0,5.0,5.0,2.0,1.0,2.0,2.0,1.0,2.0
35000000,1,45,алматы,43.240217,76.826214,2006,1992.0,7.0,9.0,3.0,1.0,1.0,2.0,0.0,2.0
22000000,1,43,алматы,43.221705980823,76.786440765848,2020,1124.0,1.0,6.0,3.0,2.0,2.0,2.0,0.0,2.0
20000000,2,41,алматы,43.257014,76.857116,1963,159.0,2.0,2.0,2.0,1.0,2.0,1.0,0.0,2.0
55500000,3,82,алматы,43.241234599654,76.855530360783,2014,92.0,1.0,10.0,3.0,1.0,2.0,1.0,0.0,2.0
19990000,2,48,алматы,43.273195644024,76.829831502259,2022,2115.0,7.0,7.0,3.0,1.0,2.0,2.0,0.0,2.0
33500000,3,61,алматы,43.306001,76.988494,2021,1689.0,9.0,10.0,3.0,2.0,1.0,2.0,0.0,2.0
18800000,1,29,алматы,43.329190252207,76.939827966339,2020,1689.0,3.0,9.0,2.0,1.0,2.0,2.0,0.0,2.0
39000000,3,58,алматы,43.249023,76.918704,1977,1601.0,2.0,5.0,2.0,1.0,2.0,2.0,0.0,2.0
18400000,2,42,алматы,43.322813123912,76.839798328813,2019,2303.0,5.0,5.0,2.0,1.0,2.0,2.0,0.0,2.0
40000000,1,37,алматы,43.267796317297,76.925256130626,2024,2505.0,5.0,12.0,3.0,6.0,2.0,2.0,1.0,2.0
21900000,1,31,алматы,43.223425,76.776484,2022,1124.0,5.0,10.0,3.0,1.0,2.0,2.0,0.0,2.0
39000000,2,92,алматы,43.223841127129,76.792911683095,2012,92.0,11.0,16.0,3.0,2.0,2.0,2.0,0.0,2.0
62000000,3,75,алматы,43.236159184349,76.893309296304,2016,876.0,13.0,18.0,3.0,1.0,2.0,2.0,0.0,2.0
36000000,2,58,алматы,43.265654,76.821408,2017,1117.0,2.0,12.0,3.0,1.0,2.0,2.0,0.0,2.0
20800000,1,43,алматы,43.319599219296,77.019172869827,2025,1866.0,3.0,9.0,3.0,6.0,2.0,2.0,0.0,2.0
64500000,2,62,алматы,43.20878941504,76.893157857349,2024,2199.0,8.0,6.0,3.0,1.0,2.0,2.0,0.0,2.0
28700000,1,42,алматы,43.265179638936,76.918001685368,2025,1522.0,1.0,13.0,3.0,6.0,2.0,2.0,0.0,2.0
38000000,3,63,алматы,43.255892,76.880194,1980,512.0,5.0,5.0,2.0,1.0,2.0,2.0,0.0,2.0
36700000,2,75,алматы,43.323659,76.984452,2018,1914.0,1.0,5.0,3.0,1.0,2.0,1.0,0.0,2.0
85000000,4,120,алматы,43.234843116956,76.92135102523,2016,111.0,8.0,20.0,2.0,1.0,2.0,2.0,0.0,2.0
12000000,1,18,алматы,43.170047772424,76.875159067479,2016,23.0,1.0,4.0,3.0,1.0,2.0,2.0,0.0,2.0
55000000,3,86,алматы,43.248187186575,76.853275170877,2022,2129.0,9.0,10.0,3.0,1.0,3.0,2.0,0.0,2.0
25500000,2,44,алматы,43.229071922381,76.863482973611,1965,1601.0,3.0,4.0,2.0,1.0,2.0,2.0,0.0,2.0
20000000,1,43,алматы,43.301737,76.9009,2012,1430.0,1.0,5.0,3.0,1.0,2.0,2.0,0.0,2.0
40500000,2,57,алматы,43.183578948913,76.856551668888,2023,1898.0,2.0,3.0,3.0,5.0,2.0,2.0,0.0,2.0
45000000,3,80,алматы,43.221267138405,76.788119534903,2019,2786.0,1.0,6.0,3.0,1.0,1.0,1.0,0.0,2.0
36000000,3,59,алматы,43.223178,76.961383,1970,335.0,4.0,4.0,2.0,1.0,2.0,1.0,0.0,2.0
53000000,2,65,алматы,43.230754022994,76.881036758423,2018,983.0,11.0,12.0,3.0,2.0,1.0,2.0,0.0,2.0
32500000,2,58,алматы,43.266703546156,76.819914404307,2020,1718.0,4.0,6.0,2.0,1.0,2.0,2.0,0.0,2.0
22500000,1,40,алматы,43.327259,76.924741,1985,2328.0,4.0,5.0,2.0,2.0,2.0,1.0,0.0,2.0
30000000,3,55,алматы,43.339653,76.90876,1970,2116.0,1.0,2.0,2.0,1.0,1.0,1.0,0.0,2.0
30500000,2,44,алматы,43.219959,76.898591,1975,1448.0,2.0,5.0,2.0,1.0,2.0,2.0,0.0,2.0
60000000,2,52,алматы,43.221009696864,76.886923955006,2023,1959.0,5.0,6.0,3.0,1.0,2.0,2.0,0.0,2.0
21700000,2,61,алматы,43.315993002806,76.895938477234,2025,2007.0,6.0,9.0,3.0,5.0,3.0,2.0,0.0,2.0
65000000,3,84,алматы,43.266862,76.944603,1977,123.0,3.0,9.0,1.0,1.0,2.0,2.0,0.0,2.0
36000000,2,45,алматы,43.259152507684,76.919148635582,1978,2128.0,4.0,5.0,2.0,1.0,1.0,2.0,0.0,2.0
22800000,1,33,алматы,43.320714,76.908994,1989,1808.0,3.0,5.0,2.0,1.0,1.0,2.0,0.0,2.0
32000000,2,50,алматы,43.228067004153,76.841956709331,1987,710.0,1.0,5.0,2.0,2.0,2.0,2.0,0.0,2.0
32000000,2,51,алматы,43.328293125089,76.939213196928,2022,2989.0,7.0,10.0,3.0,1.0,1.0,2.0,1.0,2.0
59500000,3,90,алматы,43.231074643767,76.884949207196,2016,601.0,13.0,13.0,3.0,1.0,2.0,2.0,0.0,2.0
40500000,3,60,алматы,43.268694,76.940911,1969,2652.0,3.0,4.0,2.0,1.0,2.0,1.0,0.0,2.0
35500000,3,55,алматы,43.246515,76.889949,1977,3312.0,5.0,5.0,2.0,1.0,2.0,2.0,0.0,2.0
30000000,1,35,алматы,43.195857,76.875549,1984,758.0,5.0,5.0,1.0,1.0,1.0,2.0,0.0,2.0
45000000,3,70,алматы,43.228598,76.843237,1993,1601.0,8.0,9.0,2.0,1.0,2.0,1.0,0.0,2.0
40500000,2,56,алматы,43.265443209353,76.899015678573,2006,1601.0,7.0,9.0,3.0,1.0,1.0,1.0,0.0,2.0
42000000,2,53,алматы,43.218619693834,76.888248721008,2023,1959.0,12.0,15.0,3.0,6.0,2.0,2.0,0.0,2.0
32000000,2,60,алматы,43.278712768475,76.820844385887,2012,3417.0,3.0,5.0,3.0,1.0,2.0,3.0,0.0,2.0
39500000,2,58,алматы,43.205826,76.873456,1979,1601.0,6.0,9.0,2.0,1.0,2.0,2.0,0.0,2.0
42000000,2,56,алматы,43.254010845795,76.946796678573,1943,1601.0,3.0,3.0,1.0,4.0,2.0,1.0,0.0,2.0
53000000,3,128,алматы,43.223841127129,76.792911683095,2012,92.0,11.0,16.0,3.0,1.0,1.0,3.0,0.0,2.0
60000000,3,102,алматы,43.241826,76.825729,2007,535.0,1.0,9.0,3.0,2.0,2.0,3.0,0.0,2.0
31500000,1,32,алматы,43.221668,76.961338,1988,1628.0,5.0,5.0,2.0,2.0,2.0,2.0,0.0,2.0
63000000,3,91,алматы,43.208645887795,76.863485082494,1987,3247.0,5.0,5.0,3.0,1.0,1.0,3.0,0.0,2.0
81000000,2,85,алматы,43.23802017,76.933118219968,2008,16.0,7.0,14.0,3.0,2.0,1.0,3.0,0.0,2.0
73000000,2,70,алматы,43.222860924266,76.95579493254,2008,1601.0,3.0,5.0,3.0,1.0,1.0,1.0,0.0,2.0
80000000,2,78,алматы,43.223867181315,76.951704455102,2018,786.0,7.0,8.0,3.0,1.0,2.0,2.0,0.0,2.0
54500000,3,68,алматы,43.24592162559,76.915121239913,1989,2503.0,2.0,9.0,1.0,2.0,2.0,1.0,0.0,2.0
84300000,3,103,алматы,43.250026374631,76.921869912427,2022,1629.0,3.0,10.0,3.0,5.0,2.0,2.0,0.0,2.0
48500000,2,50,алматы,43.212975,76.89966,1995,2601.0,6.0,9.0,1.0,2.0,2.0,1.0,0.0,2.0
53000000,2,56,алматы,43.228783000899,76.952728996132,1994,236.0,2.0,9.0,3.0,2.0,2.0,2.0,0.0,2.0
32000000,3,63,алматы,43.350897,76.989563,1974,2553.0,4.0,4.0,2.0,1.0,2.0,1.0,0.0,2.0
39500000,2,57,алматы,43.216353,76.890048,2016,2510.0,1.0,12.0,3.0,2.0,1.0,1.0,0.0,2.0
31000000,1,48,алматы,43.303862,76.923061,2006,2115.0,3.0,9.0,3.0,2.0,2.0,2.0,0.0,2.0
38000000,1,41,алматы,43.223438619619,76.894657905692,2015,1601.0,10.0,12.0,3.0,2.0,2.0,2.0,0.0,2.0
55000000,3,90,алматы,43.273243,76.829771,2022,2115.0,2.0,7.0,3.0,1.0,2.0,2.0,0.0,2.0
23000000,1,32,алматы,43.216819310646,76.862463973907,1968,2935.0,2.0,4.0,2.0,4.0,3.0,2.0,0.0,2.0
26500000,1,33,алматы,43.24771183422,76.854029477247,2025,3433.0,5.0,10.0,3.0,1.0,1.0,2.0,0.0,2.0
45500000,2,51,алматы,43.234004925029,76.891196347701,2023,2125.0,7.0,12.0,3.0,1.0,2.0,2.0,0.0,2.0
43500000,2,56,алматы,43.206632334711,76.884845495224,2016,123.0,14.0,16.0,3.0,1.0,1.0,2.0,0.0,2.0
32000000,1,34,алматы,43.260625,76.939321,1966,2322.0,4.0,4.0,1.0,1.0,2.0,2.0,0.0,2.0
30500000,2,44,алматы,43.244827,76.890677,1977,2864.0,5.0,5.0,2.0,1.0,2.0,2.0,0.0,2.0
23490000,1,33,алматы,43.22354,76.86406,1968,1855.0,3.0,4.0,2.0,1.0,2.0,2.0,0.0,2.0
31000000,2,51,алматы,43.26067787684,76.814966553984,2017,921.0,1.0,9.0,3.0,1.0,1.0,2.0,1.0,2.0
58000000,3,93,алматы,43.290221,76.987542,2017,1601.0,2.0,9.0,3.0,1.0,2.0,3.0,1.0,2.0
22500000,1,36,алматы,43.221417157623,76.787356833342,2019,2869.0,4.0,6.0,3.0,1.0,1.0,2.0,0.0,2.0
26000000,2,44,алматы,43.234428654375,76.857332747906,1962,1855.0,3.0,4.0,2.0,2.0,2.0,2.0,0.0,2.0
33499999,2,44,алматы,43.250087,76.889985,1977,1601.0,2.0,5.0,2.0,1.0,2.0,2.0,0.0,2.0
33500000,2,66,алматы,43.243962845924,76.81178259888,2015,474.0,13.0,16.0,3.0,1.0,1.0,3.0,0.0,2.0
39500000,3,68,алматы,43.266703546156,76.819914404307,2018,1117.0,1.0,12.0,3.0,1.0,1.0,1.0,1.0,2.0
26500000,1,32,алматы,43.197612,76.888566,1976,983.0,5.0,5.0,2.0,2.0,2.0,2.0,0.0,2.0
22500000,1,33,алматы,43.221009696864,76.886923955006,2025,1959.0,13.0,15.0,3.0,1.0,2.0,2.0,0.0,2.0
43500000,2,43,алматы,43.266628687079,76.92680057255,2023,2165.0,11.0,12.0,3.0,1.0,2.0,2.0,0.0,2.0
55000000,4,86,алматы,43.252393312534,76.887124375639,1989,1228.0,12.0,12.0,3.0,1.0,2.0,1.0,0.0,2.0
79999999,4,120,алматы,43.257100188659,76.913323416008,1991,1601.0,5.0,5.0,1.0,1.0,2.0,1.0,0.0,2.0
36500000,2,64,алматы,43.363331,76.992591,2008,1401.0,5.0,6.0,3.0,1.0,2.0,2.0,0.0,2.0
26000000,1,46,алматы,43.221924872449,76.785965486681,2019,1124.0,5.0,9.0,3.0,1.0,2.0,2.0,0.0,2.0
37000000,1,43,алматы,43.220393,76.839392,1993,1831.0,1.0,9.0,2.0,1.0,1.0,2.0,0.0,2.0
35000000,1,43,алматы,43.259421838792,76.927448301697,2015,630.0,14.0,16.0,3.0,1.0,2.0,2.0,0.0,2.0
74000000,2,69,алматы,43.21354,76.92219,2024,1310.0,12.0,13.0,3.0,6.0,2.0,2.0,0.0,2.0
22000000,1,43,алматы,43.280961,76.818506,2016,2669.0,9.0,9.0,3.0,2.0,2.0,2.0,0.0,2.0
60000000,3,88,алматы,43.265179638936,76.918001685368,2021,1522.0,1.0,13.0,3.0,1.0,2.0,1.0,0.0,2.0
27500000,2,58,алматы,43.209059541386,76.7845168711,2025,3172.0,3.0,9.0,3.0,1.0,2.0,2.0,0.0,2.0
36000000,1,43,алматы,43.222052017436,76.851734557003,2014,740.0,2.0,10.0,3.0,1.0,1.0,2.0,0.0,2.0
41135000,2,63,алматы,43.261494803805,76.899913108869,2024,1992.0,10.0,12.0,3.0,1.0,2.0,2.0,0.0,2.0
36000000,3,56,алматы,43.217151016737,76.86977514173,1969,1601.0,1.0,4.0,2.0,1.0,1.0,2.0,0.0,2.0
80000000,3,76,алматы,43.241748421708,76.903347532419,1975,172.0,3.0,5.0,1.0,1.0,2.0,1.0,0.0,2.0
32500000,3,60,алматы,43.230452690723,76.854652153442,1967,1601.0,1.0,4.0,2.0,2.0,2.0,2.0,0.0,2.0
34500000,2,45,алматы,43.239160051296,76.942729835206,1965,1601.0,1.0,4.0,1.0,4.0,1.0,2.0,0.0,2.0
27000000,2,45,алматы,43.221503000187,76.856805467597,1966,2084.0,3.0,4.0,2.0,2.0,2.0,2.0,0.0,2.0
57000000,2,64,алматы,43.236683511865,76.880793491243,2022,1549.0,8.0,17.0,3.0,1.0,2.0,2.0,0.0,2.0
27500000,1,33,алматы,43.232822,76.894279,1961,2869.0,2.0,4.0,1.0,1.0,1.0,2.0,0.0,2.0
65000000,3,69,алматы,43.25536,76.886626,1989,1601.0,5.0,9.0,2.0,2.0,2.0,1.0,0.0,2.0
54000000,3,95,алматы,43.286586337212,77.004190685535,2021,73.0,5.0,5.0,3.0,1.0,2.0,3.0,1.0,2.0
45500000,3,70,алматы,43.209322,76.88102,1992,1601.0,1.0,5.0,2.0,1.0,1.0,1.0,0.0,2.0
35000000,2,71,алматы,43.251714849821,76.862900099292,2025,1601.0,12.0,13.0,3.0,1.0,3.0,2.0,0.0,2.0
60000000,3,80,алматы,43.225872,76.843866,2015,3058.0,3.0,5.0,3.0,1.0,1.0,1.0,0.0,2.0
24000000,1,39,алматы,43.260503549015,76.82140531891,2019,636.0,9.0,12.0,3.0,1.0,1.0,2.0,0.0,2.0
17500000,1,32,алматы,43.317192,77.030895,2020,332.0,4.0,12.0,3.0,6.0,2.0,2.0,0.0,2.0
28000000,1,43,алматы,43.288455087187,76.988109140778,2020,934.0,3.0,9.0,3.0,1.0,1.0,2.0,1.0,2.0
30000000,2,40,алматы,43.332329,76.954242,1965,1601.0,2.0,3.0,1.0,1.0,2.0,2.0,0.0,2.0
32000000,2,72,алматы,43.323216047434,77.018476889647,2024,1823.0,8.0,9.0,2.0,6.0,2.0,2.0,0.0,2.0
43000000,2,45,алматы,43.233894267748,76.875101566839,2020,1206.0,4.0,14.0,3.0,1.0,1.0,2.0,0.0,2.0
38500000,2,39,алматы,43.243245,76.929367,1964,291.0,3.0,4.0,1.0,1.0,2.0,2.0,0.0,2.0
81000000,4,84,алматы,43.240494906511,76.907862533729,1970,1601.0,2.0,4.0,1.0,1.0,2.0,1.0,0.0,2.0
41000000,2,69,алматы,43.230785,76.801618,2009,2260.0,6.0,9.0,3.0,1.0,1.0,1.0,0.0,2.0
26000000,2,64,алматы,43.162368000387,76.885028668647,1970,1601.0,5.0,5.0,1.0,1.0,2.0,2.0,0.0,2.0
20000000,2,63,алматы,43.359853888511,77.13610794705,1969,328.0,4.0,4.0,2.0,1.0,2.0,1.0,0.0,2.0
44000000,4,90,алматы,43.23402712034,76.825728852599,1986,1601.0,2.0,5.0,2.0,2.0,1.0,1.0,0.0,2.0
12500000,1,17,алматы,43.28624856074,77.005144348456,2020,2035.0,9.0,9.0,3.0,1.0,1.0,2.0,0.0,2.0
80000000,2,78,алматы,43.223867181315,76.951704455102,2018,786.0,7.0,8.0,3.0,1.0,2.0,2.0,0.0,2.0
30000000,2,51,алматы,43.236217428512,76.820697160687,1991,2828.0,1.0,5.0,2.0,1.0,1.0,2.0,0.0,2.0
23000000,1,39,алматы,43.26897549269,76.823695269301,2025,640.0,9.0,12.0,2.0,1.0,2.0,2.0,0.0,2.0
28000000,3,61,алматы,43.230141451366,76.794665305557,1994,1219.0,1.0,3.0,1.0,2.0,2.0,1.0,0.0,2.0
25000000,1,24,алматы,43.214819466228,76.874148845673,2018,1060.0,17.0,17.0,3.0,1.0,1.0,2.0,0.0,2.0
14900000,1,25,алматы,43.31529,76.937416,1963,1171.0,1.0,2.0,1.0,2.0,2.0,2.0,0.0,2.0
38500000,2,57,алматы,43.240145070664,76.856018839337,2017,885.0,1.0,12.0,3.0,2.0,1.0,2.0,0.0,2.0
28750000,2,53,алматы,43.296108537832,76.979359388297,2020,1428.0,4.0,9.0,3.0,1.0,2.0,2.0,0.0,2.0
35500000,3,75,алматы,43.226969,76.800908,1989,1840.0,3.0,9.0,3.0,1.0,1.0,2.0,0.0,2.0
23500000,1,46,алматы,43.206879538099,76.784853367198,2023,2403.0,6.0,9.0,3.0,6.0,3.0,2.0,0.0,2.0
16500000,1,25,алматы,43.210912,76.785017,2024,3417.0,4.0,4.0,2.0,1.0,2.0,2.0,0.0,2.0
29000000,2,42,алматы,43.223041,76.892123,1975,1475.0,5.0,5.0,1.0,2.0,2.0,2.0,0.0,2.0
45500000,2,70,алматы,43.214819466228,76.874148845673,2017,1060.0,9.0,17.0,3.0,2.0,2.0,1.0,0.0,2.0
80000000,4,90,алматы,43.205182,76.90549,1986,1509.0,1.0,5.0,1.0,2.0,1.0,1.0,0.0,2.0
58000000,3,90,алматы,43.265179638936,76.918001685368,2020,1522.0,4.0,12.0,3.0,2.0,2.0,3.0,0.0,2.0
35000000,2,67,алматы,43.278316,76.824238,2013,2339.0,4.0,4.0,3.0,1.0,2.0,2.0,0.0,2.0
34000000,1,44,алматы,43.265765990798,76.899751875098,2007,71.0,2.0,9.0,3.0,2.0,2.0,2.0,0.0,2.0
59000000,2,61,алматы,43.224459,76.961922,1971,2974.0,5.0,5.0,1.0,1.0,1.0,1.0,0.0,2.0
35500000,1,42,алматы,43.244748,76.91565,1991,1440.0,2.0,9.0,1.0,2.0,2.0,2.0,0.0,2.0
49900000,2,70,алматы,43.213465830824,76.871954798699,2017,1060.0,15.0,17.0,3.0,2.0,1.0,1.0,0.0,2.0
58500000,3,77,алматы,43.236341489351,76.85459939881,2021,1198.0,10.0,13.0,3.0,2.0,1.0,2.0,0.0,2.0
24500000,2,44,алматы,43.217295875919,76.865430898147,1967,3121.0,1.0,4.0,2.0,2.0,2.0,2.0,0.0,2.0
29000000,2,45,алматы,43.195246,76.881101,1983,464.0,2.0,5.0,2.0,4.0,2.0,2.0,1.0,2.0
31000000,2,44,алматы,43.231757,76.832197,2017,1601.0,10.0,10.0,3.0,1.0,1.0,1.0,0.0,2.0
85000000,3,100,алматы,43.233894267748,76.875101566839,2020,1206.0,6.0,16.0,3.0,2.0,2.0,3.0,0.0,2.0
23500000,2,45,алматы,43.306176881777,77.003849118126,2024,2874.0,2.0,5.0,3.0,5.0,2.0,2.0,0.0,2.0
33500000,2,45,алматы,43.248905331319,76.895332910381,1978,1601.0,1.0,5.0,2.0,1.0,2.0,2.0,0.0,2.0
44000000,3,74,алматы,43.232347579208,76.839561754631,1988,692.0,5.0,9.0,2.0,1.0,2.0,1.0,0.0,2.0
25500000,2,44,алматы,43.206165390755,76.863708882278,1973,2128.0,1.0,5.0,2.0,1.0,2.0,2.0,0.0,2.0
35000000,1,35,алматы,43.243035398666,76.903610687172,1975,2104.0,4.0,5.0,1.0,2.0,2.0,2.0,0.0,2.0
64000000,2,62,алматы,43.208995487318,76.891907370157,2024,2199.0,13.0,16.0,3.0,6.0,2.0,2.0,0.0,2.0
67000000,2,90,алматы,43.210278555985,76.840865228194,2015,912.0,5.0,13.0,3.0,1.0,2.0,2.0,0.0,2.0
73000000,3,85,алматы,43.225268048824,76.933566145599,2012,104.0,9.0,16.0,3.0,2.0,2.0,1.0,1.0,2.0
50000000,3,63,алматы,43.216365806459,76.900631502145,2023,1987.0,6.0,12.0,3.0,6.0,2.0,2.0,0.0,2.0
32000000,2,37,алматы,43.224512,76.895833,1965,1694.0,3.0,4.0,2.0,1.0,2.0,2.0,0.0,2.0
65000000,3,93,алматы,43.316733144786,76.975085735321,2020,1244.0,6.0,9.0,3.0,1.0,1.0,3.0,0.0,2.0
31200000,2,50,алматы,43.207922,76.789086,2023,3225.0,3.0,10.0,3.0,1.0,1.0,2.0,1.0,2.0
28000000,2,55,алматы,43.263435,76.820168,2020,3162.0,12.0,12.0,3.0,1.0,1.0,2.0,0.0,2.0
56000000,3,75,алматы,43.221746,76.891494,1991,1601.0,1.0,9.0,3.0,1.0,2.0,2.0,0.0,2.0
20500000,1,35,алматы,43.230324044112,76.783371873326,2024,1509.0,5.0,9.0,3.0,1.0,2.0,2.0,0.0,2.0
26700000,1,37,алматы,43.263922487797,76.820672609212,2018,636.0,7.0,12.0,3.0,1.0,1.0,2.0,1.0,2.0
15500000,1,30,алматы,43.311151625878,76.89667387698,2014,818.0,2.0,7.0,3.0,1.0,2.0,2.0,0.0,2.0
24500000,1,35,алматы,43.243158811353,76.839096651451,1988,73.0,4.0,5.0,2.0,2.0,2.0,2.0,0.0,2.0
32000000,2,52,алматы,43.333732,76.948906,2015,262.0,1.0,5.0,3.0,1.0,2.0,2.0,0.0,2.0
47500000,2,48,алматы,43.204729436843,76.89183727576,2014,72.0,7.0,25.0,3.0,1.0,2.0,2.0,0.0,2.0
35000000,3,65,алматы,43.240224,76.859586,1978,1601.0,5.0,5.0,2.0,1.0,1.0,1.0,0.0,2.0
69000000,3,88,алматы,43.17598899089,76.897551201604,2021,1836.0,2.0,3.0,3.0,2.0,2.0,1.0,0.0,2.0
50500000,3,78,алматы,43.217585129701,76.840354067541,1990,3069.0,5.0,5.0,1.0,2.0,2.0,1.0,0.0,2.0
39500000,2,75,алматы,43.242179524591,76.877845958335,2012,2611.0,15.0,18.0,3.0,2.0,2.0,2.0,0.0,2.0
23500000,2,43,алматы,43.226982,76.872621,1966,1825.0,4.0,4.0,2.0,1.0,2.0,2.0,0.0,2.0
23500000,1,35,алматы,43.260188011063,76.82170947918,2019,636.0,5.0,12.0,3.0,1.0,1.0,2.0,0.0,2.0
38000000,2,42,алматы,43.261033,76.918345,1969,2403.0,2.0,5.0,2.0,1.0,2.0,2.0,0.0,2.0
75000000,2,60,алматы,43.226400236205,76.937514494194,2020,1475.0,17.0,17.0,3.0,1.0,1.0,2.0,0.0,2.0
54000000,2,75,алматы,43.231074642998,76.885882615934,2014,601.0,6.0,12.0,3.0,1.0,2.0,2.0,0.0,2.0
47000000,3,71,алматы,43.267663344883,76.821163552901,2022,1117.0,5.0,12.0,3.0,2.0,1.0,1.0,0.0,2.0
32000000,2,55,алматы,43.26067787684,76.814966553984,2017,921.0,7.0,9.0,3.0,1.0,1.0,2.0,1.0,2.0
32000000,2,63,алматы,43.282555887707,76.819707037303,2014,2225.0,8.0,9.0,3.0,1.0,2.0,1.0,0.0,2.0
65500000,3,97,алматы,43.230857692085,76.877503044192,2022,1401.0,14.0,16.0,3.0,6.0,3.0,3.0,0.0,2.0
43900000,3,82,алматы,43.24388555589,76.811132149165,2016,11.0,14.0,16.0,3.0,1.0,1.0,3.0,0.0,2.0
21000000,1,32,алматы,43.176676,76.864841,1986,744.0,5.0,5.0,1.0,2.0,1.0,2.0,0.0,2.0
42000000,2,52,алматы,43.214585,76.893408,1985,1395.0,4.0,5.0,2.0,2.0,2.0,2.0,0.0,2.0
49000000,2,55,алматы,43.258669070141,76.927029877091,2015,630.0,11.0,15.0,3.0,1.0,2.0,2.0,0.0,2.0
39000000,2,46,алматы,43.221009696864,76.886923955006,2024,1959.0,15.0,15.0,3.0,1.0,1.0,2.0,0.0,2.0
25333333,1,43,алматы,43.244814,76.81441,2013,11.0,1.0,9.0,3.0,1.0,2.0,2.0,1.0,2.0
37000000,2,45,алматы,43.265179638936,76.918001685368,2021,1522.0,12.0,13.0,3.0,1.0,1.0,2.0,0.0,2.0
27990000,1,47,алматы,43.239422,76.862919,1993,1831.0,4.0,12.0,2.0,1.0,1.0,1.0,0.0,2.0
45000000,2,38,алматы,43.234069584699,76.919644654428,2020,825.0,2.0,16.0,3.0,2.0,2.0,2.0,0.0,2.0
32000000,2,55,алматы,43.228723881104,76.783938919739,2023,1257.0,7.0,9.0,3.0,1.0,1.0,2.0,0.0,2.0
65000000,2,70,алматы,43.211471,76.875603,2007,1601.0,11.0,14.0,3.0,1.0,1.0,1.0,0.0,2.0
28600000,1,43,алматы,43.265179638936,76.918001685368,2024,1522.0,5.0,13.0,3.0,1.0,2.0,2.0,0.0,2.0
51000000,4,82,алматы,43.234969,76.825342,1989,1601.0,2.0,5.0,2.0,1.0,1.0,1.0,0.0,2.0
12500000,1,27,алматы,43.302279583064,76.995248794501,2025,2513.0,3.0,9.0,3.0,6.0,2.0,2.0,0.0,2.0
27000000,1,44,алматы,43.21406239867,76.851504787216,2006,1275.0,9.0,9.0,1.0,1.0,2.0,2.0,0.0,2.0
49000000,2,52,алматы,43.205216710192,76.893489130639,2020,1552.0,7.0,17.0,3.0,2.0,1.0,2.0,0.0,2.0
30000000,2,50,алматы,43.201744800938,76.842116736106,1978,3167.0,1.0,4.0,1.0,2.0,2.0,1.0,0.0,2.0
63500000,2,75,алматы,43.248945,76.866809,2016,7.0,11.0,12.0,3.0,1.0,1.0,2.0,0.0,2.0
33000000,2,64,алматы,43.221528696409,76.785801051041,2020,3225.0,2.0,9.0,3.0,1.0,2.0,1.0,0.0,2.0
42000000,3,53,алматы,43.206581321835,76.885349750519,2015,123.0,16.0,17.0,3.0,2.0,2.0,2.0,0.0,2.0
9000000,1,20,алматы,43.203079,76.850603,2004,1838.0,1.0,2.0,1.0,1.0,1.0,2.0,0.0,2.0
50500000,3,78,алматы,43.242096823576,76.876736005432,2012,463.0,9.0,19.0,3.0,1.0,2.0,2.0,0.0,2.0
61000000,3,65,алматы,43.230754022994,76.881036758423,2020,983.0,3.0,12.0,3.0,1.0,1.0,2.0,0.0,2.0
23000000,1,30,алматы,43.223704,76.892051,1961,1124.0,3.0,4.0,1.0,1.0,1.0,2.0,0.0,2.0
36000000,3,57,алматы,43.218221461788,76.879888295631,1973,1620.0,4.0,5.0,2.0,1.0,2.0,2.0,0.0,2.0
42500000,3,69,алматы,43.324807,76.914177,1985,1601.0,1.0,5.0,2.0,2.0,2.0,1.0,0.0,2.0
36000000,2,68,алматы,43.269481,76.821031,2018,1601.0,1.0,12.0,3.0,1.0,2.0,1.0,0.0,2.0
46850000,1,46,алматы,43.240283,76.883005,2022,1812.0,7.0,12.0,3.0,1.0,1.0,2.0,0.0,2.0
82000000,3,87,алматы,43.22622,76.934919,2017,144.0,4.0,13.0,3.0,1.0,1.0,1.0,0.0,2.0
32000000,2,52,алматы,43.333732,76.948906,2015,2720.0,1.0,5.0,3.0,1.0,2.0,2.0,0.0,2.0
28000000,1,30,алматы,43.210299208947,76.903235845535,1980,2904.0,4.0,5.0,2.0,2.0,2.0,2.0,0.0,2.0
65000000,2,70,алматы,43.221279778646,76.895222929214,2021,1479.0,8.0,12.0,3.0,1.0,1.0,2.0,0.0,2.0
65000000,2,60,алматы,43.226717269996,76.937085340764,2021,1475.0,10.0,19.0,3.0,6.0,2.0,3.0,0.0,2.0
33000000,2,43,алматы,43.253193,76.885314,1973,378.0,1.0,4.0,2.0,1.0,3.0,2.0,0.0,2.0
49500000,3,102,алматы,43.236449621745,76.881310450375,2024,2555.0,19.0,6.0,3.0,1.0,2.0,2.0,0.0,2.0
35000000,2,63,алматы,43.310111143521,76.973796961977,2017,1601.0,2.0,9.0,3.0,2.0,2.0,1.0,0.0,2.0
65000000,4,97,алматы,43.221024,76.847809,1993,1124.0,7.0,9.0,2.0,1.0,2.0,1.0,0.0,2.0
57000000,2,72,алматы,43.205938,76.885224,2016,1126.0,6.0,16.0,3.0,1.0,1.0,2.0,0.0,2.0
35000000,1,43,алматы,43.239585602595,76.824266289242,2007,48.0,6.0,9.0,3.0,1.0,1.0,2.0,0.0,2.0
18000000,1,35,алматы,43.338095084983,76.914399203704,1974,1855.0,1.0,2.0,2.0,1.0,2.0,1.0,0.0,2.0
31000000,2,42,алматы,43.255064,76.909712,1972,1826.0,2.0,4.0,2.0,1.0,2.0,2.0,0.0,2.0
59700000,3,75,алматы,43.242589409444,76.935980856483,1980,1698.0,4.0,5.0,1.0,1.0,2.0,1.0,0.0,2.0
56000000,3,73,алматы,43.218052680978,76.890834815623,2022,1750.0,1.0,13.0,3.0,1.0,1.0,1.0,0.0,2.0
76000000,3,93,алматы,43.233894267748,76.875101566839,2019,1206.0,11.0,16.0,3.0,1.0,2.0,2.0,0.0,2.0
65000000,3,67,алматы,43.252458,76.955248,1989,2893.0,4.0,12.0,3.0,1.0,2.0,1.0,0.0,2.0
42500000,2,70,алматы,43.230697810474,76.831165850807,2013,527.0,13.0,13.0,3.0,1.0,2.0,2.0,0.0,2.0
31000000,1,45,алматы,43.206477,76.863772,2000,2328.0,2.0,5.0,3.0,4.0,2.0,1.0,0.0,2.0
30500000,3,61,алматы,43.321826741716,76.91727797057,1983,1527.0,5.0,5.0,2.0,1.0,2.0,2.0,0.0,2.0
23000000,2,56,алматы,43.173963863944,76.787637725281,2024,2086.0,9.0,9.0,3.0,1.0,2.0,2.0,0.0,2.0
27500000,1,33,алматы,43.246970041536,76.852302446655,2021,2129.0,3.0,10.0,3.0,1.0,1.0,2.0,0.0,2.0
79000000,3,102,алматы,43.206632334711,76.884845495224,2013,123.0,14.0,16.0,3.0,1.0,2.0,3.0,0.0,2.0
45200000,2,41,алматы,43.26665041551,76.929558019731,2020,3171.0,11.0,12.0,3.0,1.0,2.0,2.0,0.0,2.0
27500000,1,30,алматы,43.217548,76.948016,1965,1821.0,2.0,4.0,1.0,2.0,1.0,2.0,0.0,2.0
26500000,3,68,алматы,43.36607296681,76.949811804893,1992,1601.0,5.0,5.0,2.0,2.0,1.0,1.0,0.0,2.0
10400000,1,14,алматы,43.229879,76.865246,1969,381.0,4.0,4.0,2.0,1.0,2.0,1.0,0.0,1.0
27000000,1,44,алматы,43.211786,76.790371,2019,1601.0,1.0,9.0,3.0,1.0,1.0,2.0,1.0,2.0
44000000,1,42,алматы,43.243077749505,76.902892814818,1974,1694.0,4.0,5.0,1.0,2.0,1.0,1.0,0.0,2.0
42000000,3,65,алматы,43.088725,76.909308,1985,305.0,3.0,3.0,2.0,1.0,3.0,2.0,0.0,2.0
52000000,3,72,алматы,43.220117,76.839006,1991,2326.0,5.0,9.0,2.0,4.0,2.0,2.0,0.0,2.0
37200000,2,42,алматы,43.217588011385,76.878253893997,2025,3426.0,3.0,9.0,3.0,6.0,2.0,2.0,0.0,2.0
30900000,2,46,алматы,43.322315135861,76.909690721128,1982,2442.0,2.0,5.0,2.0,1.0,1.0,2.0,0.0,2.0
49500000,2,64,алматы,43.219434,76.954161,1970,1123.0,2.0,5.0,1.0,1.0,2.0,1.0,0.0,2.0
25300000,1,40,алматы,43.309852,76.985602,2021,1601.0,1.0,9.0,3.0,1.0,2.0,2.0,0.0,2.0
22000000,1,45,алматы,43.221512724336,76.78803351702,2020,3470.0,10.0,10.0,3.0,1.0,1.0,2.0,0.0,2.0
85000000,3,90,алматы,43.26101397057,76.935785792394,2019,1461.0,8.0,15.0,3.0,1.0,1.0,2.0,0.0,2.0
68000000,3,84,алматы,43.26695843638,76.966522096789,2021,1766.0,1.0,10.0,3.0,1.0,1.0,3.0,0.0,2.0
47000000,2,62,алматы,43.210810624833,76.791210927377,2019,1064.0,4.0,9.0,3.0,1.0,1.0,1.0,0.0,2.0
50000000,2,42,алматы,43.195752,76.887362,1977,692.0,4.0,8.0,2.0,1.0,1.0,2.0,0.0,2.0
35500000,2,55,алматы,43.328154073186,76.921581154775,1991,1171.0,1.0,5.0,2.0,1.0,2.0,2.0,0.0,2.0
51000000,3,62,алматы,43.196139,76.886257,1975,1603.0,4.0,5.0,2.0,1.0,1.0,1.0,0.0,2.0
33000000,1,32,алматы,43.221668,76.961338,1988,190.0,5.0,5.0,2.0,2.0,2.0,2.0,0.0,2.0
67000000,3,90,алматы,43.168576,76.873816,2012,1053.0,9.0,10.0,3.0,1.0,2.0,3.0,0.0,2.0
59000000,3,70,алматы,43.24266,76.935718,1975,214.0,4.0,5.0,1.0,1.0,2.0,1.0,0.0,2.0
45000000,2,56,алматы,43.236644164986,76.853309730824,2021,1634.0,1.0,13.0,3.0,1.0,1.0,2.0,0.0,2.0
65000000,2,54,алматы,43.226717269996,76.937085340764,2021,1475.0,6.0,15.0,3.0,6.0,2.0,2.0,0.0,2.0
35500000,2,55,алматы,43.211274,76.871588,1985,1866.0,3.0,5.0,2.0,4.0,2.0,1.0,0.0,2.0
24900000,2,59,алматы,43.360231,76.991728,2006,2974.0,5.0,5.0,3.0,1.0,2.0,1.0,0.0,2.0
27000000,2,43,алматы,43.226673,76.905445,1963,1855.0,3.0,4.0,1.0,1.0,1.0,2.0,1.0,2.0
25800000,1,33,алматы,43.331699731476,76.952845141458,1964,2243.0,3.0,3.0,1.0,1.0,2.0,2.0,0.0,2.0
39000000,3,65,алматы,43.210284258994,76.873084837958,1989,1601.0,5.0,5.0,2.0,1.0,2.0,1.0,0.0,2.0
41500000,2,56,алматы,43.2653,76.898717,2006,71.0,7.0,9.0,3.0,1.0,1.0,1.0,0.0,2.0
49000000,2,90,алматы,43.248856911735,76.866705268403,2012,52.0,8.0,12.0,3.0,1.0,3.0,1.0,0.0,2.0
26000000,1,31,алматы,43.222791,76.874283,1967,282.0,1.0,4.0,2.0,2.0,2.0,2.0,0.0,2.0
62000000,4,96,алматы,43.223178,76.837649,1993,1601.0,8.0,9.0,2.0,1.0,2.0,2.0,0.0,2.0
59000000,3,100,алматы,43.237285422135,76.882590165418,2024,2555.0,7.0,18.0,3.0,5.0,2.0,1.0,0.0,2.0
27500000,2,44,алматы,43.253890699175,76.918946166668,1969,1767.0,1.0,4.0,2.0,1.0,2.0,2.0,0.0,2.0
29900000,1,27,алматы,43.270715,76.967222,2025,1601.0,5.0,16.0,2.0,1.0,1.0,2.0,0.0,2.0
54000000,3,72,алматы,43.200024,76.886149,1977,3186.0,7.0,8.0,2.0,1.0,3.0,1.0,0.0,2.0
65000000,3,110,алматы,43.204637401887,76.877087371976,2011,48.0,4.0,16.0,3.0,1.0,2.0,2.0,0.0,2.0
30500000,2,44,алматы,43.270918721573,76.941562156027,1966,1601.0,3.0,5.0,2.0,2.0,2.0,2.0,0.0,2.0
32800000,2,57,алматы,43.220202536382,76.842166449074,2009,2054.0,11.0,11.0,3.0,2.0,2.0,2.0,0.0,2.0
33500000,3,60,алматы,43.192505,76.903379,1976,1601.0,2.0,5.0,2.0,2.0,3.0,1.0,0.0,2.0
53000000,3,117,алматы,43.286586337212,77.004190685535,2010,73.0,5.0,5.0,3.0,1.0,2.0,3.0,0.0,2.0
45500000,4,84,алматы,43.236112,76.827525,1989,751.0,4.0,5.0,2.0,1.0,2.0,1.0,0.0,2.0
36900000,2,56,алматы,43.269895,76.952786,1978,2904.0,4.0,5.0,1.0,2.0,2.0,2.0,0.0,2.0
44000000,2,67,алматы,43.342217151309,76.994230010678,2016,661.0,9.0,12.0,3.0,2.0,1.0,2.0,0.0,2.0
69600000,3,91,алматы,43.25970824481,76.94826400449,1978,729.0,4.0,5.0,1.0,1.0,2.0,2.0,0.0,2.0
29000000,1,38,алматы,43.262812652741,76.902504984089,2019,1470.0,15.0,16.0,3.0,1.0,1.0,2.0,0.0,2.0
26000000,2,46,алматы,43.33284,76.946651,2014,349.0,4.0,5.0,3.0,2.0,2.0,2.0,0.0,2.0
61500000,3,70,алматы,43.26461,76.962991,1977,2077.0,4.0,5.0,1.0,1.0,1.0,1.0,0.0,2.0
39500000,3,61,алматы,43.250028181589,76.891229544983,1978,1601.0,1.0,5.0,2.0,1.0,2.0,2.0,0.0,2.0
31500000,2,43,алматы,43.261039,76.925118,1975,2778.0,5.0,5.0,2.0,2.0,2.0,2.0,0.0,2.0
41000000,1,46,алматы,43.243340236077,76.854374466759,2024,2375.0,8.0,12.0,3.0,1.0,1.0,2.0,0.0,2.0
21000000,2,42,алматы,43.302832,76.942474,1961,1418.0,1.0,2.0,2.0,2.0,3.0,1.0,0.0,2.0
48000000,3,83,алматы,43.241626742159,76.814948515537,2010,2299.0,5.0,9.0,3.0,1.0,1.0,3.0,0.0,2.0
43000000,3,95,алматы,43.242883,76.817015,2010,1601.0,7.0,10.0,3.0,1.0,1.0,1.0,0.0,2.0
33000000,2,43,алматы,43.231009,76.864239,1969,534.0,2.0,4.0,2.0,1.0,2.0,1.0,0.0,2.0
81000000,3,105,алматы,43.234843116956,76.92135102523,2016,111.0,11.0,21.0,3.0,1.0,2.0,2.0,0.0,2.0
31350000,2,56,алматы,43.258197559615,76.820061777958,2024,3014.0,2.0,6.0,3.0,1.0,2.0,2.0,0.0,2.0
70000000,2,83,алматы,43.268837676815,76.945403985047,2020,1440.0,5.0,10.0,3.0,1.0,1.0,1.0,0.0,2.0
27519600,1,41,алматы,43.261149798302,76.900878704114,2021,1992.0,8.0,12.0,3.0,6.0,2.0,2.0,0.0,2.0
45000000,4,83,алматы,43.236327765826,76.828371635155,1989,1862.0,4.0,5.0,2.0,1.0,2.0,1.0,0.0,2.0
35500000,2,43,алматы,43.260369,76.923429,1976,1128.0,2.0,5.0,2.0,1.0,1.0,2.0,0.0,2.0
37500000,2,52,алматы,43.267999361493,76.929341967884,2025,3414.0,10.0,12.0,3.0,1.0,2.0,2.0,0.0,2.0
50000000,2,58,алматы,43.203012727103,76.873384364015,2021,1137.0,10.0,12.0,3.0,1.0,2.0,2.0,0.0,2.0
44500000,3,89,алматы,43.268713,76.821668,2017,1053.0,4.0,5.0,3.0,2.0,1.0,3.0,0.0,2.0
21500000,1,40,алматы,43.258197559615,76.820061777958,2025,3014.0,5.0,6.0,3.0,6.0,2.0,2.0,0.0,2.0
23000000,1,44,алматы,43.280253,76.817051,2018,1601.0,5.0,9.0,3.0,2.0,1.0,2.0,0.0,2.0
18500000,1,40,алматы,43.297362175039,76.832381594926,2024,3245.0,3.0,5.0,3.0,6.0,2.0,2.0,0.0,2.0
56700000,3,100,алматы,43.247256660588,76.86916540521,2012,3191.0,15.0,21.0,3.0,1.0,1.0,3.0,1.0,2.0
62000000,3,92,алматы,43.202392322238,76.874044260708,2011,2506.0,9.0,16.0,3.0,1.0,1.0,3.0,0.0,2.0
18600000,1,38,алматы,43.221128225175,76.782937732332,2025,3399.0,2.0,9.0,3.0,1.0,2.0,2.0,0.0,2.0
33500000,2,44,алматы,43.250294826335,76.890505348549,1978,1601.0,2.0,5.0,2.0,2.0,2.0,2.0,0.0,2.0
30500000,1,50,алматы,43.251381,76.815838,2011,512.0,1.0,9.0,3.0,1.0,1.0,2.0,0.0,2.0
44000000,2,47,алматы,43.241030547402,76.890138661377,1984,2621.0,4.0,5.0,1.0,1.0,1.0,1.0,0.0,2.0
74900000,2,83,алматы,43.200674256746,76.899601562852,2023,2080.0,17.0,20.0,3.0,1.0,2.0,2.0,0.0,2.0
55000000,2,93,алматы,43.223841127129,76.792911683095,2012,92.0,2.0,16.0,3.0,1.0,1.0,2.0,0.0,2.0
65000000,1,50,алматы,43.229451029326,76.938655075358,2019,1072.0,11.0,12.0,3.0,1.0,1.0,2.0,0.0,2.0
37500000,2,51,алматы,43.217752,76.893857,1986,1625.0,3.0,5.0,2.0,1.0,2.0,1.0,0.0,2.0
49500000,2,64,алматы,43.21228583379,76.794697872432,2023,2075.0,12.0,12.0,3.0,1.0,2.0,2.0,0.0,2.0
30500000,2,55,алматы,43.267528251074,76.820677146172,2020,1689.0,12.0,12.0,3.0,2.0,2.0,2.0,0.0,2.0
49900000,2,68,алматы,43.213881815017,76.849673261599,2005,662.0,6.0,9.0,3.0,2.0,2.0,3.0,0.0,2.0
42000000,3,75,алматы,43.236371751165,76.881988511685,2024,2555.0,17.0,20.0,3.0,5.0,2.0,2.0,0.0,2.0
53000000,1,53,алматы,43.237399258546,76.891029104725,2025,3020.0,9.0,10.0,3.0,5.0,2.0,2.0,0.0,2.0
29000000,2,45,алматы,43.195171429065,76.88085423677,1983,282.0,2.0,5.0,2.0,4.0,2.0,2.0,0.0,2.0
26000000,2,47,алматы,43.207173,76.787119,2019,3192.0,2.0,10.0,3.0,2.0,2.0,2.0,0.0,2.0
26000000,2,44,алматы,43.219355,76.864689,1970,643.0,4.0,6.0,2.0,2.0,1.0,2.0,0.0,2.0
29500000,1,44,алматы,43.22080004147,76.848730888222,1994,1551.0,1.0,9.0,2.0,2.0,2.0,2.0,0.0,2.0
41500000,2,67,алматы,43.306945084826,77.004689683457,2023,2874.0,5.0,5.0,3.0,1.0,1.0,2.0,0.0,2.0
37500000,2,52,алматы,43.249614,76.891512,1985,1601.0,1.0,5.0,2.0,2.0,2.0,1.0,0.0,2.0
65000000,2,57,алматы,43.194727434583,76.931100420965,2019,576.0,5.0,8.0,3.0,1.0,1.0,2.0,0.0,2.0
26000000,1,40,алматы,43.290595,76.987686,2021,934.0,2.0,9.0,3.0,2.0,2.0,2.0,0.0,2.0
12800000,1,18,алматы,43.213294396771,76.867946076057,1964,353.0,4.0,4.0,1.0,1.0,1.0,2.0,0.0,1.0
45000000,4,108,алматы,43.220401038251,76.795918233135,2012,92.0,15.0,16.0,3.0,1.0,2.0,2.0,0.0,2.0
71000000,3,80,алматы,43.208523854873,76.892832802624,2024,2199.0,15.0,16.0,3.0,6.0,2.0,2.0,0.0,2.0
27000000,2,45,алматы,43.229715,76.84807,1968,781.0,2.0,4.0,2.0,2.0,1.0,2.0,0.0,2.0
20000000,1,25,алматы,43.196164143376,76.920394027788,2024,883.0,1.0,3.0,3.0,1.0,2.0,2.0,0.0,2.0
47300000,2,53,алматы,43.253643999992,76.920653100524,1987,1601.0,4.0,6.0,2.0,1.0,2.0,2.0,0.0,2.0
27519600,2,40,алматы,43.261494803805,76.899913108869,2021,1992.0,10.0,15.0,3.0,6.0,2.0,2.0,0.0,2.0
39500000,3,61,алматы,43.250078799604,76.890048013042,1978,1601.0,1.0,5.0,2.0,1.0,2.0,2.0,0.0,2.0
45000000,3,58,алматы,43.261019,76.817078,2024,3014.0,2.0,6.0,3.0,1.0,1.0,2.0,1.0,2.0
26500000,3,55,алматы,43.231738270883,76.843887365568,1965,1452.0,4.0,4.0,2.0,2.0,3.0,1.0,0.0,2.0
41500000,2,57,алматы,43.264991,76.898941,2005,71.0,6.0,9.0,3.0,1.0,2.0,1.0,1.0,2.0
55000000,3,71,алматы,43.265864,76.953487,1980,885.0,3.0,9.0,2.0,2.0,2.0,1.0,0.0,2.0
45000000,2,70,алматы,43.216786,76.880697,2016,534.0,8.0,16.0,3.0,1.0,2.0,2.0,0.0,2.0
41900000,3,71,алматы,43.273061273185,76.813876478298,2025,2147.0,9.0,12.0,3.0,6.0,2.0,1.0,0.0,2.0
29500000,1,44,алматы,43.220689,76.847971,1994,1093.0,1.0,9.0,2.0,1.0,2.0,2.0,0.0,2.0
38000000,2,63,алматы,43.274502302328,76.815229655076,2024,2147.0,1.0,12.0,3.0,1.0,2.0,2.0,0.0,2.0
85000000,3,105,алматы,43.230028241857,76.876761868133,2020,1401.0,13.0,16.0,3.0,2.0,1.0,3.0,0.0,2.0
22500000,1,33,алматы,43.348727,76.992007,1989,1603.0,1.0,5.0,1.0,2.0,1.0,2.0,0.0,2.0
34500000,2,65,алматы,43.313328,76.976322,2016,2376.0,3.0,9.0,3.0,1.0,2.0,1.0,0.0,2.0
60500000,3,66,алматы,43.237104,76.896606,1995,1866.0,1.0,5.0,1.0,1.0,2.0,1.0,0.0,2.0
31500000,3,57,алматы,43.237451810993,76.827776912566,1983,2807.0,1.0,5.0,2.0,1.0,2.0,1.0,0.0,2.0
33500000,2,43,алматы,43.244339525605,76.901848186508,1978,1936.0,3.0,5.0,2.0,2.0,2.0,2.0,0.0,2.0
34000000,2,63,алматы,43.324452,76.98474,2018,169.0,3.0,5.0,3.0,1.0,2.0,1.0,0.0,2.0
42000000,3,80,алматы,43.23114,76.854816,1975,2528.0,9.0,9.0,2.0,1.0,2.0,1.0,0.0,2.0
37000000,2,52,алматы,43.249267876644,76.883073660047,1989,2508.0,3.0,5.0,1.0,2.0,2.0,1.0,0.0,2.0
32000000,1,34,алматы,43.260625,76.939321,1966,1601.0,4.0,4.0,1.0,1.0,2.0,2.0,0.0,2.0
42500000,2,60,алматы,43.219501534485,76.841883853828,2009,1313.0,8.0,12.0,3.0,1.0,2.0,3.0,0.0,2.0
50000000,2,67,алматы,43.215347361947,76.880843493499,2023,1770.0,7.0,14.0,3.0,1.0,2.0,3.0,0.0,2.0
58000000,3,67,алматы,43.263117201045,76.946158195106,1975,1318.0,2.0,8.0,1.0,2.0,2.0,1.0,0.0,2.0
22500000,1,32,алматы,43.211484,76.86123,1968,1694.0,4.0,4.0,2.0,4.0,3.0,2.0,0.0,2.0
39000000,2,66,алматы,43.30522541632,76.921583890876,2006,779.0,3.0,9.0,3.0,1.0,2.0,1.0,0.0,2.0
54000000,2,65,алматы,43.211602847379,76.97922770872,2019,5.0,2.0,4.0,3.0,1.0,2.0,2.0,0.0,2.0
23000000,1,44,алматы,43.279577,76.826717,2018,534.0,5.0,9.0,3.0,2.0,1.0,2.0,0.0,2.0
21700000,1,31,алматы,43.226831,76.847154,1972,463.0,1.0,4.0,2.0,1.0,2.0,2.0,0.0,2.0
55000000,3,95,алматы,43.327985967953,76.93999575107,2021,1689.0,1.0,10.0,3.0,2.0,2.0,3.0,0.0,2.0
62181000,2,58,алматы,43.231498422523,76.947034296816,2025,979.0,21.0,33.0,3.0,4.0,2.0,2.0,0.0,2.0
41500000,3,76,алматы,43.220363446487,76.78755420449,2019,1124.0,1.0,6.0,3.0,2.0,2.0,1.0,0.0,2.0
27000000,1,49,алматы,43.257028,76.831559,2016,313.0,4.0,5.0,3.0,1.0,2.0,2.0,0.0,2.0
21500000,2,40,алматы,43.258197559615,76.820061777958,2025,3014.0,5.0,6.0,3.0,6.0,2.0,2.0,0.0,2.0
72000000,4,100,алматы,43.242436204764,76.832812181427,2018,995.0,4.0,9.0,3.0,1.0,2.0,3.0,0.0,2.0
19500000,1,39,алматы,43.281447,76.819979,2016,2339.0,6.0,9.0,3.0,2.0,2.0,2.0,0.0,2.0
43000000,3,98,алматы,43.221832,76.795015,2012,92.0,6.0,16.0,3.0,1.0,1.0,2.0,0.0,2.0
48300000,2,73,алматы,43.211336049555,76.827616845806,2025,3104.0,2.0,6.0,3.0,6.0,2.0,3.0,0.0,2.0
33000000,1,40,алматы,43.234396963979,76.895999067031,1985,19.0,8.0,9.0,2.0,1.0,2.0,2.0,0.0,2.0
25500000,2,40,алматы,43.224131,76.890982,1966,1601.0,1.0,4.0,1.0,1.0,2.0,2.0,0.0,2.0
75777555,3,128,алматы,43.243389,76.875882,2011,640.0,10.0,20.0,3.0,1.0,1.0,1.0,0.0,2.0
71000000,3,83,алматы,43.198157,76.911302,1995,1601.0,1.0,9.0,2.0,1.0,2.0,1.0,0.0,2.0
50000000,3,91,алматы,43.304276,76.921444,2006,912.0,3.0,9.0,3.0,4.0,2.0,1.0,0.0,2.0
61000000,2,60,алматы,43.230307451528,76.87991853595,2019,983.0,5.0,12.0,3.0,1.0,1.0,2.0,0.0,2.0
31900000,2,51,алматы,43.302689478433,76.924888340886,1991,1596.0,3.0,5.0,1.0,1.0,2.0,2.0,0.0,2.0
36500000,2,56,алматы,43.221963,76.884425,2023,1959.0,11.0,17.0,3.0,6.0,2.0,3.0,0.0,2.0
16000000,1,18,алматы,43.233235,76.845078,1975,1959.0,1.0,5.0,2.0,1.0,1.0,1.0,0.0,1.0
45000000,3,70,алматы,43.200698641381,76.894779015868,1989,2974.0,5.0,5.0,1.0,2.0,2.0,1.0,0.0,2.0
48000000,2,50,алматы,43.205216710192,76.893489130639,2022,1552.0,9.0,18.0,3.0,1.0,1.0,2.0,0.0,2.0
31700000,1,41,алматы,43.224361,76.839266,1991,1008.0,2.0,9.0,2.0,1.0,2.0,2.0,0.0,2.0
61500000,3,69,алматы,43.212926686126,76.871361096058,2016,1060.0,17.0,17.0,2.0,1.0,1.0,1.0,0.0,2.0
28000000,2,55,алматы,43.230390916046,76.780899633795,2021,1821.0,7.0,9.0,3.0,2.0,1.0,2.0,0.0,2.0
72000000,3,91,алматы,43.208026257792,76.912064552307,2009,17.0,12.0,13.0,3.0,1.0,2.0,2.0,0.0,2.0
40000000,1,40,алматы,43.231325668676,76.882417584496,2023,2618.0,4.0,6.0,3.0,1.0,2.0,2.0,0.0,2.0
64000000,4,104,алматы,43.215347361947,76.880843493499,2023,1770.0,11.0,14.0,3.0,6.0,3.0,1.0,0.0,2.0
17500000,1,35,алматы,43.209059,76.799228,2025,3399.0,8.0,9.0,3.0,1.0,2.0,2.0,0.0,2.0
55000000,3,65,алматы,43.219348,76.894279,1988,3070.0,5.0,5.0,1.0,1.0,2.0,1.0,0.0,2.0
25000000,2,37,алматы,43.202593,76.870034,1972,2998.0,2.0,4.0,1.0,1.0,2.0,2.0,0.0,1.0
27000000,2,42,алматы,43.228414,76.913692,1962,1165.0,4.0,6.0,2.0,1.0,2.0,2.0,0.0,2.0
30000000,2,67,алматы,43.302006,76.839293,2018,2218.0,5.0,5.0,3.0,2.0,1.0,2.0,1.0,2.0
42000000,3,77,алматы,43.206872008474,76.787399214818,2024,3225.0,8.0,9.0,3.0,1.0,1.0,1.0,0.0,2.0
26500000,2,48,алматы,43.302655,76.986904,1988,3070.0,1.0,5.0,1.0,1.0,1.0,1.0,1.0,2.0
55000000,3,83,алматы,43.218681850281,76.897299969362,1973,706.0,5.0,5.0,1.0,2.0,2.0,2.0,0.0,2.0
39900000,3,67,алматы,43.254907,76.885,1980,2578.0,3.0,5.0,2.0,1.0,2.0,2.0,0.0,2.0
35000000,2,44,алматы,43.226108,76.903433,1968,1601.0,4.0,4.0,1.0,1.0,2.0,2.0,0.0,2.0
28000000,1,33,алматы,43.235803,76.9009,1971,1833.0,4.0,4.0,1.0,1.0,1.0,2.0,0.0,2.0
40500000,2,53,алматы,43.201095,76.974535,2021,2011.0,3.0,3.0,3.0,6.0,2.0,2.0,0.0,2.0
13000000,1,17,алматы,43.287859,77.003963,2020,1172.0,9.0,9.0,3.0,2.0,2.0,2.0,0.0,2.0
48000000,3,84,алматы,43.235777,76.806559,2020,1171.0,5.0,16.0,3.0,1.0,1.0,3.0,0.0,2.0
21500000,1,36,алматы,43.299384749366,76.833592057174,2024,3012.0,1.0,5.0,3.0,1.0,2.0,2.0,0.0,2.0
32000000,1,34,алматы,43.260625,76.939321,1966,1420.0,4.0,4.0,1.0,1.0,2.0,2.0,0.0,2.0
77000000,4,102,алматы,43.231217669968,76.874355417709,2016,751.0,4.0,12.0,3.0,1.0,2.0,2.0,0.0,2.0
38000000,3,59,алматы,43.326625314971,77.0352824597,2023,1534.0,5.0,6.0,3.0,1.0,2.0,1.0,0.0,2.0
38500000,2,49,алматы,43.291215811099,76.990481615067,2021,1819.0,3.0,7.0,3.0,1.0,1.0,2.0,0.0,2.0
82000000,3,77,алматы,43.197542738429,76.895292330433,2020,1478.0,12.0,14.0,3.0,1.0,1.0,3.0,0.0,2.0
35000000,2,69,алматы,43.254530164818,76.818250769793,2018,1083.0,3.0,12.0,3.0,1.0,2.0,1.0,0.0,2.0
70000000,3,67,алматы,43.235571600028,76.955577136246,1986,880.0,4.0,6.0,3.0,1.0,2.0,2.0,0.0,2.0
36500000,2,48,алматы,43.212509,76.870824,2017,299.0,12.0,17.0,3.0,1.0,2.0,2.0,0.0,2.0
22000000,1,35,алматы,43.295018,76.912928,1987,2652.0,5.0,5.0,1.0,1.0,2.0,2.0,0.0,2.0
52700000,3,70,алматы,43.21008682933,76.841748644895,2000,1601.0,1.0,5.0,2.0,1.0,1.0,3.0,0.0,2.0
38000000,1,37,алматы,43.230785403886,76.879266500473,2019,983.0,11.0,12.0,3.0,2.0,2.0,2.0,0.0,2.0
27000000,1,33,алматы,43.265943,76.933769,1975,3126.0,3.0,4.0,2.0,2.0,2.0,2.0,0.0,2.0
17500000,1,36,алматы,43.220890770958,76.783360048911,2025,427.0,2.0,9.0,3.0,6.0,2.0,2.0,0.0,2.0
57000000,2,57,алматы,43.197589503608,76.895253761706,2020,1478.0,7.0,6.0,3.0,1.0,2.0,2.0,0.0,2.0
84500000,3,95,алматы,43.257441,76.936868,1977,864.0,7.0,7.0,1.0,1.0,1.0,1.0,0.0,2.0
28500000,2,42,алматы,43.231468,76.899804,1974,2491.0,2.0,4.0,1.0,1.0,1.0,1.0,0.0,1.0
57000000,2,72,алматы,43.206416510634,76.885542869568,2016,123.0,6.0,16.0,3.0,2.0,2.0,2.0,0.0,2.0
29000000,2,60,алматы,43.213567,76.776474,2022,1124.0,3.0,5.0,3.0,1.0,2.0,2.0,1.0,2.0
44000000,2,56,алматы,43.246173,76.903972,1982,1601.0,6.0,9.0,2.0,4.0,3.0,1.0,0.0,2.0
30000000,2,45,алматы,43.195949,76.882897,1975,1564.0,3.0,5.0,2.0,1.0,2.0,1.0,0.0,2.0
33500000,2,51,алматы,43.221009696864,76.886923955006,2025,1959.0,8.0,16.0,3.0,4.0,2.0,2.0,0.0,2.0
45000000,3,84,алматы,43.241938,76.807484,2016,1420.0,14.0,16.0,2.0,1.0,2.0,3.0,0.0,2.0
40500000,2,51,алматы,43.261494803805,76.899913108869,2022,1992.0,5.0,15.0,3.0,1.0,2.0,2.0,0.0,2.0
25700000,2,45,алматы,43.256896,76.871812,1972,1776.0,1.0,4.0,2.0,2.0,2.0,2.0,1.0,2.0
60000000,2,69,алматы,43.168667079084,76.905237991299,2025,2029.0,3.0,3.0,3.0,6.0,2.0,2.0,0.0,2.0
61500000,3,89,алматы,43.211374899261,76.793861972402,2023,2075.0,1.0,12.0,3.0,1.0,1.0,2.0,1.0,2.0
61000000,3,75,алматы,43.238096,76.903747,1970,290.0,4.0,4.0,1.0,1.0,1.0,1.0,0.0,2.0
28200000,1,40,алматы,43.228435917647,76.835756390213,1989,2388.0,7.0,9.0,2.0,2.0,2.0,2.0,0.0,2.0
35000000,2,45,алматы,43.23028,76.924642,1970,1689.0,4.0,4.0,2.0,2.0,1.0,1.0,0.0,2.0
69000000,2,62,алматы,43.236231961959,76.936727761495,2021,1068.0,5.0,10.0,3.0,6.0,2.0,2.0,0.0,2.0
38500000,2,58,алматы,43.240800023599,76.856136856534,2016,885.0,1.0,12.0,3.0,1.0,2.0,2.0,0.0,2.0
32000000,3,60,алматы,43.226358,76.833472,1983,1250.0,3.0,5.0,2.0,1.0,2.0,1.0,0.0,2.0
62000000,3,78,алматы,43.214342,76.880229,1992,3014.0,7.0,9.0,2.0,1.0,1.0,1.0,0.0,2.0
85000000,2,63,алматы,43.240405217908,76.909024952709,2020,984.0,5.0,15.0,3.0,2.0,2.0,2.0,0.0,2.0
36500000,3,62,алматы,43.250081,76.889976,1978,1477.0,5.0,5.0,2.0,1.0,1.0,1.0,0.0,2.0
35000000,2,59,алматы,43.262989,76.821004,2018,636.0,3.0,12.0,3.0,1.0,1.0,1.0,0.0,2.0
34000000,2,60,алматы,43.356088,76.920016,2010,2283.0,2.0,6.0,3.0,1.0,1.0,2.0,1.0,2.0
45000000,2,54,алматы,43.250646297809,76.903443195106,1976,1601.0,2.0,5.0,1.0,2.0,2.0,1.0,0.0,2.0
20250000,2,54,алматы,43.365731834418,76.928858756801,2025,2734.0,4.0,9.0,3.0,5.0,3.0,2.0,0.0,2.0
30000000,1,32,алматы,43.229983556421,76.903539777878,1980,70.0,1.0,5.0,2.0,1.0,2.0,2.0,0.0,2.0
40000000,1,50,алматы,43.294282447803,76.830018672946,2023,2610.0,5.0,5.0,3.0,1.0,2.0,2.0,1.0,2.0
30000000,1,41,алматы,43.260408426733,76.812959710942,2017,1667.0,3.0,9.0,3.0,1.0,2.0,2.0,0.0,2.0
43000000,3,64,алматы,43.190494,76.832772,2013,2138.0,1.0,6.0,3.0,1.0,1.0,2.0,0.0,2.0
22000000,1,20,алматы,43.255407516765,76.923413598267,2014,774.0,2.0,9.0,3.0,1.0,2.0,2.0,0.0,2.0
20000000,1,35,алматы,43.208679227042,76.784289570445,2025,3461.0,7.0,9.0,3.0,6.0,2.0,2.0,0.0,2.0
58000000,4,120,алматы,43.267322,76.954457,1984,1974.0,3.0,5.0,1.0,2.0,2.0,2.0,0.0,2.0
27800000,2,48,алматы,43.235592196386,76.843301077384,1971,2928.0,2.0,4.0,2.0,1.0,1.0,2.0,0.0,2.0
34950000,2,55,алматы,43.240920005104,76.829799211696,1993,806.0,4.0,12.0,3.0,1.0,2.0,1.0,0.0,2.0
51999990,2,61,алматы,43.237753473036,76.883164759273,2009,41.0,9.0,17.0,3.0,1.0,2.0,2.0,0.0,2.0
25000000,1,44,алматы,43.320904,76.982898,2018,2075.0,2.0,5.0,3.0,1.0,1.0,2.0,0.0,2.0
28000000,1,41,алматы,43.211670229356,76.791800030934,2019,2282.0,1.0,9.0,3.0,1.0,2.0,2.0,0.0,2.0
52000000,1,46,алматы,43.21439066966,76.891724354492,2019,1601.0,4.0,12.0,3.0,2.0,2.0,2.0,0.0,2.0
60000000,2,93,алматы,43.236882770458,76.884130354519,2009,41.0,5.0,16.0,3.0,2.0,2.0,3.0,0.0,2.0
20500000,1,31,алматы,43.221705980823,76.786440765848,2020,1124.0,4.0,10.0,3.0,1.0,1.0,2.0,0.0,2.0
44000000,1,41,алматы,43.205389548674,76.892727675916,2020,1601.0,14.0,17.0,3.0,1.0,2.0,2.0,0.0,2.0
35000000,2,64,алматы,43.306683,76.840389,2017,3365.0,1.0,5.0,3.0,1.0,2.0,1.0,0.0,2.0
14500000,2,25,алматы,43.25922,76.924004,1984,480.0,3.0,4.0,2.0,1.0,2.0,2.0,0.0,1.0
24000000,1,41,алматы,43.259796263747,76.813132005612,2015,921.0,5.0,8.0,3.0,2.0,2.0,2.0,0.0,2.0
60000000,3,76,алматы,43.218052680978,76.890834815623,2020,1750.0,1.0,17.0,3.0,1.0,1.0,2.0,0.0,2.0
63500000,3,73,алматы,43.237432,76.956443,1988,3177.0,9.0,10.0,2.0,1.0,2.0,2.0,0.0,2.0
52900000,4,83,алматы,43.23451,76.828765,1989,2652.0,3.0,5.0,2.0,1.0,2.0,1.0,1.0,2.0
70000000,3,67,алматы,43.235501,76.955266,1986,1120.0,5.0,5.0,3.0,1.0,1.0,1.0,0.0,2.0
19800000,2,38,алматы,43.25993,76.861814,1972,527.0,2.0,2.0,1.0,1.0,2.0,2.0,0.0,2.0
38900000,2,65,алматы,43.207825249442,76.860103294301,2005,1601.0,5.0,9.0,3.0,2.0,2.0,2.0,0.0,2.0
13500000,1,20,алматы,43.223336851614,76.900772576721,1987,1601.0,4.0,5.0,2.0,2.0,2.0,2.0,0.0,1.0
48000000,3,64,алматы,43.235206,76.878711,1979,2159.0,3.0,5.0,2.0,2.0,1.0,2.0,0.0,2.0
22000000,1,48,алматы,43.272466903006,76.829214516536,2023,2115.0,6.0,7.0,3.0,1.0,3.0,2.0,0.0,2.0
40000000,2,66,алматы,43.301815,76.838054,2019,1439.0,2.0,5.0,3.0,1.0,2.0,1.0,0.0,2.0
40000000,2,64,алматы,43.213585272669,76.849316143516,2005,1601.0,1.0,9.0,3.0,2.0,1.0,1.0,0.0,2.0
33000000,2,45,алматы,43.260868,76.91636,1979,1601.0,5.0,5.0,2.0,1.0,1.0,2.0,0.0,2.0
43300000,1,52,алматы,43.217588011385,76.878253893997,2025,3426.0,2.0,9.0,3.0,5.0,2.0,2.0,0.0,2.0
54000000,3,75,алматы,43.214710912054,76.850503348549,2006,1601.0,2.0,9.0,3.0,1.0,2.0,1.0,0.0,2.0
29900000,1,31,алматы,43.222903,76.892833,1974,1601.0,4.0,5.0,2.0,1.0,1.0,2.0,0.0,2.0
21500000,1,37,алматы,43.268077,76.819018,2023,832.0,12.0,12.0,3.0,1.0,2.0,2.0,0.0,2.0
19500000,1,39,алматы,43.268953006199,76.823329925483,2025,3028.0,4.0,12.0,3.0,1.0,2.0,2.0,0.0,2.0
45500000,3,50,алматы,43.166862574852,76.877039725619,2024,2286.0,3.0,3.0,3.0,1.0,2.0,2.0,0.0,2.0
28000000,1,34,алматы,43.319993,76.908446,1986,3192.0,2.0,4.0,3.0,2.0,2.0,2.0,0.0,2.0
29000000,2,43,алматы,43.232828,76.846695,1968,1864.0,4.0,4.0,2.0,1.0,1.0,2.0,0.0,2.0
21000000,1,33,алматы,43.232217,76.848025,1968,1472.0,4.0,4.0,2.0,1.0,2.0,2.0,0.0,2.0
31000000,2,56,алматы,43.305319228615,76.925250441803,1998,2200.0,5.0,5.0,1.0,2.0,2.0,3.0,0.0,2.0
59000000,2,64,алматы,43.217109632327,76.88161884243,2022,1817.0,2.0,10.0,3.0,1.0,2.0,2.0,0.0,2.0
45000000,2,68,алматы,43.208343,76.788278,2022,2403.0,6.0,9.0,3.0,6.0,1.0,2.0,0.0,2.0
45000000,2,57,алматы,43.221651227139,76.865033494594,2020,1569.0,5.0,10.0,3.0,1.0,2.0,1.0,0.0,2.0
60000000,3,123,алматы,43.220884102778,76.842243978703,2010,529.0,10.0,11.0,3.0,2.0,1.0,3.0,0.0,2.0
26000000,2,67,алматы,43.227163260717,76.782445264468,2020,2824.0,3.0,6.0,3.0,5.0,2.0,2.0,0.0,2.0
30900000,2,44,алматы,43.170746679262,76.874365133607,2013,23.0,5.0,6.0,3.0,2.0,2.0,2.0,0.0,2.0
30000000,1,36,алматы,43.227313140466,76.902592705696,1990,1139.0,3.0,5.0,1.0,2.0,1.0,2.0,0.0,2.0
30500000,1,41,алматы,43.221037,76.838889,1990,11.0,2.0,9.0,2.0,1.0,2.0,2.0,0.0,2.0
22000000,1,40,алматы,43.221541210952,76.786333477487,2020,1124.0,1.0,6.0,3.0,1.0,1.0,2.0,0.0,2.0
27999999,2,46,алматы,43.215383970297,76.864345625167,1968,2974.0,2.0,4.0,2.0,1.0,1.0,2.0,0.0,2.0
45000000,3,59,алматы,43.195614,76.884757,1974,452.0,3.0,5.0,2.0,1.0,2.0,2.0,0.0,2.0
27700000,1,41,алматы,42.181369,69.880108,1986,1522.0,9.0,9.0,2.0,1.0,2.0,2.0,0.0,2.0
46000000,2,49,алматы,43.20435550068,76.890852489447,2015,72.0,23.0,25.0,3.0,1.0,2.0,2.0,0.0,2.0
85000000,3,65,алматы,43.220465,76.961114,1985,464.0,3.0,5.0,1.0,1.0,2.0,1.0,0.0,2.0
42300000,3,63,алматы,43.252043076201,76.872925751976,1982,2403.0,5.0,5.0,2.0,1.0,2.0,1.0,0.0,2.0
39500000,2,64,алматы,43.223280052278,76.787265560489,2019,1124.0,7.0,10.0,3.0,1.0,1.0,2.0,0.0,2.0
35200000,3,60,алматы,43.240898132324,76.838996887207,1976,1601.0,2.0,5.0,2.0,1.0,2.0,1.0,0.0,2.0
35000000,3,60,алматы,43.235409,76.838161,1982,1060.0,4.0,5.0,2.0,1.0,2.0,2.0,0.0,2.0
27500000,1,30,алматы,43.220749853315,76.956816850538,1965,274.0,4.0,6.0,2.0,1.0,2.0,2.0,0.0,2.0
60000000,4,75,алматы,43.262516,76.927319,1974,3157.0,2.0,5.0,2.0,1.0,2.0,2.0,1.0,2.0
36500000,2,38,алматы,43.257528911882,76.914368489844,2015,729.0,6.0,12.0,3.0,2.0,2.0,2.0,0.0,2.0
24500000,2,44,алматы,43.217295875919,76.865430898147,1967,1131.0,1.0,4.0,2.0,2.0,2.0,2.0,0.0,2.0
36500000,2,54,алматы,43.262398,76.893983,2024,1997.0,7.0,12.0,3.0,1.0,1.0,2.0,0.0,2.0
28900000,2,58,алматы,43.292679384553,77.013974189649,2024,3136.0,1.0,6.0,3.0,6.0,2.0,2.0,0.0,2.0
27500000,1,32,алматы,43.202974,76.88323,1973,1777.0,3.0,5.0,2.0,1.0,1.0,2.0,0.0,2.0
67500000,3,111,алматы,43.218875199997,76.888278654522,2023,1959.0,16.0,18.0,3.0,1.0,2.0,1.0,0.0,2.0
38500000,2,55,алматы,43.215071,76.898501,1987,2444.0,5.0,5.0,1.0,1.0,2.0,1.0,0.0,2.0
48000000,2,56,алматы,43.231841430681,76.871029646611,2021,1916.0,4.0,6.0,3.0,1.0,2.0,2.0,0.0,2.0
30000000,3,63,алматы,43.322659572584,76.838432185175,2019,1294.0,3.0,5.0,3.0,1.0,2.0,2.0,0.0,2.0
69000000,2,60,алматы,43.229999741801,76.94923770319,2023,1190.0,5.0,19.0,3.0,1.0,1.0,2.0,0.0,2.0
35000000,3,58,алматы,43.31752,76.914491,1983,612.0,5.0,5.0,3.0,1.0,2.0,1.0,0.0,2.0
37500000,2,53,алматы,43.322714,76.92086,1987,2305.0,2.0,5.0,2.0,1.0,1.0,1.0,0.0,2.0
48000000,2,60,алматы,43.221739124111,76.887861918913,2023,1959.0,11.0,17.0,3.0,6.0,2.0,2.0,0.0,2.0
53000000,3,88,алматы,43.221009696864,76.886923955006,2023,1959.0,3.0,10.0,3.0,1.0,2.0,2.0,0.0,2.0
43500000,3,64,алматы,43.197092911473,76.878029207686,1977,1286.0,4.0,5.0,2.0,1.0,2.0,2.0,0.0,2.0
26500000,1,47,алматы,43.305325,76.921103,2007,709.0,9.0,9.0,3.0,1.0,1.0,2.0,0.0,2.0
30000000,1,45,алматы,43.261019,76.817078,2017,2145.0,2.0,9.0,3.0,1.0,1.0,2.0,0.0,2.0
65000000,2,71,алматы,43.230624426812,76.877146401695,2022,1401.0,11.0,16.0,3.0,1.0,1.0,3.0,0.0,2.0
29500000,2,64,алматы,43.357799,76.920788,2010,851.0,5.0,6.0,3.0,1.0,1.0,1.0,0.0,2.0
30000000,2,42,алматы,43.234648,76.858203,1962,1601.0,2.0,4.0,2.0,2.0,1.0,2.0,0.0,2.0
29500000,2,40,алматы,43.249932378832,76.883113949737,1987,1855.0,9.0,9.0,2.0,1.0,2.0,2.0,0.0,2.0
82502667,2,91,алматы,43.229428320735,76.957603036765,1990,200.0,1.0,9.0,3.0,4.0,3.0,2.0,0.0,2.0
42000000,3,71,алматы,43.271805,76.936177,1977,1144.0,1.0,3.0,1.0,1.0,2.0,1.0,0.0,2.0
50000000,4,82,алматы,43.235363,76.823959,1991,692.0,1.0,5.0,2.0,1.0,2.0,1.0,0.0,2.0
25500000,1,32,алматы,43.228953,76.855688,1965,643.0,4.0,4.0,2.0,1.0,2.0,2.0,0.0,2.0
24500000,2,41,алматы,43.254959,76.863709,2025,3177.0,1.0,13.0,2.0,5.0,2.0,2.0,0.0,2.0
36000000,2,58,алматы,43.268928613899,76.819497554511,2020,1117.0,9.0,12.0,3.0,1.0,1.0,1.0,0.0,2.0
45000000,2,47,алматы,43.23614933104,76.938713307973,2010,63.0,13.0,13.0,3.0,2.0,1.0,2.0,0.0,2.0
23000000,1,31,алматы,43.261494803805,76.899913108869,2025,1992.0,6.0,12.0,3.0,1.0,2.0,2.0,0.0,2.0
31000000,3,75,алматы,43.337319,76.949238,1993,1601.0,5.0,5.0,1.0,1.0,3.0,1.0,0.0,2.0
59500000,2,56,алматы,43.207343800535,76.897450162692,2020,1823.0,9.0,14.0,3.0,1.0,1.0,2.0,0.0,2.0
28500000,1,32,алматы,43.255241534358,76.907791363172,1970,1601.0,3.0,4.0,2.0,1.0,1.0,2.0,0.0,2.0
42000000,2,62,алматы,43.231931481951,76.797078210216,2023,2599.0,4.0,12.0,3.0,1.0,1.0,2.0,0.0,2.0
21000000,2,40,алматы,43.242949,76.839617,1972,760.0,1.0,5.0,1.0,4.0,2.0,2.0,0.0,2.0
43000000,2,52,алматы,43.242466594589,76.855993578853,2023,2375.0,15.0,18.0,3.0,1.0,2.0,2.0,0.0,2.0
75000000,2,57,алматы,43.226005283817,76.938335250165,2021,1475.0,17.0,17.0,3.0,1.0,1.0,2.0,0.0,2.0
26000000,1,32,алматы,43.267926,76.947127,1976,1550.0,1.0,4.0,2.0,1.0,1.0,2.0,0.0,2.0
33500000,3,60,алматы,43.249610015494,76.856607833899,1982,1601.0,4.0,5.0,2.0,1.0,1.0,2.0,0.0,2.0
42500000,3,71,алматы,43.263547,76.901825,1989,248.0,4.0,5.0,1.0,2.0,2.0,1.0,0.0,2.0
44000000,4,100,алматы,43.241229799739,76.833797172503,1981,71.0,9.0,9.0,2.0,2.0,2.0,1.0,0.0,2.0
24500000,2,51,алматы,43.296474811421,76.831837892478,2025,2690.0,1.0,5.0,3.0,5.0,2.0,2.0,0.0,2.0
49500000,2,64,алматы,43.219447731356,76.954442631947,1970,312.0,2.0,5.0,1.0,1.0,2.0,1.0,0.0,2.0
55000000,3,83,алматы,43.218599,76.897684,1973,1599.0,5.0,5.0,1.0,2.0,2.0,2.0,0.0,2.0
33500000,2,64,алматы,43.274502302328,76.815229655076,2025,2147.0,12.0,12.0,3.0,5.0,2.0,2.0,0.0,2.0
42900000,2,61,алматы,43.226633533512,76.834139271412,1992,409.0,1.0,9.0,2.0,2.0,2.0,1.0,0.0,2.0
61000000,3,50,алматы,43.197354354628,76.895257461715,2020,1478.0,8.0,16.0,3.0,2.0,2.0,2.0,0.0,2.0
33000000,2,43,алматы,43.244702,76.901807,1978,1611.0,3.0,5.0,2.0,1.0,2.0,2.0,0.0,2.0
36500000,3,62,алматы,43.250087,76.889985,1978,1434.0,5.0,5.0,2.0,1.0,1.0,1.0,0.0,2.0
32000000,2,44,алматы,43.225609,76.866342,1966,818.0,2.0,4.0,2.0,1.0,2.0,2.0,0.0,2.0
15000000,1,28,алматы,43.33783,76.945052,1950,1712.0,1.0,2.0,2.0,2.0,2.0,2.0,0.0,2.0
44000000,3,80,алматы,43.232147200759,76.839697771826,1988,3006.0,5.0,9.0,2.0,1.0,2.0,1.0,0.0,2.0
57500000,3,86,алматы,43.256942,76.914096,2016,995.0,4.0,12.0,3.0,6.0,2.0,1.0,0.0,2.0
33200000,2,50,алматы,43.306176881777,77.003849118126,2023,2874.0,3.0,5.0,3.0,1.0,1.0,2.0,0.0,2.0
50500000,2,54,алматы,43.23979,76.948295,1978,1962.0,4.0,7.0,1.0,1.0,2.0,2.0,0.0,2.0
83000000,3,100,алматы,43.205336367252,76.88543584308,2017,123.0,11.0,18.0,3.0,2.0,2.0,3.0,0.0,2.0
24800000,2,45,алматы,43.245083,76.838826,1974,784.0,4.0,5.0,2.0,2.0,1.0,2.0,0.0,2.0
52000000,2,40,алматы,43.240405217908,76.909024952709,2020,984.0,8.0,14.0,3.0,1.0,1.0,2.0,0.0,2.0
28000000,1,38,алматы,43.234739592648,76.806874201999,2021,1171.0,7.0,16.0,3.0,1.0,2.0,2.0,0.0,2.0
33000000,2,56,алматы,43.223815390871,76.784240117844,2019,1124.0,8.0,10.0,3.0,1.0,1.0,1.0,0.0,2.0
47000000,1,47,алматы,43.232552,76.884191,2022,1601.0,12.0,18.0,3.0,1.0,1.0,2.0,0.0,2.0
50000000,4,130,алматы,43.223841127129,76.792911683095,2012,92.0,5.0,16.0,3.0,1.0,1.0,3.0,0.0,2.0
42000000,2,54,алматы,43.248472,76.915039,1985,1601.0,2.0,9.0,1.0,1.0,2.0,2.0,0.0,2.0
65999000,3,108,алматы,43.213698,76.869342,2015,534.0,1.0,9.0,3.0,1.0,2.0,1.0,0.0,2.0
63000000,3,82,алматы,43.218632,76.898259,1984,1601.0,2.0,5.0,1.0,1.0,2.0,1.0,0.0,2.0
26000000,2,58,алматы,43.208977382901,76.785240713862,2025,3172.0,4.0,9.0,3.0,1.0,2.0,2.0,0.0,2.0
42500000,3,95,алматы,43.236381,76.820483,1994,713.0,7.0,9.0,1.0,1.0,1.0,1.0,0.0,2.0
27000000,3,64,алматы,43.37613,76.989528,1974,985.0,2.0,2.0,2.0,4.0,3.0,1.0,0.0,2.0
43000000,2,44,алматы,43.208816,76.900909,1980,41.0,1.0,5.0,2.0,1.0,1.0,2.0,0.0,2.0
58000000,4,91,алматы,43.263983936469,76.951164575393,1973,1601.0,5.0,8.0,2.0,2.0,1.0,1.0,0.0,2.0
12400000,1,15,алматы,43.249201,76.899193,1982,261.0,2.0,5.0,2.0,1.0,1.0,2.0,0.0,1.0
25500000,2,58,алматы,43.219835647292,76.796033792003,2012,92.0,1.0,16.0,3.0,2.0,2.0,2.0,0.0,2.0
19500000,1,36,алматы,43.355439838669,76.923719084656,2009,1404.0,1.0,6.0,3.0,2.0,2.0,2.0,0.0,2.0
57000000,4,98,алматы,43.265760590104,76.947349804893,1984,11.0,1.0,5.0,2.0,1.0,2.0,3.0,0.0,2.0
79999999,4,104,алматы,43.230754022994,76.881036758423,2019,983.0,11.0,12.0,3.0,2.0,1.0,3.0,0.0,2.0
47300000,2,53,алматы,43.253577342272,76.921602602516,1987,706.0,3.0,5.0,1.0,1.0,2.0,2.0,0.0,2.0
31000000,3,75,алматы,43.337369781833,76.948920907585,1993,806.0,5.0,5.0,2.0,1.0,2.0,2.0,0.0,2.0
36000000,2,49,алматы,43.245479794248,76.869882493618,2020,1418.0,7.0,10.0,3.0,1.0,1.0,2.0,0.0,2.0
29500000,2,56,алматы,43.260503549015,76.82140531891,2019,636.0,10.0,12.0,3.0,1.0,1.0,2.0,0.0,2.0
38000000,2,41,алматы,43.257973,76.936159,1955,1474.0,1.0,3.0,1.0,1.0,2.0,2.0,0.0,2.0
26500000,3,68,алматы,43.365527,76.949903,1982,327.0,5.0,5.0,2.0,1.0,1.0,1.0,0.0,2.0
38000000,3,70,алматы,43.255156,76.861446,1986,259.0,3.0,5.0,1.0,2.0,2.0,1.0,0.0,2.0
57000000,3,75,алматы,43.213709914702,76.902371168604,1988,23.0,2.0,9.0,2.0,1.0,1.0,2.0,0.0,1.0
30000000,1,39,алматы,43.295674107406,76.9770166026,2022,1428.0,6.0,9.0,3.0,1.0,1.0,2.0,0.0,2.0
61000000,3,107,алматы,43.23720638941,76.893759907419,2017,876.0,17.0,18.0,3.0,1.0,2.0,2.0,0.0,2.0
35000000,3,60,алматы,43.345403,76.989465,1962,1222.0,1.0,3.0,2.0,1.0,2.0,1.0,0.0,2.0
60000000,2,52,алматы,43.229616,76.954484,1991,1443.0,5.0,5.0,1.0,1.0,2.0,1.0,0.0,2.0
38500000,3,82,алматы,43.252763617273,76.862965458284,2024,2523.0,2.0,14.0,3.0,6.0,2.0,2.0,0.0,2.0
30000000,2,62,алматы,43.217973009273,76.779755290215,2022,2269.0,7.0,10.0,3.0,1.0,2.0,2.0,0.0,2.0
45500000,3,65,алматы,43.247132,76.898888,1978,3131.0,3.0,5.0,2.0,1.0,1.0,2.0,0.0,2.0
23500000,1,48,алматы,43.209459258409,76.784157537554,2025,3172.0,3.0,9.0,3.0,6.0,2.0,2.0,0.0,2.0
57500000,3,73,алматы,43.206832,76.902912,1989,2075.0,6.0,9.0,2.0,1.0,1.0,2.0,0.0,2.0
34000000,3,74,алматы,43.337319,76.949238,1993,23.0,5.0,5.0,1.0,1.0,3.0,1.0,0.0,1.0
60000000,3,60,алматы,43.218052680978,76.890834815623,2020,1750.0,5.0,17.0,3.0,1.0,1.0,2.0,0.0,2.0
30000000,1,42,алматы,43.265179638936,76.918001685368,2024,1522.0,5.0,13.0,3.0,1.0,2.0,2.0,0.0,2.0
62000000,3,73,алматы,43.246305,76.906793,1983,1601.0,2.0,5.0,1.0,1.0,1.0,2.0,0.0,2.0
47000000,3,58,алматы,43.232395,76.916683,1971,123.0,2.0,4.0,2.0,2.0,2.0,1.0,0.0,2.0
68000000,2,53,алматы,43.260524370846,76.981945071383,2016,457.0,3.0,9.0,3.0,1.0,2.0,2.0,0.0,2.0
19200000,1,40,алматы,43.358881,76.921327,2009,2718.0,1.0,6.0,2.0,1.0,2.0,2.0,0.0,2.0
52000000,3,96,алматы,43.362597,76.994342,2007,1066.0,8.0,9.0,3.0,1.0,1.0,1.0,0.0,2.0
42500000,1,47,алматы,43.229201031288,76.884124237173,2020,1614.0,7.0,6.0,3.0,1.0,1.0,2.0,0.0,2.0
41000000,3,55,алматы,43.231096989712,76.832493562958,2018,957.0,3.0,9.0,3.0,1.0,1.0,2.0,1.0,2.0
69000000,3,125,алматы,43.248284395296,76.866962760468,2010,52.0,12.0,15.0,3.0,2.0,2.0,3.0,0.0,2.0
20700000,1,38,алматы,43.360401,76.994325,2010,463.0,3.0,6.0,3.0,1.0,2.0,2.0,0.0,2.0
62500000,3,81,алматы,43.292607010579,77.008920942772,2022,2021.0,4.0,5.0,3.0,1.0,1.0,3.0,0.0,2.0
11200000,3,58,алматы,43.210267944126,76.784547830066,2025,3172.0,6.0,9.0,3.0,1.0,2.0,2.0,0.0,2.0
20500000,1,35,алматы,43.323724,76.911581,1985,1385.0,5.0,5.0,2.0,2.0,2.0,2.0,0.0,2.0
34000000,1,36,алматы,43.267796317297,76.925256130626,2024,2505.0,6.0,12.0,3.0,4.0,2.0,2.0,0.0,2.0
43000000,3,65,алматы,43.26014,76.920447,1974,864.0,1.0,5.0,2.0,1.0,2.0,1.0,0.0,2.0
73000000,3,70,алматы,43.233894267748,76.875101566839,2019,1206.0,11.0,14.0,3.0,1.0,2.0,2.0,0.0,2.0
41000000,2,67,алматы,43.170602039118,76.871906518936,2013,120.0,3.0,9.0,3.0,2.0,2.0,1.0,0.0,2.0
38000000,3,60,алматы,43.247421700196,76.901286,1978,3119.0,5.0,5.0,2.0,2.0,1.0,2.0,0.0,2.0
83500000,3,100,алматы,43.230028241857,76.876761868133,2020,1401.0,11.0,16.0,3.0,1.0,1.0,3.0,0.0,2.0
61000000,2,94,алматы,43.213488,76.855553,2007,1124.0,14.0,15.0,3.0,1.0,1.0,1.0,0.0,2.0
67000000,3,73,алматы,43.199650640415,76.900801200725,2023,2080.0,10.0,20.0,3.0,1.0,2.0,2.0,0.0,2.0
36500000,3,56,алматы,43.194128,76.905176,1978,2892.0,5.0,5.0,2.0,1.0,2.0,2.0,0.0,2.0
25900000,2,47,алматы,43.222824,76.849813,1963,324.0,4.0,4.0,2.0,1.0,1.0,2.0,0.0,2.0
25500000,2,65,алматы,43.300794119199,76.839451789856,2016,1239.0,5.0,5.0,3.0,1.0,1.0,2.0,0.0,2.0
35500000,3,56,алматы,43.255203224896,76.909702760696,1972,651.0,4.0,4.0,2.0,1.0,2.0,1.0,0.0,2.0
35500000,1,53,алматы,43.262982,76.899876,2001,3177.0,4.0,9.0,3.0,1.0,1.0,2.0,0.0,2.0
55000000,4,74,алматы,43.234188,76.899067,1972,1821.0,3.0,4.0,2.0,2.0,1.0,2.0,0.0,2.0
34000000,1,42,алматы,43.260770589076,76.920439375671,1995,640.0,4.0,9.0,2.0,1.0,2.0,2.0,0.0,2.0
45000000,3,70,алматы,43.35337727765,76.925335573462,1989,2333.0,5.0,5.0,2.0,1.0,2.0,1.0,0.0,2.0
30900000,2,44,алматы,43.170047772424,76.875159067479,2013,23.0,5.0,6.0,3.0,1.0,2.0,2.0,0.0,2.0
61000000,2,76,алматы,43.215853,76.88208,2014,2236.0,2.0,14.0,3.0,1.0,1.0,1.0,0.0,2.0
35000000,3,59,алматы,43.261367,76.915102,1971,2377.0,4.0,4.0,2.0,1.0,1.0,1.0,0.0,2.0
43000000,3,72,алматы,43.238385,76.830642,1983,1601.0,9.0,9.0,2.0,1.0,1.0,2.0,0.0,2.0
75000000,2,55,алматы,43.249641,76.950621,1960,636.0,2.0,3.0,1.0,1.0,2.0,1.0,0.0,2.0
17500000,1,23,алматы,43.243354024602,76.883258789024,1977,3177.0,3.0,4.0,2.0,2.0,2.0,2.0,0.0,2.0
55000000,3,62,алматы,43.221149,76.934685,1977,1601.0,2.0,4.0,2.0,1.0,2.0,2.0,0.0,2.0
57000000,2,62,алматы,43.230754022994,76.881036758423,2019,983.0,5.0,12.0,3.0,1.0,1.0,1.0,0.0,2.0
56000000,3,74,алматы,43.211944,76.851519,1995,1630.0,4.0,5.0,1.0,1.0,1.0,1.0,0.0,2.0
20000000,1,35,алматы,43.204500180692,76.785930798952,2025,897.0,9.0,10.0,3.0,6.0,2.0,2.0,0.0,2.0
43000000,3,130,алматы,43.223842,76.792931,2012,2543.0,15.0,16.0,3.0,1.0,1.0,3.0,0.0,2.0
52500000,2,44,алматы,43.240656218039,76.91005492097,2020,984.0,12.0,16.0,3.0,2.0,2.0,2.0,0.0,2.0
40000000,2,60,алматы,43.230294126928,76.832016357928,2017,957.0,5.0,9.0,3.0,2.0,1.0,2.0,0.0,2.0
19100000,1,39,алматы,43.230324044112,76.783371873326,2025,1509.0,8.0,9.0,3.0,6.0,2.0,2.0,0.0,2.0
76500000,3,85,алматы,43.251039,76.957997,1982,1835.0,4.0,5.0,1.0,1.0,2.0,1.0,0.0,2.0
25000000,1,35,алматы,43.23243387214,76.839374,1988,1206.0,4.0,5.0,2.0,2.0,2.0,2.0,0.0,2.0
23700000,1,41,алматы,43.227724,76.782304,2022,1124.0,4.0,6.0,3.0,1.0,1.0,2.0,0.0,2.0
25500000,1,37,алматы,43.260456502209,76.821979311639,2019,636.0,3.0,12.0,3.0,2.0,2.0,2.0,0.0,2.0
43000000,2,48,алматы,43.218298294283,76.880121253562,2008,534.0,11.0,17.0,3.0,1.0,1.0,2.0,0.0,2.0
41000000,3,75,алматы,43.266703546156,76.819914404307,2020,1117.0,11.0,12.0,3.0,1.0,2.0,2.0,0.0,2.0
19000000,1,32,алматы,43.328932,76.9206,1990,1257.0,3.0,5.0,1.0,1.0,2.0,2.0,0.0,2.0
26500000,1,44,алматы,43.21151,76.791278,2019,1064.0,8.0,9.0,3.0,2.0,2.0,2.0,1.0,2.0
36000000,2,61,алматы,43.224616195239,76.782162265637,2020,1124.0,8.0,10.0,3.0,2.0,1.0,2.0,0.0,2.0
45500000,2,46,алматы,43.267102151835,76.929931640407,2024,2491.0,3.0,12.0,3.0,1.0,1.0,2.0,0.0,2.0
48000000,3,60,алматы,43.23026,76.906451,1983,1601.0,3.0,5.0,2.0,2.0,2.0,1.0,0.0,2.0
45000000,2,70,алматы,43.188953122778,76.821404926616,2019,2632.0,5.0,6.0,3.0,1.0,1.0,3.0,1.0,2.0
39500000,2,57,алматы,43.216353,76.890048,2016,2031.0,1.0,12.0,3.0,1.0,2.0,1.0,0.0,2.0
25500000,1,40,алматы,43.234615,76.829861,1990,148.0,3.0,5.0,2.0,2.0,2.0,2.0,0.0,2.0
51000000,3,60,алматы,43.258387,76.938701,1962,2555.0,4.0,4.0,1.0,1.0,2.0,2.0,0.0,2.0
26000000,1,30,алматы,43.230864,76.902005,1971,2652.0,1.0,4.0,2.0,1.0,2.0,2.0,0.0,2.0
29500000,2,43,алматы,43.250905666366,76.929579304229,1963,1959.0,2.0,4.0,1.0,1.0,2.0,2.0,0.0,2.0
19200000,1,27,алматы,43.22038,76.786562,2022,3346.0,7.0,6.0,3.0,1.0,2.0,2.0,0.0,2.0
43500000,2,55,алматы,43.231096989712,76.832493562958,2017,957.0,7.0,9.0,3.0,2.0,2.0,2.0,0.0,2.0
35000000,1,40,алматы,43.267814,76.940246,1950,2503.0,2.0,4.0,1.0,1.0,2.0,2.0,0.0,2.0
30000000,2,50,алматы,43.200974161266,76.842387069964,1978,292.0,1.0,4.0,1.0,1.0,2.0,1.0,0.0,2.0
59000000,2,70,алматы,43.207867913532,76.913334249548,2005,29.0,2.0,13.0,3.0,2.0,2.0,1.0,0.0,2.0
41500000,2,53,алматы,43.218298294283,76.880121253562,2008,534.0,8.0,16.0,3.0,1.0,2.0,2.0,0.0,2.0
39000000,3,78,алматы,43.252763617273,76.862965458284,2024,2523.0,1.0,13.0,3.0,1.0,2.0,2.0,0.0,2.0
26500000,2,46,алматы,43.332804757937,76.946125287032,2014,2128.0,4.0,5.0,3.0,1.0,2.0,2.0,0.0,2.0
42000000,2,56,алматы,43.24247,76.837281,1983,751.0,8.0,9.0,2.0,1.0,2.0,1.0,0.0,2.0
36000000,3,67,алматы,43.337508149513,76.949161046832,1994,2177.0,5.0,5.0,1.0,2.0,2.0,1.0,0.0,2.0
33500000,3,60,алматы,43.317828,76.926376,1985,784.0,4.0,5.0,2.0,2.0,2.0,1.0,0.0,2.0
82000000,3,86,алматы,43.237604471488,76.895563588306,2019,1051.0,4.0,14.0,3.0,1.0,1.0,3.0,0.0,2.0
58500000,2,70,алматы,43.252414283615,76.897377512294,2020,1323.0,3.0,13.0,3.0,1.0,2.0,1.0,0.0,2.0
52990000,2,55,алматы,43.235337375887,76.951292079693,1993,1083.0,5.0,5.0,1.0,2.0,2.0,1.0,0.0,2.0
77000000,3,100,алматы,43.230028241857,76.876761868133,2019,1401.0,13.0,16.0,3.0,1.0,1.0,3.0,0.0,2.0
43000000,3,55,алматы,43.265943,76.933769,1972,1601.0,1.0,4.0,2.0,4.0,2.0,1.0,0.0,2.0
51000000,2,53,алматы,43.243941,76.940156,1964,1904.0,2.0,4.0,2.0,1.0,2.0,2.0,0.0,2.0
28000000,2,42,алматы,43.218442,76.864859,1969,1011.0,3.0,4.0,2.0,2.0,1.0,2.0,0.0,2.0
50000000,3,82,алматы,43.222580412552,76.88712662587,2024,1959.0,4.0,6.0,3.0,1.0,2.0,2.0,0.0,2.0
19500000,1,33,алматы,43.311152,76.89733,2018,818.0,5.0,7.0,3.0,1.0,2.0,2.0,0.0,2.0
21500000,1,31,алматы,43.21559,76.86282,1967,296.0,4.0,4.0,2.0,4.0,2.0,2.0,0.0,2.0
41500000,2,45,алматы,43.262693,76.9191,2020,1542.0,4.0,13.0,3.0,2.0,1.0,2.0,0.0,2.0
74999999,2,83,алматы,43.259421838792,76.927448301697,2015,630.0,5.0,16.0,3.0,2.0,2.0,2.0,0.0,2.0
60000000,3,116,алматы,43.285689706525,77.00009439235,2019,2792.0,5.0,5.0,3.0,2.0,2.0,3.0,0.0,2.0
70000000,3,91,алматы,43.259666524892,76.948718906746,1978,377.0,4.0,5.0,1.0,2.0,2.0,2.0,0.0,2.0
24500000,2,44,алматы,43.231449,76.867806,1965,2280.0,4.0,4.0,2.0,4.0,3.0,2.0,0.0,2.0
24500000,1,36,алматы,43.234851,76.839428,1984,1962.0,9.0,9.0,2.0,1.0,2.0,2.0,0.0,2.0
66000000,2,88,алматы,43.287008841674,77.004255795948,2013,73.0,5.0,5.0,3.0,1.0,2.0,1.0,0.0,2.0
80000000,2,76,алматы,43.188210514897,76.868512619548,2008,103.0,3.0,7.0,3.0,1.0,2.0,2.0,0.0,2.0
85000000,4,150,алматы,43.213895,76.855445,2000,2986.0,5.0,6.0,1.0,1.0,2.0,3.0,0.0,2.0
41000000,3,59,алматы,43.285116,77.004395,2019,1601.0,2.0,5.0,3.0,1.0,2.0,2.0,0.0,2.0
42000000,3,71,алматы,43.272258,76.822728,2022,847.0,10.0,12.0,3.0,2.0,1.0,1.0,1.0,2.0
42000000,3,60,алматы,43.246016,76.840174,1989,1601.0,2.0,5.0,1.0,1.0,2.0,1.0,0.0,2.0
67000000,3,94,алматы,43.264969918806,76.918426118229,2021,1522.0,7.0,13.0,3.0,1.0,1.0,3.0,0.0,2.0
56500000,4,97,алматы,43.239869,76.82996,1991,1601.0,8.0,9.0,2.0,1.0,1.0,1.0,0.0,2.0
65000000,2,60,алматы,43.233656,76.891288,2023,2125.0,9.0,12.0,3.0,1.0,2.0,2.0,0.0,2.0
69500000,4,90,алматы,43.205807,76.901394,1989,2652.0,5.0,9.0,2.0,1.0,2.0,2.0,0.0,2.0
48000000,2,62,алматы,43.234795160829,76.808457028446,2022,1171.0,4.0,12.0,3.0,1.0,1.0,1.0,0.0,2.0
28000000,2,43,алматы,43.219644,76.89286,1961,1601.0,1.0,4.0,2.0,1.0,2.0,2.0,0.0,2.0
38000000,3,58,алматы,43.270003883281,76.949159262565,1967,1689.0,5.0,5.0,2.0,2.0,2.0,2.0,0.0,2.0
25500000,1,36,алматы,43.208718,76.863494,1978,2427.0,4.0,5.0,1.0,1.0,2.0,2.0,0.0,2.0
40500000,3,55,алматы,43.23017101032,76.912225218567,1964,512.0,4.0,4.0,1.0,2.0,2.0,2.0,0.0,2.0
44000000,2,69,алматы,43.219191,76.841979,2012,7.0,5.0,12.0,3.0,2.0,1.0,1.0,0.0,2.0
75000000,2,84,алматы,43.200674256746,76.899601562852,2023,2080.0,18.0,20.0,3.0,6.0,2.0,2.0,0.0,2.0
76000000,2,60,алматы,43.233894267748,76.875101566839,2019,1206.0,9.0,12.0,3.0,1.0,2.0,2.0,0.0,2.0
27000000,2,57,алматы,43.244519,76.803594,2024,1601.0,5.0,12.0,3.0,6.0,2.0,2.0,0.0,2.0
23000000,2,38,алматы,43.360447,76.941917,1974,1855.0,2.0,2.0,1.0,1.0,2.0,2.0,0.0,2.0
65000000,3,85,алматы,43.238370156627,76.904925175255,1974,1199.0,1.0,5.0,1.0,1.0,2.0,1.0,0.0,2.0
47500000,2,50,алматы,43.256486795986,76.964587569237,2020,1431.0,12.0,12.0,3.0,2.0,1.0,2.0,0.0,2.0
37000000,1,46,алматы,43.246970041536,76.852302446655,2021,2129.0,6.0,10.0,3.0,1.0,2.0,2.0,0.0,2.0
35500000,2,51,алматы,43.254789,76.884065,1980,1601.0,3.0,5.0,2.0,1.0,2.0,1.0,0.0,2.0
71000000,3,110,алматы,43.200727,76.841467,2014,1045.0,4.0,17.0,3.0,1.0,2.0,2.0,0.0,2.0
23000000,2,40,алматы,43.3585665448,76.979039670077,1936,754.0,1.0,2.0,1.0,1.0,1.0,2.0,0.0,2.0
24500000,1,33,алматы,43.261272152833,76.918438279762,1973,977.0,1.0,5.0,2.0,1.0,2.0,2.0,0.0,2.0
43000000,3,72,алматы,43.304302,76.924202,1997,3077.0,5.0,5.0,1.0,1.0,1.0,1.0,1.0,2.0
56000000,2,53,алматы,43.236049307602,76.880514335648,2022,1549.0,2.0,20.0,3.0,1.0,1.0,2.0,1.0,2.0
19500000,2,40,алматы,43.363758550421,76.932647305557,1980,1601.0,2.0,2.0,1.0,2.0,2.0,1.0,0.0,2.0
39900000,1,45,алматы,43.267445229911,76.928134172637,2023,2146.0,4.0,12.0,3.0,1.0,1.0,2.0,0.0,2.0
33500000,3,76,алматы,43.227157724937,76.769680603866,2025,1553.0,10.0,10.0,3.0,6.0,2.0,2.0,0.0,2.0
30200000,3,61,алматы,43.322046131917,76.91648671891,1983,1601.0,5.0,5.0,2.0,2.0,2.0,1.0,0.0,2.0
73000000,3,70,алматы,43.222857,76.955634,2008,1601.0,3.0,5.0,3.0,1.0,1.0,1.0,0.0,2.0
23000000,1,27,алматы,43.170047772424,76.875159067479,2016,23.0,4.0,5.0,3.0,1.0,2.0,2.0,0.0,2.0
37000000,2,109,алматы,43.223935278684,76.794478093159,2012,92.0,14.0,16.0,3.0,2.0,2.0,2.0,0.0,2.0
65000000,3,84,алматы,43.225268048824,76.933566145599,2014,104.0,6.0,16.0,3.0,2.0,1.0,2.0,0.0,2.0
21500000,2,46,алматы,43.20902968865,76.78515207624,2025,3149.0,4.0,9.0,3.0,1.0,2.0,2.0,0.0,2.0
32500000,2,45,алматы,43.226312,76.890785,1961,640.0,2.0,4.0,1.0,1.0,1.0,2.0,0.0,2.0
58900000,3,98,алматы,43.24478875852,76.875931698287,2012,463.0,13.0,19.0,3.0,1.0,2.0,3.0,0.0,2.0
43000000,3,58,алматы,43.267571,76.930787,1965,1119.0,2.0,4.0,1.0,2.0,2.0,2.0,0.0,2.0
26500000,1,32,алматы,43.197612,76.888566,1976,1601.0,5.0,5.0,2.0,2.0,2.0,2.0,0.0,2.0
34000000,1,52,алматы,43.240907844873,76.82585897196,2004,385.0,3.0,9.0,3.0,1.0,1.0,2.0,0.0,2.0
34500000,1,40,алматы,43.240733351626,76.856329975583,2018,885.0,4.0,13.0,3.0,1.0,2.0,2.0,0.0,2.0
31000000,2,70,алматы,43.215348473904,76.776248335208,2021,3346.0,5.0,10.0,3.0,1.0,1.0,2.0,0.0,2.0
76200000,3,115,алматы,43.213711,76.86936,2013,788.0,7.0,9.0,3.0,1.0,1.0,3.0,0.0,2.0
26000000,2,48,алматы,43.292679384553,77.013974189649,2024,3136.0,5.0,6.0,3.0,1.0,2.0,2.0,0.0,2.0
55000000,3,90,алматы,43.245742422189,76.81711524663,2012,921.0,7.0,9.0,2.0,1.0,1.0,2.0,0.0,2.0
20500000,1,28,алматы,43.222214018978,76.783991909017,2020,1124.0,9.0,10.0,3.0,1.0,2.0,2.0,0.0,2.0
44500000,3,50,алматы,43.245479794248,76.869882493618,2020,1418.0,6.0,13.0,3.0,1.0,1.0,2.0,0.0,2.0
42000000,2,60,алматы,43.199518,76.874426,1978,1435.0,6.0,8.0,2.0,1.0,2.0,1.0,0.0,2.0
30000000,2,54,алматы,43.337561,76.949993,1987,1245.0,5.0,5.0,2.0,1.0,2.0,2.0,0.0,2.0
56900000,2,51,алматы,43.244516054536,76.922985249064,2021,1324.0,6.0,13.0,3.0,1.0,1.0,2.0,0.0,2.0
14500000,1,25,алматы,43.170706,76.874301,2016,1601.0,1.0,5.0,3.0,2.0,2.0,2.0,0.0,2.0
53000000,3,117,алматы,43.28692678153,77.001560169311,2010,2260.0,5.0,5.0,3.0,2.0,2.0,2.0,0.0,2.0
27000000,2,45,алматы,43.223054227352,76.86235788095,1966,997.0,3.0,4.0,2.0,2.0,2.0,2.0,0.0,2.0
62000000,2,61,алматы,43.241601048859,76.909330115414,2018,2225.0,11.0,15.0,1.0,1.0,2.0,2.0,0.0,2.0
55000000,3,74,алматы,43.218981,76.836491,1992,1601.0,7.0,9.0,2.0,1.0,2.0,1.0,0.0,2.0
59000000,3,95,алматы,43.284921605427,77.001777248233,2021,73.0,2.0,5.0,3.0,1.0,2.0,3.0,0.0,2.0
37000000,2,56,алматы,43.246846996551,76.869769298853,2022,1833.0,10.0,10.0,3.0,1.0,2.0,2.0,0.0,2.0
35500000,2,50,алматы,43.24331255684,76.875931342729,2012,463.0,14.0,19.0,3.0,1.0,2.0,2.0,0.0,2.0
45000000,2,80,алматы,43.24331255684,76.875931342729,2012,463.0,14.0,19.0,3.0,1.0,1.0,2.0,0.0,2.0
13000000,1,18,алматы,43.230081916024,76.866382037231,1966,1601.0,3.0,4.0,2.0,1.0,2.0,2.0,0.0,2.0
20000000,1,45,алматы,43.302047961022,76.993833691559,2025,2513.0,5.0,9.0,3.0,6.0,2.0,2.0,0.0,2.0
53900000,2,57,алматы,43.193080218488,76.920015124051,2018,1563.0,1.0,3.0,3.0,1.0,1.0,2.0,0.0,2.0
30000000,2,70,алматы,43.273155317181,76.829952298665,2024,2115.0,1.0,7.0,3.0,1.0,2.0,2.0,0.0,2.0
27500000,1,42,алматы,43.237285422135,76.882590165418,2024,2555.0,19.0,20.0,3.0,6.0,2.0,2.0,0.0,2.0
59000000,2,71,алматы,43.23934299205,76.931834805808,2006,70.0,12.0,6.0,3.0,1.0,2.0,2.0,0.0,2.0
25500000,1,29,алматы,43.231895,76.894351,1961,1134.0,1.0,5.0,2.0,1.0,1.0,2.0,0.0,2.0
21500000,1,31,алматы,43.207633425926,76.787427811855,2021,1448.0,4.0,6.0,2.0,1.0,2.0,2.0,0.0,2.0
27500000,2,45,алматы,43.206372,76.836652,1985,2318.0,1.0,5.0,2.0,1.0,2.0,2.0,0.0,2.0
54000000,2,87,алматы,43.212400144585,76.980832743642,2020,5.0,3.0,9.0,3.0,5.0,2.0,2.0,0.0,2.0
38900000,1,45,алматы,43.209725415453,76.858977466102,2019,1089.0,6.0,12.0,3.0,1.0,1.0,2.0,0.0,2.0
10000000,1,32,алматы,43.368729069509,76.987149806378,2015,827.0,1.0,5.0,2.0,1.0,2.0,2.0,0.0,2.0
38000000,3,71,алматы,43.360926,76.993417,1996,2505.0,5.0,5.0,2.0,1.0,1.0,1.0,0.0,2.0
25500000,2,60,алматы,43.241340485664,76.810090851075,2025,11.0,10.0,10.0,3.0,4.0,2.0,3.0,0.0,2.0
60000000,3,90,алматы,43.240733351626,76.856329975583,2017,885.0,8.0,12.0,3.0,1.0,2.0,3.0,0.0,2.0
63000000,3,86,алматы,43.256167,76.918812,1970,2220.0,5.0,5.0,1.0,2.0,2.0,1.0,0.0,2.0
71500000,2,67,алматы,43.207811,76.894585,2021,194.0,8.0,10.0,3.0,1.0,2.0,2.0,0.0,2.0
35000000,1,43,алматы,43.265179638936,76.918001685368,2020,1522.0,7.0,13.0,3.0,1.0,1.0,2.0,1.0,2.0
39000000,2,43,алматы,43.275308501682,76.926920413862,2023,1306.0,3.0,6.0,3.0,1.0,1.0,2.0,1.0,2.0
54000000,2,53,алматы,43.24687168608,76.94855905159,1976,976.0,5.0,5.0,1.0,1.0,2.0,2.0,0.0,2.0
32000000,2,42,алматы,43.245852417483,76.855950250915,2021,2129.0,6.0,10.0,3.0,1.0,1.0,2.0,0.0,2.0
43000000,2,39,алматы,43.230754022994,76.881036758423,2024,983.0,10.0,12.0,3.0,1.0,2.0,2.0,0.0,2.0
39900000,3,92,алматы,43.305220346405,76.921490191471,2006,3313.0,9.0,9.0,3.0,2.0,1.0,2.0,0.0,2.0
36000000,3,60,алматы,43.328050652517,76.939913797026,2021,1689.0,7.0,10.0,3.0,1.0,2.0,2.0,0.0,2.0
65000000,3,95,алматы,43.210108614446,76.84086691824,2015,3346.0,12.0,13.0,3.0,1.0,2.0,2.0,0.0,2.0
38000000,1,55,алматы,43.170720317151,76.910822924236,2024,2066.0,1.0,3.0,3.0,6.0,2.0,2.0,0.0,2.0
35000000,3,60,алматы,43.234779837702,76.838879832011,1982,1356.0,4.0,5.0,2.0,1.0,1.0,1.0,0.0,2.0
38000000,1,50,алматы,43.260884293516,76.947101643367,2020,1912.0,5.0,12.0,3.0,2.0,1.0,2.0,0.0,2.0
42000000,2,62,алматы,43.247585,76.904394,1980,270.0,9.0,9.0,2.0,1.0,2.0,2.0,0.0,2.0
65000000,3,120,алматы,43.286947,77.004089,2013,668.0,2.0,5.0,3.0,2.0,1.0,3.0,0.0,2.0
37000000,3,71,алматы,43.288174,77.002616,2019,2200.0,4.0,6.0,2.0,1.0,2.0,2.0,0.0,2.0
29500000,1,46,алматы,43.189317,76.799992,2023,3442.0,1.0,9.0,1.0,1.0,2.0,2.0,1.0,2.0
11000000,1,13,алматы,43.254828,76.913216,1978,1601.0,2.0,5.0,2.0,1.0,1.0,1.0,0.0,1.0
62000000,3,75,алматы,43.240821584112,76.877023021812,2012,463.0,16.0,18.0,3.0,1.0,1.0,3.0,0.0,2.0
25000000,2,49,алматы,43.33983,76.947531,1979,2177.0,3.0,6.0,2.0,2.0,2.0,2.0,0.0,2.0
12700000,1,30,алматы,43.337351,76.94569,1937,2444.0,1.0,2.0,2.0,2.0,2.0,2.0,0.0,2.0
85000000,2,74,алматы,43.240405217908,76.909024952709,2020,984.0,16.0,16.0,3.0,1.0,1.0,3.0,0.0,2.0
68000000,3,80,алматы,43.233872,76.937838,2004,2574.0,8.0,14.0,1.0,2.0,2.0,3.0,0.0,2.0
65000000,4,85,алматы,43.229012,76.887686,1990,1601.0,4.0,6.0,2.0,1.0,2.0,2.0,0.0,2.0
76000000,3,82,алматы,43.208523854873,76.892832802624,2024,2199.0,10.0,16.0,3.0,5.0,2.0,2.0,0.0,2.0
66000000,2,58,алматы,43.233232640371,76.890969136159,2023,2125.0,11.0,13.0,3.0,1.0,2.0,2.0,0.0,2.0
38000000,2,69,алматы,43.245963,76.817824,2010,11.0,2.0,9.0,3.0,2.0,2.0,2.0,0.0,2.0
73000000,3,95,алматы,43.265179638936,76.918001685368,2021,1522.0,6.0,13.0,3.0,1.0,1.0,3.0,0.0,2.0
33500000,2,45,алматы,43.233015019166,76.898976220901,1975,1601.0,1.0,5.0,2.0,2.0,1.0,2.0,0.0,2.0
62000000,4,90,алматы,43.20258,76.849103,1989,1601.0,1.0,3.0,1.0,1.0,2.0,1.0,0.0,2.0
47000000,2,62,алматы,43.196081031959,76.920383667262,2024,1397.0,3.0,3.0,1.0,6.0,2.0,2.0,0.0,2.0
59000000,3,100,алматы,43.24331255684,76.875931342729,2012,463.0,15.0,19.0,3.0,1.0,2.0,3.0,0.0,2.0
52500000,3,72,алматы,43.227501,76.848079,1994,1293.0,2.0,9.0,2.0,1.0,2.0,1.0,0.0,2.0
17500000,1,25,алматы,43.243205,76.882835,1977,1599.0,3.0,4.0,2.0,1.0,2.0,2.0,0.0,1.0
21000000,2,38,алматы,43.199975701695,76.843655126319,1960,880.0,1.0,3.0,1.0,1.0,2.0,2.0,0.0,2.0
36000000,2,55,алматы,43.218914150081,76.888283390211,2023,1959.0,13.0,18.0,3.0,1.0,2.0,2.0,1.0,2.0
48500000,2,55,алматы,43.24134,76.940767,1972,1810.0,7.0,9.0,2.0,2.0,2.0,2.0,0.0,2.0
44000000,2,52,алматы,43.229855284536,76.927540733799,1986,1601.0,3.0,5.0,1.0,2.0,1.0,2.0,0.0,2.0
43000000,3,65,алматы,43.320721,76.909012,1982,3366.0,4.0,5.0,2.0,1.0,1.0,2.0,0.0,2.0
34500000,3,68,алматы,43.35928,76.991405,1991,777.0,5.0,5.0,2.0,1.0,2.0,1.0,0.0,2.0
37000000,2,47,алматы,43.267859006557,76.928320097895,2023,2146.0,12.0,12.0,3.0,1.0,2.0,2.0,0.0,2.0
33500000,3,59,алматы,43.22983854043,76.781457217639,2020,3442.0,4.0,6.0,2.0,1.0,2.0,2.0,0.0,2.0
34000000,1,50,алматы,43.228795,76.890362,2000,1959.0,3.0,5.0,2.0,1.0,1.0,2.0,0.0,2.0
36000000,2,44,алматы,43.262554353583,76.918500452423,2019,1542.0,7.0,13.0,3.0,1.0,1.0,2.0,0.0,2.0
45000000,2,60,алматы,43.218298294283,76.880121253562,2008,534.0,5.0,16.0,3.0,2.0,1.0,2.0,0.0,2.0
44900000,1,33,алматы,43.212363550923,76.961420634191,1970,2264.0,2.0,5.0,2.0,1.0,2.0,2.0,0.0,2.0
43000000,3,68,алматы,43.250534,76.856244,1990,2220.0,2.0,5.0,2.0,2.0,2.0,1.0,0.0,2.0
22000000,2,43,алматы,43.359503,76.990866,1989,3164.0,5.0,5.0,1.0,1.0,1.0,2.0,0.0,2.0
55000000,2,77,алматы,43.230697810474,76.831165850807,2014,527.0,5.0,13.0,3.0,1.0,2.0,2.0,0.0,2.0
53000000,3,72,алматы,43.250619,76.891072,1985,1601.0,8.0,9.0,2.0,1.0,2.0,1.0,0.0,2.0
28500000,1,43,алматы,43.26574762049,76.90067160727,2006,399.0,9.0,9.0,2.0,1.0,2.0,2.0,0.0,2.0
48000000,2,49,алматы,43.233600973642,76.875036125806,2020,1206.0,3.0,12.0,3.0,1.0,2.0,2.0,0.0,2.0
27500000,2,43,алматы,43.253699,76.918219,1973,2124.0,5.0,5.0,2.0,1.0,2.0,2.0,0.0,2.0
28500000,2,58,алматы,43.363089,76.992196,2006,123.0,4.0,5.0,3.0,1.0,2.0,1.0,0.0,2.0
60000000,3,80,алматы,43.255650668246,76.923109922768,2015,774.0,6.0,10.0,3.0,2.0,2.0,2.0,0.0,2.0
27500000,2,43,алматы,43.253797025558,76.918219,1973,123.0,5.0,5.0,2.0,1.0,2.0,2.0,0.0,2.0
27000000,1,33,алматы,43.255064,76.910943,1972,3070.0,5.0,5.0,2.0,1.0,2.0,2.0,0.0,2.0
60500000,3,84,алматы,43.212024079745,76.855072975159,2021,1820.0,7.0,13.0,3.0,1.0,1.0,2.0,0.0,2.0
82000000,3,100,алматы,43.231074642998,76.885882615934,2017,601.0,9.0,12.0,3.0,1.0,1.0,1.0,0.0,2.0
29000000,1,40,алматы,43.229169,76.832978,1998,2578.0,7.0,9.0,2.0,2.0,2.0,2.0,0.0,2.0
24000000,1,33,алматы,43.208343,76.788278,2022,2403.0,7.0,9.0,3.0,1.0,1.0,2.0,0.0,2.0
29499995,1,35,алматы,43.248728,76.910916,1984,2070.0,5.0,5.0,1.0,1.0,1.0,2.0,0.0,2.0
27000000,2,43,алматы,43.223468,76.872333,1967,1206.0,4.0,4.0,2.0,1.0,2.0,2.0,0.0,2.0
28700000,2,52,алматы,43.239983760726,76.828182264424,1997,640.0,1.0,12.0,3.0,1.0,2.0,1.0,0.0,2.0
32000000,2,64,алматы,43.28188,76.821336,2014,1534.0,7.0,9.0,3.0,1.0,1.0,1.0,0.0,2.0
40000000,3,64,алматы,43.24331255684,76.875931342729,2012,463.0,16.0,19.0,3.0,1.0,2.0,2.0,0.0,2.0
27000000,1,42,алматы,43.227127,76.784182,2022,193.0,3.0,6.0,2.0,1.0,1.0,2.0,0.0,2.0
51500000,3,65,алматы,43.234212710449,76.877732721565,1980,3269.0,1.0,5.0,2.0,2.0,2.0,1.0,0.0,2.0
37500000,3,63,алматы,43.253003,76.906002,1975,957.0,2.0,4.0,2.0,2.0,1.0,1.0,0.0,2.0
42500000,2,70,алматы,43.230697810474,76.831165850807,2013,527.0,13.0,13.0,3.0,1.0,2.0,2.0,0.0,2.0
43000000,2,62,алматы,43.23201275122,76.797011654016,2021,706.0,4.0,6.0,2.0,1.0,2.0,2.0,0.0,2.0
13500000,1,18,алматы,43.225425775715,76.863267674864,1970,1148.0,1.0,5.0,2.0,1.0,2.0,2.0,0.0,1.0
47500000,3,130,алматы,43.223878180533,76.793791384571,2012,92.0,13.0,16.0,3.0,1.0,1.0,3.0,0.0,2.0
77000000,3,70,алматы,43.269245,76.948088,1989,401.0,5.0,5.0,1.0,1.0,2.0,1.0,0.0,2.0
79000000,3,98,алматы,43.24320617919,76.855535171577,2023,2375.0,4.0,6.0,3.0,1.0,2.0,3.0,0.0,2.0
22490000,1,36,алматы,43.299384749366,76.833592057174,2024,3012.0,2.0,5.0,3.0,1.0,2.0,1.0,0.0,2.0
63000000,3,120,алматы,43.243485568875,76.875818990302,2011,640.0,18.0,20.0,3.0,1.0,2.0,2.0,0.0,2.0
57000000,3,90,алматы,43.253988,76.819414,2018,1601.0,8.0,9.0,3.0,1.0,1.0,3.0,0.0,2.0
52000000,2,70,алматы,43.16974607729,76.872367858887,2013,120.0,6.0,10.0,3.0,1.0,2.0,1.0,0.0,2.0
42500000,2,60,алматы,43.219631,76.842887,2009,1987.0,8.0,12.0,3.0,1.0,2.0,3.0,0.0,2.0
62000000,2,69,алматы,43.200674256746,76.899601562852,2022,1802.0,2.0,20.0,3.0,1.0,1.0,2.0,0.0,2.0
31500000,2,66,алматы,43.28826489273,77.003851378922,2020,2691.0,8.0,9.0,3.0,1.0,1.0,3.0,0.0,2.0
28000000,2,42,алматы,43.242519098334,76.810125029457,2023,3277.0,5.0,9.0,3.0,1.0,1.0,2.0,0.0,2.0
47000000,2,54,алматы,43.240966,76.940803,1972,1124.0,5.0,9.0,2.0,2.0,1.0,2.0,0.0,2.0
53000000,3,67,алматы,43.262600696493,76.95184803662,1978,3215.0,7.0,9.0,1.0,2.0,2.0,1.0,0.0,2.0
48000000,2,50,алматы,43.236697447736,76.897770222931,2015,20.0,10.0,17.0,3.0,2.0,2.0,2.0,0.0,2.0
49580000,2,47,алматы,43.250026374631,76.921869912427,2022,1629.0,6.0,6.0,3.0,5.0,2.0,2.0,0.0,2.0
24000000,2,43,алматы,43.353163042032,76.924854126319,1968,1601.0,1.0,3.0,2.0,2.0,2.0,2.0,0.0,2.0
36000000,2,42,алматы,43.229603,76.905858,1960,250.0,1.0,3.0,1.0,2.0,2.0,2.0,0.0,2.0
29990000,2,43,алматы,43.251486,76.929987,1965,1323.0,2.0,4.0,1.0,4.0,1.0,2.0,0.0,2.0
30400000,3,56,алматы,43.212905438317,76.864917997448,1967,1324.0,2.0,4.0,2.0,1.0,2.0,2.0,0.0,2.0
22900000,1,45,алматы,43.245954721787,76.80970039441,2024,2691.0,6.0,12.0,3.0,1.0,2.0,2.0,0.0,2.0
35000000,2,71,алматы,43.222461871572,76.785432344696,2021,1124.0,3.0,10.0,3.0,2.0,1.0,2.0,0.0,2.0
40999000,1,52,алматы,43.211832,76.857161,2022,1820.0,10.0,13.0,3.0,1.0,1.0,2.0,0.0,2.0
25000000,1,46,алматы,43.302681,76.922783,2004,1601.0,6.0,9.0,3.0,1.0,2.0,2.0,0.0,2.0
18500000,1,30,алматы,43.297962607279,76.832982038676,2020,3401.0,1.0,5.0,3.0,1.0,2.0,2.0,0.0,2.0
45000000,3,75,алматы,43.265541889778,76.89926251364,2007,1495.0,3.0,9.0,2.0,1.0,1.0,1.0,0.0,2.0
53000000,3,64,алматы,43.214776,76.900343,1979,1813.0,5.0,5.0,2.0,1.0,1.0,2.0,0.0,2.0
27500000,1,36,алматы,43.251054766858,76.895528102088,1985,2388.0,4.0,9.0,2.0,1.0,2.0,2.0,0.0,2.0
41000000,2,55,алматы,43.325422669398,77.01359869304,2021,1476.0,3.0,3.0,1.0,1.0,2.0,2.0,0.0,2.0
48500000,4,78,алматы,43.254467,76.882987,1978,1070.0,3.0,5.0,2.0,1.0,3.0,1.0,0.0,2.0
45000000,3,130,алматы,43.222890044228,76.793998284139,2012,92.0,3.0,16.0,3.0,2.0,2.0,3.0,0.0,2.0
24000000,2,42,алматы,43.222049,76.788601,2019,3469.0,3.0,6.0,3.0,2.0,2.0,2.0,0.0,2.0
34500000,2,38,алматы,43.237012,76.905823,1976,3427.0,4.0,6.0,2.0,1.0,2.0,2.0,0.0,2.0
38000000,1,36,алматы,43.263748760191,76.932084560394,2024,2758.0,6.0,12.0,3.0,1.0,2.0,2.0,0.0,2.0
35000000,2,68,алматы,43.256299,76.820788,2015,1446.0,9.0,9.0,3.0,1.0,2.0,1.0,0.0,2.0
25000000,1,33,алматы,43.262578190292,76.931732955917,1974,1849.0,5.0,5.0,2.0,2.0,2.0,2.0,0.0,2.0
25800000,2,46,алматы,43.212522,76.859928,1968,2525.0,4.0,4.0,2.0,2.0,2.0,2.0,0.0,2.0
44500000,2,47,алматы,43.236697447736,76.897770222931,2017,20.0,5.0,17.0,3.0,4.0,2.0,2.0,0.0,2.0
25000000,1,36,алматы,43.200143842217,76.842957402447,1984,1152.0,3.0,5.0,1.0,1.0,2.0,2.0,0.0,2.0
23500000,1,33,алматы,43.255176,76.876493,1982,2587.0,5.0,5.0,2.0,1.0,2.0,2.0,0.0,2.0
26500000,2,45,алматы,43.321527,76.908616,1982,2525.0,5.0,5.0,2.0,2.0,2.0,1.0,0.0,2.0
50000000,3,60,алматы,43.25861,76.96062,1965,1601.0,4.0,4.0,2.0,1.0,2.0,2.0,0.0,2.0
27519600,1,40,алматы,43.261494803805,76.899913108869,2025,1992.0,9.0,15.0,3.0,6.0,2.0,2.0,0.0,2.0
24500000,2,40,алматы,43.230469366362,76.780980100066,2023,1821.0,2.0,9.0,3.0,1.0,1.0,2.0,0.0,2.0
35000000,2,61,алматы,43.213914774889,76.789336410704,2019,1064.0,6.0,9.0,3.0,1.0,1.0,1.0,0.0,2.0
33000000,2,45,алматы,43.198479,76.881972,1974,3209.0,2.0,5.0,2.0,1.0,1.0,2.0,0.0,2.0
42200000,3,90,алматы,43.243371498701,76.830168863915,2022,2339.0,8.0,9.0,3.0,1.0,1.0,2.0,1.0,2.0
42500000,3,67,алматы,43.21194399183,76.86947854827,1986,1342.0,3.0,5.0,2.0,2.0,3.0,1.0,0.0,2.0
27000000,1,32,алматы,43.221084231083,76.889870984129,1981,636.0,2.0,4.0,2.0,2.0,1.0,2.0,0.0,2.0
63499999,2,65,алматы,43.23326433996,76.873902974545,2019,1206.0,10.0,16.0,3.0,1.0,2.0,2.0,0.0,2.0
25400000,2,47,алматы,43.252280219112,76.863031211864,2025,3177.0,9.0,13.0,3.0,1.0,2.0,2.0,0.0,2.0
34000000,3,58,алматы,43.234982,76.858032,1962,2906.0,1.0,4.0,2.0,1.0,2.0,2.0,0.0,2.0
60000000,4,164,алматы,43.22358221229,76.794091855061,2012,92.0,15.0,16.0,3.0,1.0,2.0,3.0,0.0,2.0
43000000,3,68,алматы,43.231285,76.927166,1975,423.0,4.0,5.0,2.0,1.0,2.0,2.0,0.0,2.0
48500000,2,50,алматы,43.213024045712,76.899874576721,1995,754.0,6.0,9.0,1.0,2.0,2.0,1.0,0.0,2.0
68000000,2,63,алматы,43.189413118698,76.854708341262,2022,1877.0,1.0,3.0,3.0,1.0,1.0,2.0,0.0,2.0
50000000,3,87,алматы,43.256082,76.817967,2018,1601.0,8.0,9.0,3.0,1.0,1.0,3.0,0.0,2.0
28000000,2,44,алматы,43.228644,76.86406,1966,1601.0,4.0,4.0,2.0,2.0,2.0,2.0,0.0,2.0
23500000,1,31,алматы,43.252497,76.8728,1981,2100.0,1.0,5.0,2.0,1.0,2.0,2.0,0.0,2.0
28500000,1,37,алматы,43.267870644289,76.955009179236,1982,1428.0,1.0,5.0,1.0,1.0,2.0,2.0,0.0,2.0
22500000,1,30,алматы,43.219964658624,76.835465046097,2018,1131.0,11.0,12.0,3.0,1.0,2.0,2.0,0.0,2.0
21000000,1,41,алматы,43.191787880276,76.852985577319,2024,719.0,4.0,4.0,3.0,6.0,2.0,2.0,0.0,2.0
42000000,2,52,алматы,43.233301,76.929915,1981,3401.0,2.0,5.0,1.0,1.0,2.0,2.0,0.0,2.0
49700000,3,75,алматы,43.209362,76.882394,1986,1861.0,1.0,5.0,1.0,1.0,1.0,3.0,0.0,2.0
52500000,2,54,алматы,43.230028241857,76.876761868133,2020,1401.0,15.0,16.0,3.0,2.0,2.0,2.0,0.0,2.0
36000000,3,60,алматы,43.218994,76.858293,1965,3240.0,4.0,4.0,2.0,2.0,2.0,2.0,0.0,2.0
28500000,2,42,алматы,43.286626050919,77.004849968344,2020,343.0,3.0,9.0,3.0,1.0,1.0,2.0,0.0,2.0
40000000,2,51,алматы,43.188031447558,76.850306723143,2025,3333.0,2.0,3.0,2.0,5.0,3.0,2.0,0.0,2.0
44000000,4,83,алматы,43.236107513295,76.827535846633,1989,1206.0,4.0,5.0,2.0,2.0,3.0,1.0,0.0,2.0
26500000,1,30,алматы,43.208842,76.860889,2002,1601.0,7.0,9.0,3.0,1.0,2.0,2.0,0.0,2.0
79888888,4,120,алматы,43.257500109137,76.91271723677,1991,957.0,5.0,5.0,1.0,1.0,1.0,1.0,0.0,2.0
48000000,2,55,алматы,43.233206688929,76.874228762477,2019,1206.0,6.0,16.0,3.0,1.0,1.0,2.0,0.0,2.0
33500000,1,43,алматы,43.258322440143,76.866277456229,2024,2981.0,9.0,12.0,3.0,1.0,2.0,2.0,0.0,2.0
36000000,2,56,алматы,43.261105571262,76.823155934415,2019,636.0,7.0,12.0,3.0,1.0,2.0,3.0,0.0,2.0
41000000,3,58,алматы,43.249023,76.918704,1977,1294.0,2.0,5.0,2.0,2.0,2.0,2.0,0.0,2.0
17800000,1,35,алматы,43.221128225175,76.782937732332,2023,3399.0,6.0,9.0,3.0,5.0,2.0,2.0,0.0,2.0
11000000,1,18,алматы,43.170047772424,76.875159067479,2013,23.0,1.0,5.0,3.0,1.0,2.0,2.0,0.0,2.0
25000000,2,50,алматы,43.366146787198,76.860963913854,1990,248.0,3.0,6.0,2.0,2.0,2.0,2.0,0.0,2.0
62000000,2,96,алматы,43.212400144585,76.980832743642,2020,5.0,3.0,6.0,3.0,5.0,2.0,3.0,0.0,2.0
81000000,2,75,алматы,43.201005692682,76.900772180727,2023,2080.0,12.0,20.0,3.0,1.0,1.0,1.0,0.0,2.0
33000000,2,42,алматы,43.209966,76.872181,1986,1495.0,5.0,5.0,2.0,1.0,2.0,2.0,0.0,2.0
42900000,2,52,алматы,43.224603395227,76.867301331352,1989,1136.0,4.0,5.0,1.0,2.0,2.0,1.0,0.0,2.0
13000000,1,17,алматы,43.211937,76.879313,1976,1922.0,3.0,4.0,2.0,1.0,1.0,2.0,0.0,1.0
16000000,1,37,алматы,43.365731834418,76.928858756801,2024,2734.0,1.0,9.0,3.0,1.0,2.0,2.0,0.0,2.0
35000000,2,43,алматы,43.225536592247,76.870198868445,1968,1601.0,4.0,4.0,2.0,1.0,2.0,2.0,0.0,2.0
18700000,1,34,алматы,43.267843424476,76.822258534956,2025,318.0,2.0,12.0,3.0,6.0,2.0,2.0,0.0,2.0
35500000,2,50,алматы,43.166862574852,76.877039725619,2024,2286.0,3.0,3.0,3.0,5.0,3.0,2.0,0.0,2.0
49500000,2,50,алматы,43.237177675677,76.888551457672,2018,1481.0,9.0,9.0,3.0,2.0,1.0,2.0,0.0,2.0
36000000,2,58,алматы,43.265654,76.821408,2017,1117.0,2.0,12.0,3.0,1.0,2.0,2.0,0.0,2.0
35000000,2,52,алматы,43.235922,76.822935,1991,1744.0,2.0,5.0,2.0,1.0,2.0,1.0,0.0,2.0
49900000,2,62,алматы,43.231074642998,76.885882615934,2014,601.0,4.0,17.0,3.0,1.0,1.0,2.0,0.0,2.0
65000000,3,90,алматы,43.249319783763,76.931022499777,1977,2896.0,4.0,6.0,1.0,2.0,2.0,1.0,0.0,2.0
48000000,2,52,алматы,43.205216710192,76.893489130639,2020,1552.0,8.0,18.0,3.0,1.0,2.0,2.0,0.0,2.0
10000000,1,18,алматы,43.248341,76.887659,1967,399.0,2.0,2.0,2.0,1.0,2.0,1.0,0.0,1.0
75000000,3,75,алматы,43.225926524027,76.930754446878,2018,874.0,3.0,12.0,3.0,1.0,1.0,2.0,0.0,2.0
79000000,3,87,алматы,43.263875651107,76.963479635582,1971,1673.0,4.0,5.0,1.0,2.0,2.0,1.0,0.0,2.0
23500000,1,35,алматы,43.243225,76.80884,2022,1007.0,4.0,9.0,2.0,1.0,1.0,2.0,0.0,2.0
20900000,1,40,алматы,43.357379341874,76.925059411045,2008,1008.0,4.0,6.0,3.0,1.0,1.0,2.0,0.0,2.0
37000000,3,80,алматы,43.257067,76.960431,1939,1536.0,1.0,3.0,1.0,4.0,2.0,3.0,0.0,2.0
41000000,1,46,алматы,43.233592638489,76.885574712363,2024,1714.0,16.0,17.0,3.0,1.0,2.0,2.0,0.0,2.0
45000000,3,61,алматы,43.260704,76.919701,1973,1601.0,2.0,5.0,2.0,2.0,3.0,1.0,0.0,2.0
34000000,2,64,алматы,43.360781,76.994423,2008,1601.0,3.0,7.0,3.0,1.0,2.0,1.0,1.0,2.0
58000000,3,72,алматы,43.250717030479,76.891190017197,1989,1382.0,8.0,9.0,2.0,1.0,2.0,2.0,0.0,2.0
65000000,2,62,алматы,43.202626750126,76.897708424337,2016,875.0,7.0,10.0,3.0,2.0,2.0,2.0,0.0,2.0
23500000,2,46,алматы,43.240995366577,76.81157143045,2011,11.0,6.0,10.0,3.0,2.0,1.0,2.0,0.0,2.0
60000000,3,92,алматы,43.219964658624,76.835465046097,2018,1131.0,9.0,12.0,3.0,1.0,2.0,2.0,0.0,2.0
27000000,2,43,алматы,43.249102,76.88411,1956,1482.0,1.0,2.0,2.0,1.0,2.0,2.0,0.0,2.0
25000000,2,46,алматы,43.337458686256,76.951189626336,1965,2226.0,1.0,6.0,1.0,2.0,1.0,2.0,0.0,2.0
38000000,2,50,алматы,43.265851,76.935377,1981,2282.0,4.0,5.0,2.0,1.0,3.0,1.0,0.0,2.0
52000000,3,74,алматы,43.23495,76.907071,1960,3039.0,3.0,3.0,1.0,1.0,3.0,2.0,0.0,2.0
79000000,3,110,алматы,43.243752735984,76.856249009398,2023,2375.0,6.0,16.0,3.0,1.0,2.0,1.0,0.0,2.0
43500000,3,89,алматы,43.241340485664,76.810090851075,2010,11.0,2.0,9.0,3.0,1.0,2.0,2.0,0.0,2.0
25500000,2,52,алматы,43.221705980823,76.786440765848,2020,1124.0,9.0,10.0,3.0,1.0,1.0,2.0,0.0,2.0
26000000,3,85,алматы,43.221009696864,76.886923955006,2023,1959.0,9.0,13.0,3.0,1.0,2.0,2.0,0.0,2.0
23200000,2,44,алматы,43.332060679498,76.92198985781,1989,1601.0,5.0,5.0,1.0,1.0,2.0,1.0,0.0,2.0
18500000,1,32,алматы,43.271989,76.869423,2016,1058.0,1.0,2.0,2.0,2.0,1.0,2.0,0.0,2.0
63000000,2,95,алматы,43.210278555985,76.840865228194,2015,912.0,12.0,13.0,3.0,2.0,1.0,2.0,0.0,2.0
55000000,3,90,алматы,43.221009696864,76.886923955006,2025,1959.0,5.0,6.0,3.0,1.0,3.0,2.0,0.0,2.0
49500000,2,60,алматы,43.208954,76.85752,2020,901.0,1.0,3.0,2.0,1.0,2.0,2.0,0.0,2.0
36000000,2,52,алматы,43.210623,76.845626,2001,1834.0,1.0,9.0,1.0,2.0,2.0,1.0,0.0,2.0
65000000,3,80,алматы,43.231198493473,76.875074249725,2017,751.0,1.0,12.0,3.0,1.0,3.0,1.0,0.0,2.0
45000000,2,54,алматы,43.245479794248,76.869882493618,2020,1418.0,12.0,13.0,3.0,1.0,2.0,2.0,1.0,2.0
23000000,1,40,алматы,43.222443518705,76.786204731454,2020,1124.0,4.0,6.0,3.0,1.0,2.0,2.0,0.0,2.0
57000000,2,64,алматы,43.233476369468,76.874166822614,2023,1206.0,9.0,16.0,3.0,6.0,2.0,3.0,0.0,2.0
28500000,2,51,алматы,43.251835558964,76.862206021953,2025,3177.0,11.0,13.0,3.0,6.0,2.0,2.0,0.0,2.0
63000000,3,60,алматы,43.254467,76.882987,1984,1834.0,1.0,5.0,2.0,1.0,2.0,1.0,0.0,2.0
28000000,2,55,алматы,43.267709,76.821048,2020,1601.0,12.0,12.0,3.0,1.0,1.0,2.0,0.0,2.0
29000000,2,45,алматы,43.21628,76.867455,1969,1689.0,3.0,4.0,2.0,1.0,1.0,2.0,0.0,2.0
42000000,3,84,алматы,43.191256,76.793901,2016,1564.0,4.0,16.0,2.0,1.0,2.0,2.0,1.0,1.0
46900000,3,68,алматы,43.247907,76.891737,1978,422.0,5.0,5.0,2.0,2.0,1.0,1.0,0.0,2.0
53800000,3,70,алматы,43.224098,76.844719,1992,1601.0,5.0,9.0,2.0,2.0,2.0,1.0,0.0,2.0
55000000,3,90,алматы,43.247510845296,76.868886455483,2012,3191.0,13.0,21.0,3.0,1.0,2.0,3.0,0.0,2.0
32500000,1,40,алматы,43.197276,76.893084,1993,2069.0,9.0,9.0,2.0,1.0,1.0,2.0,0.0,2.0
34000000,2,56,алматы,43.224986516661,76.784048112792,2019,1124.0,5.0,10.0,3.0,1.0,2.0,1.0,0.0,2.0
56000000,2,54,алматы,43.211365939247,76.897194385529,2021,1125.0,14.0,16.0,3.0,1.0,2.0,2.0,0.0,2.0
75000000,2,60,алматы,43.204379176098,76.893676642181,2017,1004.0,11.0,13.0,3.0,1.0,1.0,2.0,0.0,2.0
53000000,2,62,алматы,43.238330936891,76.905992694442,1973,2668.0,4.0,5.0,1.0,1.0,2.0,2.0,0.0,2.0
45500000,2,46,алматы,43.267102151835,76.929931640407,2024,2491.0,3.0,12.0,3.0,1.0,1.0,2.0,0.0,2.0
48500000,2,64,алматы,43.220669,76.840677,2002,2617.0,9.0,9.0,3.0,1.0,2.0,1.0,0.0,2.0
70000000,4,80,алматы,43.229255,76.95417,1992,1719.0,7.0,9.0,3.0,2.0,1.0,1.0,0.0,2.0
48500000,2,50,алматы,43.236753404674,76.888650457653,2018,997.0,7.0,9.0,3.0,2.0,1.0,2.0,1.0,2.0
35000000,3,59,алматы,43.175752234559,76.873413678573,1973,2989.0,3.0,5.0,2.0,2.0,2.0,2.0,0.0,2.0
31000000,2,45,алматы,43.229432,76.85761,1973,916.0,4.0,5.0,2.0,2.0,2.0,2.0,0.0,2.0
62000000,3,103,алматы,43.24320617919,76.855535171577,2025,2375.0,7.0,16.0,3.0,1.0,3.0,3.0,0.0,2.0
30000000,1,33,алматы,43.262576728308,76.928039866052,1978,279.0,3.0,5.0,2.0,1.0,1.0,2.0,0.0,2.0
57500000,3,72,алматы,43.240319952622,76.931091452709,1963,1601.0,2.0,5.0,1.0,1.0,2.0,3.0,0.0,2.0
40500000,3,66,алматы,43.248367,76.890524,1978,317.0,4.0,5.0,2.0,2.0,2.0,2.0,0.0,2.0
55900000,3,70,алматы,43.195175646982,76.883124026662,1976,1075.0,7.0,8.0,2.0,1.0,2.0,1.0,0.0,2.0
27500000,2,45,алматы,43.213055169519,76.858783358631,1968,1601.0,4.0,4.0,2.0,2.0,2.0,2.0,0.0,2.0
65000000,3,112,алматы,43.244290679252,76.876994834205,2011,640.0,4.0,20.0,3.0,1.0,2.0,2.0,0.0,2.0
45500000,2,56,алматы,43.248617074286,76.867676060672,2016,810.0,3.0,15.0,3.0,1.0,2.0,2.0,0.0,2.0
15000000,1,20,алматы,43.306526,76.899283,1975,487.0,3.0,3.0,1.0,1.0,2.0,2.0,0.0,1.0
76000000,3,91,алматы,43.215136042394,76.9084687705,2007,46.0,4.0,6.0,3.0,1.0,2.0,2.0,0.0,2.0
82000000,2,82,алматы,43.188210514897,76.868512619548,2016,103.0,1.0,8.0,3.0,1.0,2.0,3.0,0.0,2.0
65500000,3,89,алматы,43.168153077763,76.870780149229,2018,120.0,4.0,10.0,3.0,1.0,2.0,2.0,0.0,2.0
65000000,3,65,алматы,43.203204,76.884245,1973,2442.0,2.0,5.0,2.0,1.0,1.0,2.0,0.0,2.0
15000000,1,22,алматы,43.303920432126,76.900499170335,2020,1809.0,1.0,3.0,3.0,1.0,1.0,2.0,0.0,2.0
36000000,2,53,алматы,43.249825,76.871704,1989,534.0,5.0,9.0,2.0,1.0,2.0,2.0,0.0,2.0
25000000,1,45,алматы,43.266703546156,76.819914404307,2021,1117.0,5.0,12.0,2.0,1.0,1.0,1.0,0.0,2.0
30000000,1,46,алматы,43.24609031649,76.934640038307,2006,56.0,13.0,13.0,3.0,1.0,2.0,2.0,0.0,2.0
65000000,2,72,алматы,43.204399766189,76.890689576635,2014,72.0,18.0,25.0,3.0,1.0,2.0,2.0,0.0,2.0
28000000,1,38,алматы,43.236092624297,76.808679115483,2020,1171.0,7.0,12.0,3.0,1.0,2.0,2.0,0.0,2.0
23900000,1,45,алматы,43.313701241693,76.976256304235,2015,72.0,3.0,9.0,3.0,2.0,2.0,2.0,0.0,2.0
28500000,1,40,алматы,43.214335267536,76.873956599861,1989,3122.0,9.0,9.0,2.0,2.0,2.0,2.0,0.0,2.0
44500000,2,61,алматы,43.218693260242,76.887935217996,2023,1959.0,2.0,16.0,3.0,1.0,2.0,2.0,0.0,2.0
55000000,3,60,алматы,43.267932,76.943049,1970,2905.0,3.0,4.0,2.0,1.0,1.0,2.0,0.0,2.0
54000000,3,92,алматы,43.248287680771,76.865358632083,2016,810.0,10.0,12.0,3.0,2.0,2.0,3.0,0.0,2.0
21000000,1,33,алматы,43.237785935795,76.841126238098,1976,2382.0,3.0,5.0,2.0,1.0,2.0,2.0,0.0,2.0
29000000,1,31,алматы,43.212624497461,76.850854285767,1993,1601.0,2.0,5.0,2.0,2.0,1.0,2.0,0.0,2.0
29000000,2,42,алматы,43.223041,76.892123,1975,719.0,5.0,5.0,1.0,2.0,2.0,2.0,0.0,2.0
79000000,3,86,алматы,43.161303,76.906173,2019,1098.0,2.0,3.0,3.0,1.0,1.0,2.0,0.0,2.0
29500000,2,45,алматы,43.222791,76.874283,1966,5.0,2.0,4.0,2.0,1.0,1.0,2.0,0.0,2.0
23000000,1,33,алматы,43.321652,76.917878,1986,1550.0,2.0,5.0,3.0,1.0,2.0,2.0,0.0,2.0
39500000,2,69,алматы,43.286783890828,77.015228381338,2021,3277.0,2.0,9.0,3.0,1.0,2.0,1.0,0.0,2.0
49000000,2,50,алматы,43.231074642998,76.885882615934,2014,601.0,8.0,17.0,3.0,2.0,2.0,2.0,0.0,2.0
63000000,3,85,алматы,43.266862,76.944603,1977,1434.0,3.0,9.0,1.0,4.0,3.0,2.0,0.0,2.0
25000000,1,41,алматы,43.239383,76.861985,1993,1601.0,12.0,14.0,2.0,4.0,2.0,1.0,0.0,2.0
75000000,3,80,алматы,43.199925,76.90125,2021,2080.0,9.0,20.0,3.0,6.0,2.0,2.0,0.0,2.0
40000000,3,66,алматы,43.244702,76.901807,1978,349.0,1.0,5.0,2.0,2.0,2.0,1.0,0.0,2.0
27500000,2,45,алматы,43.222515,76.874678,1970,941.0,1.0,4.0,2.0,1.0,1.0,2.0,0.0,2.0
27500000,2,43,алматы,43.253699,76.918219,1973,2285.0,5.0,5.0,2.0,1.0,2.0,2.0,0.0,2.0
33700000,1,37,алматы,43.209817941641,76.903061973525,1987,1910.0,4.0,6.0,2.0,2.0,2.0,2.0,0.0,2.0
35500000,2,60,алматы,43.236362,76.839787,1984,7.0,5.0,9.0,2.0,1.0,2.0,1.0,0.0,2.0
55000000,2,61,алматы,43.263017812521,76.921476349617,2019,1542.0,12.0,13.0,3.0,1.0,2.0,2.0,0.0,2.0
28500000,1,33,алматы,43.254804167892,76.920295390015,1976,1324.0,4.0,5.0,2.0,2.0,2.0,2.0,0.0,2.0
24000000,2,45,алматы,43.258197559615,76.820061777958,2020,3014.0,5.0,6.0,3.0,6.0,2.0,2.0,0.0,2.0
67500000,3,80,алматы,43.268967369064,76.945720911026,2020,1440.0,7.0,6.0,3.0,1.0,1.0,2.0,0.0,2.0
81000000,3,80,алматы,43.244395822379,76.922933108758,2021,1324.0,2.0,13.0,3.0,1.0,2.0,3.0,0.0,2.0
11500000,1,20,алматы,43.262028610879,76.898754956958,1977,1180.0,3.0,5.0,1.0,4.0,3.0,2.0,0.0,1.0
31000000,2,54,алматы,43.317873378703,77.02989902932,2024,1068.0,4.0,9.0,3.0,1.0,2.0,2.0,0.0,2.0
30000000,2,65,алматы,43.241925,76.812227,2010,2864.0,16.0,16.0,3.0,1.0,2.0,2.0,0.0,2.0
34000000,1,34,алматы,43.249726,76.912254,1983,2322.0,5.0,5.0,1.0,1.0,3.0,2.0,0.0,2.0
33000000,2,60,алматы,43.241655,76.833337,1985,1055.0,5.0,5.0,1.0,1.0,2.0,1.0,0.0,2.0
85000000,2,74,алматы,43.240405217908,76.909024952709,2020,984.0,16.0,16.0,3.0,1.0,2.0,2.0,0.0,2.0
21500000,2,39,алматы,43.335207,76.943803,1963,1601.0,3.0,3.0,1.0,2.0,2.0,2.0,0.0,2.0
40000000,3,66,алматы,43.273328897106,76.816776388337,2024,2147.0,2.0,12.0,3.0,1.0,2.0,3.0,0.0,2.0
55000000,1,44,алматы,43.20077306988,76.900774987383,2023,2080.0,18.0,20.0,3.0,1.0,1.0,2.0,0.0,2.0
32000000,2,53,алматы,43.348006,76.964761,1996,805.0,4.0,5.0,1.0,1.0,2.0,1.0,0.0,2.0
32500000,3,64,алматы,43.220222,76.785116,2020,2932.0,6.0,10.0,3.0,1.0,2.0,2.0,0.0,2.0
60000000,2,80,алматы,43.217226276304,76.893879282091,2007,81.0,5.0,9.0,3.0,1.0,1.0,1.0,0.0,2.0
20999000,1,20,алматы,43.270643,76.938045,1963,779.0,3.0,3.0,1.0,1.0,1.0,2.0,0.0,1.0
58000000,2,65,алматы,43.265179638936,76.918001685368,2021,1522.0,6.0,13.0,3.0,1.0,2.0,2.0,1.0,2.0
75000000,3,91,алматы,43.265359999978,76.91781931905,2022,1522.0,13.0,13.0,3.0,1.0,2.0,2.0,0.0,2.0
25000000,1,39,алматы,43.227813889451,76.780629286805,2019,3471.0,1.0,6.0,3.0,1.0,1.0,2.0,0.0,2.0
56500000,4,96,алматы,43.22241,76.845501,1992,1060.0,7.0,9.0,2.0,1.0,2.0,1.0,0.0,2.0
33000000,2,43,алматы,43.244702,76.901807,1978,2537.0,3.0,5.0,2.0,1.0,2.0,2.0,0.0,2.0
43500000,2,54,алматы,43.268967369064,76.945720911026,2020,1440.0,1.0,9.0,3.0,2.0,1.0,2.0,0.0,2.0
50000000,3,67,алматы,43.219132,76.83729,1997,2940.0,1.0,6.0,1.0,1.0,2.0,1.0,0.0,2.0
50500000,3,70,алматы,43.202407565482,76.873767691723,2011,113.0,13.0,16.0,3.0,2.0,2.0,1.0,0.0,2.0
24500000,1,32,алматы,43.196192,76.876394,1980,2587.0,5.0,5.0,2.0,2.0,1.0,2.0,0.0,2.0
41000000,2,64,алматы,43.16974607729,76.872367858887,2013,120.0,3.0,9.0,3.0,1.0,2.0,1.0,0.0,2.0
57000000,2,60,алматы,43.226429064033,76.939309317782,2021,1475.0,3.0,6.0,3.0,1.0,2.0,2.0,0.0,2.0
33000000,1,48,алматы,43.266797435245,76.901182365942,2008,301.0,7.0,10.0,3.0,1.0,2.0,2.0,0.0,2.0
39500000,2,60,алматы,43.200254,76.878244,1978,1318.0,6.0,8.0,2.0,1.0,2.0,1.0,0.0,2.0
24500000,2,46,алматы,43.368935,76.987336,1969,3427.0,2.0,4.0,2.0,1.0,2.0,2.0,0.0,2.0
75000000,2,75,алматы,43.232298371068,76.884929770359,2022,1714.0,14.0,16.0,3.0,1.0,1.0,2.0,0.0,2.0
35500000,3,84,алматы,43.304446,76.837892,2018,1601.0,3.0,5.0,2.0,1.0,3.0,3.0,0.0,2.0
65000000,3,65,алматы,43.203204,76.884245,1973,2255.0,2.0,5.0,2.0,2.0,1.0,2.0,0.0,2.0
78999999,3,120,алматы,43.203012727103,76.873384364015,2021,1137.0,7.0,12.0,3.0,2.0,2.0,1.0,0.0,2.0
35499999,2,57,алматы,43.220293295079,76.888311681892,2024,1959.0,2.0,17.0,3.0,6.0,2.0,2.0,0.0,2.0
32000000,2,43,алматы,43.198985,76.884586,1976,1601.0,5.0,5.0,2.0,1.0,2.0,2.0,0.0,2.0
33500000,3,60,алматы,43.224998,76.870528,1975,3442.0,3.0,4.0,2.0,2.0,2.0,2.0,0.0,2.0
45000000,3,60,алматы,43.230053526419,76.77983144317,2021,1821.0,5.0,9.0,3.0,1.0,2.0,2.0,0.0,2.0
75300000,3,68,алматы,43.234775189436,76.952659679957,1988,1601.0,10.0,12.0,3.0,1.0,1.0,1.0,0.0,2.0
43000000,2,67,алматы,43.241063951236,76.855286310112,2015,1399.0,10.0,11.0,2.0,1.0,2.0,1.0,0.0,2.0
40000000,2,52,алматы,43.188031447558,76.850306723143,2024,3333.0,2.0,3.0,3.0,5.0,2.0,2.0,0.0,2.0
18500000,2,40,алматы,43.323297975342,76.839753984131,2018,1185.0,5.0,5.0,3.0,1.0,2.0,2.0,0.0,2.0
45500000,4,87,алматы,43.235738,76.829735,1990,1777.0,2.0,5.0,2.0,1.0,2.0,2.0,0.0,2.0
27000000,2,48,алматы,43.241838677113,76.810512255294,2015,2474.0,9.0,10.0,3.0,2.0,2.0,2.0,0.0,2.0
37000000,3,73,алматы,43.338545,76.944657,1954,1303.0,2.0,2.0,1.0,2.0,1.0,2.0,0.0,2.0
18500000,1,33,алматы,43.205674123093,76.784360948644,2025,3172.0,7.0,9.0,3.0,6.0,2.0,2.0,0.0,2.0
21700000,1,45,алматы,43.206378831803,76.7854564295,2025,3461.0,7.0,10.0,3.0,5.0,2.0,2.0,0.0,2.0
28000000,2,60,алматы,43.221705980823,76.786440765848,2019,1124.0,4.0,10.0,3.0,1.0,2.0,2.0,0.0,2.0
38000000,1,38,алматы,43.217588011385,76.878253893997,2025,3426.0,8.0,9.0,3.0,1.0,2.0,2.0,0.0,2.0
30500000,1,41,алматы,43.221037,76.838889,1990,1601.0,2.0,9.0,2.0,2.0,2.0,2.0,0.0,2.0
75000000,2,53,алматы,43.197413363258,76.854536532046,2024,2311.0,2.0,3.0,3.0,1.0,2.0,2.0,0.0,2.0
28500000,2,64,алматы,43.219356133779,76.870137830688,1965,1601.0,1.0,5.0,2.0,2.0,1.0,2.0,0.0,2.0
60000000,4,71,алматы,43.22995136474,76.892770649483,1975,2067.0,4.0,4.0,1.0,2.0,1.0,1.0,0.0,2.0
46500000,2,50,алматы,43.233894267748,76.875101566839,2019,1206.0,15.0,16.0,3.0,1.0,2.0,2.0,0.0,2.0
49000000,3,83,алматы,43.209789,76.888584,1976,2862.0,4.0,5.0,1.0,2.0,2.0,1.0,1.0,2.0
65000000,3,92,алматы,43.166896865279,76.876788862098,2024,2286.0,3.0,4.0,3.0,5.0,2.0,2.0,0.0,2.0
29500000,2,50,алматы,43.201423,76.84268,1978,2408.0,1.0,4.0,1.0,1.0,2.0,1.0,0.0,2.0
27000000,2,45,алматы,43.323660075996,76.840200770864,2019,661.0,3.0,4.0,2.0,1.0,2.0,2.0,0.0,2.0
25500000,2,44,алматы,43.227105160506,76.802428360554,2025,1217.0,5.0,6.0,2.0,1.0,2.0,2.0,0.0,2.0
38500000,2,45,алматы,43.245566060951,76.92180317791,1977,3091.0,2.0,5.0,2.0,1.0,1.0,2.0,0.0,2.0
40000000,2,60,алматы,43.285477,76.960233,2019,1495.0,3.0,4.0,1.0,1.0,1.0,2.0,0.0,2.0
53500000,2,54,алматы,43.233264081621,76.876367569494,2019,1206.0,11.0,12.0,3.0,2.0,2.0,2.0,0.0,2.0
33000000,2,40,алматы,43.216484,76.859496,1967,1625.0,2.0,4.0,2.0,1.0,1.0,2.0,0.0,2.0
24500000,1,31,алматы,43.246323989151,76.908867645555,1967,508.0,1.0,4.0,1.0,1.0,2.0,2.0,0.0,2.0
25500000,2,46,алматы,43.215571010145,76.86280550261,1969,1330.0,3.0,4.0,2.0,1.0,2.0,2.0,0.0,2.0
37000000,2,62,алматы,43.226279,76.836517,1986,1120.0,1.0,9.0,2.0,1.0,2.0,1.0,0.0,2.0
69000000,3,64,алматы,43.233223550606,76.874463201093,2020,1206.0,11.0,12.0,3.0,1.0,1.0,2.0,0.0,2.0
35000000,2,42,алматы,43.253285,76.876789,1977,1117.0,2.0,5.0,2.0,1.0,2.0,2.0,0.0,2.0
34500000,2,45,алматы,43.248878236001,76.894766964274,1978,1324.0,1.0,5.0,2.0,1.0,1.0,2.0,0.0,2.0
22000000,1,44,алматы,43.313014445033,76.897103135404,2021,3382.0,4.0,9.0,3.0,1.0,2.0,2.0,0.0,2.0
22000000,1,40,алматы,43.296360035441,76.977431367086,2020,1428.0,9.0,9.0,3.0,1.0,2.0,2.0,0.0,2.0
25600000,1,30,алматы,43.199432,76.872603,1976,1092.0,1.0,5.0,2.0,2.0,2.0,2.0,0.0,2.0
25000000,2,51,алматы,43.353053,76.924984,1989,1601.0,5.0,5.0,2.0,4.0,3.0,1.0,0.0,2.0
28500000,2,34,алматы,43.223954,76.867896,1981,880.0,3.0,5.0,1.0,2.0,2.0,2.0,0.0,2.0
65000000,3,132,алматы,43.243869892662,76.875379108023,2011,640.0,10.0,20.0,3.0,2.0,2.0,3.0,0.0,2.0
60000000,2,76,алматы,43.200828160164,76.90175132918,2023,2080.0,5.0,20.0,3.0,6.0,2.0,2.0,0.0,2.0
78000000,3,80,алматы,43.207343800535,76.897450162692,2020,1823.0,6.0,14.0,3.0,1.0,2.0,2.0,0.0,2.0
35000000,3,68,алматы,43.205958,76.83632,1989,814.0,5.0,5.0,1.0,2.0,2.0,2.0,0.0,2.0
45000000,3,70,алматы,43.200628,76.895294,1989,2878.0,5.0,5.0,1.0,1.0,2.0,1.0,0.0,2.0
29500000,1,42,алматы,43.263892834504,76.917782579928,2025,1522.0,8.0,13.0,3.0,6.0,2.0,2.0,0.0,2.0
39000000,2,70,алматы,43.302329141807,76.998867487977,2024,1810.0,1.0,7.0,3.0,1.0,2.0,2.0,0.0,2.0
35000000,2,45,алматы,43.214046,76.874076,1987,1601.0,5.0,5.0,2.0,1.0,2.0,2.0,0.0,2.0
36000000,3,60,алматы,43.24859,76.892824,1978,1601.0,5.0,5.0,2.0,2.0,2.0,1.0,0.0,2.0
38000000,2,62,алматы,43.241617904605,76.823719303762,2008,289.0,8.0,9.0,3.0,1.0,1.0,1.0,0.0,2.0
45000000,3,84,алматы,43.241340485664,76.810090851075,2015,11.0,3.0,16.0,3.0,1.0,1.0,1.0,0.0,2.0
37000000,2,55,алматы,43.268674,76.936563,2011,2697.0,10.0,10.0,3.0,2.0,2.0,2.0,0.0,2.0
80000000,3,104,алматы,43.23311185237,76.8850728561,2023,1714.0,15.0,16.0,3.0,5.0,3.0,3.0,0.0,2.0
24000000,1,64,алматы,43.21948,76.796291,2012,92.0,11.0,16.0,3.0,1.0,3.0,2.0,0.0,2.0
27500000,2,45,алматы,43.221705980823,76.786440765848,2019,1124.0,8.0,10.0,3.0,2.0,2.0,2.0,0.0,2.0
35000000,1,39,алматы,43.199518,76.874426,1977,754.0,7.0,8.0,2.0,1.0,1.0,2.0,0.0,2.0
49000000,2,82,алматы,43.218298294283,76.880121253562,2009,534.0,13.0,15.0,3.0,1.0,1.0,1.0,0.0,2.0
25500000,1,32,алматы,43.190993,76.903424,1976,1601.0,4.0,5.0,2.0,1.0,2.0,2.0,0.0,2.0
62500000,3,118,алматы,43.286586337212,77.004190685535,2019,73.0,4.0,5.0,3.0,4.0,2.0,3.0,0.0,2.0
36000000,2,53,алматы,43.219631,76.842887,2000,3396.0,10.0,12.0,3.0,2.0,2.0,1.0,1.0,2.0
32800000,2,57,алматы,43.261234685453,76.822570457769,2018,1601.0,4.0,6.0,2.0,1.0,2.0,2.0,0.0,2.0
33000000,1,32,алматы,43.253193,76.885314,1978,1439.0,3.0,4.0,2.0,2.0,1.0,2.0,0.0,2.0
77000000,3,94,алматы,43.218455,76.878828,2025,48.0,7.0,9.0,3.0,5.0,2.0,3.0,0.0,2.0
65000000,2,54,алматы,43.226717269996,76.937085340764,2021,1475.0,6.0,15.0,3.0,6.0,2.0,2.0,0.0,2.0
23000000,1,34,алматы,43.201303400766,76.881716424066,1983,292.0,5.0,5.0,2.0,1.0,1.0,2.0,0.0,2.0
53000000,3,90,алматы,43.250994821711,76.82542730312,2011,3014.0,7.0,9.0,3.0,1.0,1.0,1.0,0.0,2.0
38000000,2,63,алматы,43.310632,76.97449,2016,2417.0,6.0,9.0,3.0,1.0,2.0,2.0,0.0,2.0
58000000,3,79,алматы,43.200727,76.841467,2005,2374.0,7.0,9.0,2.0,4.0,2.0,2.0,0.0,2.0
42500000,3,70,алматы,43.322544,77.019576,2022,2270.0,2.0,6.0,3.0,1.0,2.0,2.0,0.0,2.0
55000000,4,105,алматы,43.233965150216,76.82570095764,1988,433.0,1.0,5.0,1.0,1.0,2.0,1.0,0.0,2.0
55000000,1,40,алматы,43.207857,76.895582,2021,1481.0,6.0,8.0,3.0,1.0,1.0,2.0,0.0,2.0
76000000,2,62,алматы,43.208523854873,76.892832802624,2024,2199.0,8.0,16.0,3.0,1.0,2.0,2.0,0.0,2.0
53000000,3,64,алматы,43.214987871218,76.90039664418,1979,1601.0,5.0,5.0,2.0,2.0,1.0,2.0,0.0,2.0
27500000,1,46,алматы,43.212810816248,76.843896958251,2015,512.0,17.0,17.0,3.0,1.0,2.0,2.0,0.0,2.0
20000000,1,28,алматы,43.227429955362,76.7991178423,2023,2531.0,9.0,10.0,3.0,1.0,1.0,2.0,0.0,2.0
60000000,3,70,алматы,43.227284,76.884541,1989,1601.0,1.0,5.0,2.0,1.0,2.0,1.0,0.0,2.0
75000000,3,107,алматы,43.229899,76.840237,2014,2548.0,9.0,9.0,3.0,1.0,1.0,3.0,0.0,2.0
45500000,3,83,алматы,43.288902,76.986734,2020,934.0,8.0,9.0,3.0,1.0,2.0,1.0,0.0,2.0
65000000,2,57,алматы,43.211182,76.884182,2023,2917.0,9.0,12.0,3.0,1.0,1.0,2.0,0.0,2.0
67000000,3,100,алматы,43.24320617919,76.855535171577,2024,2375.0,14.0,17.0,3.0,1.0,1.0,2.0,0.0,2.0
35000000,2,64,алматы,43.303206,76.840245,2016,1239.0,3.0,5.0,3.0,1.0,1.0,2.0,0.0,2.0
19450000,1,32,алматы,43.32804,77.034353,2023,1601.0,1.0,6.0,3.0,1.0,2.0,2.0,0.0,2.0
27000000,1,33,алматы,43.222298,76.892447,1985,1601.0,4.0,5.0,2.0,1.0,2.0,2.0,0.0,2.0
58000000,3,72,алматы,43.233531,76.889249,1989,2171.0,4.0,9.0,1.0,1.0,2.0,2.0,1.0,2.0
29900000,2,58,алматы,43.227127,76.784182,2023,1624.0,6.0,6.0,2.0,1.0,1.0,2.0,1.0,2.0
31000000,1,39,алматы,43.211649562845,76.79400144727,2023,2075.0,7.0,12.0,3.0,6.0,2.0,2.0,0.0,2.0
59500000,4,92,алматы,43.334001,76.948016,2016,403.0,4.0,5.0,3.0,1.0,1.0,1.0,0.0,2.0
34700000,1,52,алматы,43.285608,77.003218,2019,73.0,5.0,5.0,3.0,1.0,1.0,2.0,0.0,2.0
32700000,3,60,алматы,43.231482,76.845267,1963,2403.0,4.0,4.0,2.0,1.0,2.0,2.0,0.0,2.0
48000000,2,76,алматы,43.24331255684,76.875931342729,2012,463.0,13.0,18.0,3.0,2.0,2.0,3.0,0.0,2.0
22000000,1,20,алматы,43.242338,76.924202,1977,1689.0,1.0,5.0,1.0,1.0,1.0,2.0,0.0,1.0
48500000,2,50,алматы,43.212975,76.89966,1995,1601.0,6.0,9.0,1.0,2.0,2.0,1.0,0.0,2.0
40000000,3,62,алматы,43.235534,76.842545,1971,1985.0,2.0,4.0,2.0,1.0,2.0,1.0,0.0,2.0
84000000,3,62,алматы,43.240405217908,76.909024952709,2020,984.0,8.0,16.0,3.0,1.0,2.0,3.0,0.0,2.0
34000000,3,74,алматы,43.337319,76.949238,1993,2537.0,5.0,5.0,1.0,1.0,3.0,1.0,0.0,1.0
24500000,1,37,алматы,43.231744,76.82784,2020,409.0,3.0,3.0,2.0,1.0,1.0,2.0,0.0,2.0
31000000,3,75,алматы,43.368863692128,76.939968957008,1987,3263.0,2.0,2.0,1.0,1.0,1.0,1.0,0.0,2.0
28500000,3,56,алматы,43.339292,76.950747,1961,1854.0,1.0,3.0,1.0,1.0,1.0,2.0,0.0,2.0
36000000,2,59,алматы,43.169250866625,76.913802623748,2024,1222.0,3.0,3.0,3.0,6.0,2.0,2.0,0.0,2.0
57000000,3,72,алматы,43.234976,76.891584,1988,1601.0,4.0,9.0,2.0,1.0,2.0,2.0,0.0,2.0
35000000,2,64,алматы,43.306683,76.840389,2017,1601.0,1.0,5.0,3.0,1.0,2.0,1.0,0.0,2.0
80000000,3,89,алматы,43.26665041551,76.929558019731,2024,3171.0,8.0,12.0,3.0,1.0,2.0,3.0,0.0,2.0
34999999,2,68,алматы,43.252779,76.824453,2010,2333.0,7.0,9.0,2.0,2.0,2.0,1.0,1.0,2.0
47500000,2,50,алматы,43.236930943868,76.887052909439,2018,997.0,7.0,9.0,3.0,1.0,2.0,2.0,0.0,2.0
34500000,1,40,алматы,43.222489,76.838566,1990,1365.0,7.0,9.0,2.0,1.0,1.0,2.0,0.0,2.0
29000000,2,44,алматы,43.199491,76.871489,1976,32.0,2.0,5.0,2.0,4.0,2.0,1.0,0.0,2.0
45000000,3,70,алматы,43.236473,76.827337,1990,777.0,2.0,5.0,2.0,1.0,2.0,1.0,0.0,2.0
38600000,2,60,алматы,43.214466657112,76.854222260947,2005,441.0,7.0,9.0,2.0,1.0,2.0,1.0,0.0,2.0
33000000,2,50,алматы,43.289296272344,76.999397957104,2024,3090.0,3.0,6.0,3.0,6.0,2.0,2.0,0.0,2.0
50500000,3,68,алматы,43.213304,76.851277,1983,205.0,2.0,5.0,2.0,2.0,1.0,1.0,0.0,2.0
66000000,3,90,алматы,43.262554353583,76.918500452423,2019,1542.0,11.0,13.0,3.0,2.0,1.0,3.0,0.0,2.0
46500000,2,72,алматы,43.317526,76.973412,2019,1456.0,4.0,7.0,2.0,1.0,1.0,2.0,0.0,2.0
24500000,2,45,алматы,43.221705980823,76.786440765848,2019,1124.0,10.0,10.0,3.0,1.0,1.0,2.0,0.0,1.0
56000000,2,57,алматы,43.238011305107,76.890220096604,2024,3020.0,2.0,10.0,3.0,1.0,2.0,2.0,0.0,2.0
85000000,3,92,алматы,43.230894209058,76.885517835508,2014,601.0,9.0,12.0,3.0,1.0,1.0,3.0,0.0,2.0
35999000,2,51,алматы,43.211274,76.871588,1985,3006.0,3.0,5.0,2.0,2.0,2.0,1.0,0.0,2.0
42900000,2,59,алматы,43.285231659577,77.001857542328,2019,1601.0,4.0,5.0,3.0,1.0,2.0,2.0,0.0,2.0
37500000,1,38,алматы,43.253660935961,76.886787662455,1989,1845.0,6.0,8.0,1.0,1.0,2.0,2.0,0.0,2.0
16000000,1,31,алматы,43.215348473904,76.776248335208,2020,3346.0,1.0,10.0,3.0,6.0,2.0,2.0,0.0,2.0
54500000,3,92,алматы,43.168667079084,76.905237991299,2023,2029.0,3.0,3.0,3.0,6.0,3.0,2.0,0.0,2.0
47000000,2,70,алматы,43.168667079084,76.905237991299,2025,2029.0,1.0,3.0,3.0,1.0,2.0,2.0,0.0,2.0
31000000,1,35,алматы,43.265599375537,76.965218335638,2014,1744.0,5.0,9.0,3.0,1.0,2.0,2.0,0.0,2.0
19500000,1,26,алматы,43.224256,76.891961,1962,1855.0,1.0,4.0,1.0,2.0,2.0,2.0,0.0,2.0
81000000,3,81,алматы,43.20819644223,76.890452355819,2019,1601.0,4.0,12.0,3.0,1.0,1.0,1.0,0.0,2.0
78000000,3,78,алматы,43.233597364995,76.921806335449,2019,1075.0,7.0,10.0,3.0,1.0,2.0,2.0,0.0,2.0
16000000,1,14,алматы,43.266028,76.948466,1979,1601.0,4.0,5.0,1.0,2.0,2.0,1.0,0.0,1.0
38500000,2,38,алматы,43.230967359451,76.91487412655,1970,2328.0,1.0,4.0,1.0,1.0,2.0,2.0,0.0,2.0
29500000,1,45,алматы,43.273903247108,76.816073459247,2024,2147.0,7.0,12.0,3.0,4.0,2.0,2.0,0.0,2.0
38490000,2,54,алматы,43.214959180685,76.897800943446,1987,3260.0,5.0,5.0,1.0,2.0,2.0,2.0,0.0,2.0
24500000,1,33,алматы,43.196608021788,76.876275982803,1980,1601.0,5.0,5.0,2.0,1.0,1.0,2.0,0.0,2.0
45000000,3,71,алматы,43.292679384553,77.013974189649,2024,3136.0,3.0,6.0,3.0,1.0,2.0,2.0,1.0,2.0
34000000,3,60,алматы,43.218015,76.869665,1975,1199.0,1.0,4.0,2.0,1.0,1.0,2.0,0.0,2.0
37000000,2,52,алматы,43.236743,76.823169,1994,2282.0,3.0,9.0,1.0,2.0,2.0,1.0,0.0,2.0
62000000,3,80,алматы,43.217572125428,76.855587694443,2019,1959.0,1.0,10.0,2.0,2.0,2.0,2.0,0.0,2.0
43000000,2,54,алматы,43.288618195627,77.006006431029,2022,2561.0,6.0,9.0,3.0,1.0,1.0,2.0,0.0,2.0
36500000,3,60,алматы,43.261387,76.919064,1978,198.0,3.0,5.0,2.0,2.0,2.0,2.0,0.0,2.0
36500000,3,56,алматы,43.194128,76.905176,1978,1682.0,5.0,5.0,2.0,1.0,2.0,2.0,0.0,2.0
48000000,3,67,алматы,43.168165376725,76.905065006052,2025,2029.0,2.0,3.0,3.0,5.0,3.0,3.0,0.0,2.0
25999000,2,47,алматы,43.287859,77.003963,2020,2588.0,9.0,10.0,3.0,2.0,2.0,2.0,0.0,2.0
79999999,4,120,алматы,43.256892388421,76.912556304228,1991,1186.0,5.0,5.0,1.0,1.0,1.0,1.0,0.0,2.0
23000000,1,44,алматы,43.279528008273,76.826384406082,2018,2308.0,5.0,9.0,3.0,2.0,1.0,2.0,0.0,2.0
66500000,3,131,алматы,43.248471483368,76.866749815401,2012,52.0,10.0,15.0,3.0,1.0,1.0,2.0,0.0,2.0
50000000,3,60,алматы,43.269824259056,76.944523803084,1965,2328.0,3.0,4.0,2.0,1.0,2.0,2.0,0.0,2.0
18700000,1,33,алматы,43.209362,76.786445,2024,1023.0,9.0,9.0,2.0,1.0,2.0,2.0,0.0,2.0
30000000,2,60,алматы,43.279078,76.819602,2014,1448.0,1.0,5.0,3.0,1.0,2.0,1.0,0.0,2.0
81990000,3,95,алматы,43.218337368091,76.87840946212,2025,3426.0,7.0,10.0,3.0,1.0,2.0,2.0,0.0,2.0
49000000,2,50,алматы,43.224880851217,76.958277334879,1972,1601.0,3.0,4.0,1.0,2.0,1.0,1.0,1.0,2.0
54000000,3,75,алматы,43.235626,76.888979,1988,1601.0,3.0,9.0,2.0,2.0,1.0,2.0,0.0,2.0
40000000,3,60,алматы,43.21423,76.860467,1968,2786.0,2.0,4.0,2.0,1.0,1.0,2.0,0.0,2.0
28500000,1,30,алматы,43.26695843638,76.966522096789,2021,1766.0,2.0,10.0,3.0,1.0,1.0,2.0,0.0,2.0
12000000,1,11,алматы,43.222896,76.858616,1985,177.0,2.0,4.0,2.0,1.0,1.0,4.0,0.0,1.0
23500000,1,35,алматы,43.260867919972,76.822692563702,2019,636.0,2.0,12.0,3.0,1.0,1.0,2.0,0.0,2.0
57000000,2,88,алматы,43.214168156506,76.873397827148,2017,1060.0,17.0,17.0,3.0,1.0,2.0,1.0,0.0,2.0
27790000,2,44,алматы,43.251775858941,76.862936864224,2025,3177.0,2.0,13.0,3.0,6.0,2.0,2.0,0.0,2.0
27000000,2,54,алматы,43.23625,76.824031,1983,2308.0,5.0,5.0,2.0,1.0,1.0,1.0,0.0,2.0
29700000,2,44,алматы,43.266659,76.94984,1969,1007.0,1.0,4.0,2.0,2.0,2.0,1.0,0.0,2.0
43000000,3,58,алматы,43.244151,76.90169,1973,2200.0,2.0,5.0,2.0,1.0,2.0,2.0,0.0,2.0
25500000,1,42,алматы,43.316256056102,76.897415205183,2022,2007.0,9.0,9.0,3.0,1.0,2.0,2.0,0.0,2.0
56000000,3,89,алматы,43.231096989712,76.832493562958,2020,957.0,4.0,10.0,3.0,1.0,1.0,2.0,0.0,2.0
25000000,2,42,алматы,43.222548,76.783867,2020,742.0,6.0,10.0,3.0,1.0,2.0,2.0,1.0,2.0
57000000,3,70,алматы,43.247777919493,76.838209518751,1979,668.0,1.0,3.0,1.0,1.0,2.0,2.0,0.0,2.0
23500000,2,46,алматы,43.252763617273,76.862965458284,2024,2523.0,1.0,13.0,3.0,6.0,2.0,2.0,0.0,2.0
39000000,3,75,алматы,43.267256,76.820321,2020,1601.0,4.0,12.0,3.0,1.0,2.0,1.0,0.0,2.0
47000000,2,60,алматы,43.230754022994,76.881036758423,2018,983.0,11.0,12.0,3.0,1.0,2.0,2.0,0.0,2.0
46000000,2,42,алматы,43.236697447736,76.897770222931,2015,20.0,8.0,17.0,3.0,2.0,2.0,2.0,0.0,2.0
26000000,1,32,алматы,43.228493,76.914797,1963,464.0,2.0,4.0,1.0,1.0,2.0,2.0,0.0,2.0
70000000,2,70,алматы,43.204436181418,76.897387504578,2018,871.0,6.0,12.0,3.0,1.0,1.0,2.0,0.0,2.0
79000000,3,99,алматы,43.267796317297,76.925256130626,2024,2505.0,2.0,12.0,3.0,6.0,3.0,3.0,0.0,2.0
50000000,3,110,алматы,43.241900104936,76.824517250061,2007,535.0,8.0,9.0,3.0,1.0,2.0,2.0,0.0,2.0
37500000,3,60,алматы,43.251366678484,76.872214966587,1985,2555.0,3.0,5.0,2.0,1.0,2.0,2.0,0.0,2.0
60000000,1,52,алматы,43.189063950023,76.875465521805,2016,731.0,7.0,7.0,3.0,1.0,1.0,2.0,0.0,2.0
58000000,3,90,алматы,43.247306931474,76.868779167122,2012,3191.0,6.0,21.0,3.0,1.0,2.0,1.0,0.0,2.0
29500000,2,65,алматы,43.281161505251,76.819847873679,2013,19.0,5.0,9.0,3.0,4.0,3.0,1.0,0.0,2.0
55000000,2,46,алматы,43.244452202102,76.923467800474,2020,1324.0,6.0,13.0,3.0,2.0,2.0,2.0,0.0,2.0
25000000,1,45,алматы,43.32637456677,76.984731654262,2017,1434.0,3.0,5.0,3.0,2.0,2.0,2.0,0.0,2.0
31000000,1,50,алматы,43.305824075443,77.002322784119,2024,2874.0,2.0,5.0,3.0,1.0,1.0,2.0,0.0,2.0
22500000,1,40,алматы,43.327259,76.924741,1985,1186.0,4.0,5.0,2.0,2.0,2.0,1.0,0.0,2.0
50500000,3,66,алматы,43.245018,76.889482,1980,1601.0,4.0,9.0,2.0,1.0,2.0,2.0,0.0,2.0
50000000,2,55,алматы,43.261518,76.941423,1962,1959.0,3.0,4.0,1.0,1.0,1.0,2.0,0.0,2.0
40000000,1,42,алматы,43.230754022994,76.881036758423,2018,983.0,4.0,12.0,3.0,1.0,2.0,2.0,0.0,2.0
29500000,1,42,алматы,43.205813,76.873447,1978,1122.0,6.0,9.0,2.0,1.0,1.0,2.0,0.0,2.0
56000000,3,71,алматы,43.260422,76.915866,1978,1601.0,3.0,8.0,2.0,1.0,1.0,1.0,0.0,2.0
46000000,2,50,алматы,43.263199,76.958706,1991,266.0,4.0,5.0,1.0,1.0,2.0,2.0,0.0,2.0
55000000,2,61,алматы,43.224223,76.957808,1975,1777.0,3.0,4.0,1.0,1.0,2.0,2.0,0.0,2.0
28500000,2,50,алматы,43.261315,76.816584,2017,3100.0,2.0,14.0,3.0,2.0,2.0,2.0,0.0,2.0
49900000,2,65,алматы,43.24320617919,76.855535171577,2023,2375.0,2.0,18.0,3.0,1.0,1.0,2.0,0.0,2.0
37500000,2,67,алматы,43.255104,76.821929,2015,1083.0,4.0,9.0,3.0,1.0,1.0,3.0,0.0,2.0
53000000,3,89,алматы,43.250974,76.81379,2011,2642.0,3.0,9.0,3.0,1.0,1.0,1.0,0.0,2.0
43900000,1,40,алматы,43.234227255462,76.890671254514,2023,2125.0,3.0,12.0,3.0,1.0,1.0,2.0,0.0,2.0
48000000,3,84,алматы,43.235777,76.806559,2020,1171.0,5.0,16.0,3.0,1.0,1.0,3.0,0.0,2.0
24000000,1,40,алматы,43.211336049555,76.827616845806,2024,3104.0,5.0,6.0,3.0,6.0,2.0,2.0,0.0,2.0
23000000,1,44,алматы,43.280253,76.817051,2018,1064.0,5.0,9.0,3.0,1.0,1.0,2.0,0.0,2.0
56000000,2,68,алматы,43.16974607729,76.872367858887,2013,120.0,6.0,10.0,3.0,2.0,2.0,3.0,0.0,2.0
26500000,2,50,алматы,43.255442227281,76.861344076057,1986,1840.0,5.0,5.0,1.0,4.0,2.0,1.0,0.0,2.0
40500000,3,66,алматы,43.246505624024,76.898139025795,1980,2691.0,5.0,5.0,2.0,1.0,2.0,1.0,0.0,2.0
60500000,3,84,алматы,43.212024079745,76.855072975159,2021,1820.0,7.0,13.0,3.0,1.0,1.0,2.0,0.0,2.0
37000000,3,78,алматы,43.228535661072,76.781444678345,2019,3471.0,2.0,6.0,3.0,1.0,2.0,2.0,0.0,2.0
35500000,2,51,алматы,43.210485,76.872675,1986,2280.0,3.0,5.0,2.0,1.0,2.0,1.0,0.0,2.0
35900000,2,51,алматы,43.235693401829,76.821817958335,1991,2339.0,5.0,5.0,2.0,2.0,2.0,1.0,0.0,2.0
49500000,3,65,алматы,43.227972995539,76.930684405452,1986,1092.0,1.0,5.0,2.0,1.0,2.0,2.0,0.0,2.0
52500000,2,55,алматы,43.205401763923,76.872784236843,1979,651.0,8.0,9.0,2.0,2.0,1.0,2.0,0.0,2.0
46000000,4,86,алматы,43.236421,76.823465,1993,1601.0,5.0,5.0,2.0,1.0,2.0,1.0,0.0,2.0
48000000,3,67,алматы,43.273739224324,76.81676830706,2024,2147.0,8.0,12.0,3.0,1.0,2.0,3.0,0.0,2.0
33800000,1,51,алматы,43.244814,76.875531,2012,463.0,8.0,19.0,3.0,5.0,1.0,2.0,0.0,2.0
30000000,2,52,алматы,43.208775176856,76.829192367467,2019,1767.0,3.0,3.0,2.0,1.0,2.0,2.0,0.0,2.0
59500000,2,72,алматы,43.218052680978,76.890834815623,2022,1750.0,4.0,14.0,3.0,1.0,1.0,2.0,0.0,2.0
39900000,4,68,алматы,43.255408943906,76.90301028836,1974,1601.0,1.0,4.0,1.0,4.0,2.0,1.0,0.0,2.0
39000000,2,50,алматы,43.252681,76.908949,1978,2623.0,5.0,5.0,1.0,1.0,2.0,1.0,0.0,2.0
33500000,1,42,алматы,43.24320617919,76.855535171577,2023,2375.0,13.0,16.0,3.0,1.0,2.0,2.0,0.0,2.0
21000000,1,35,алматы,43.230469366362,76.780980100066,2020,1821.0,5.0,9.0,3.0,2.0,2.0,2.0,0.0,2.0
85000000,3,100,алматы,43.233894267748,76.875101566839,2019,1206.0,6.0,16.0,3.0,1.0,2.0,3.0,0.0,2.0
50000000,3,82,алматы,43.33343,76.952445,1974,1601.0,3.0,3.0,1.0,1.0,1.0,2.0,0.0,2.0
24500000,1,32,алматы,43.196226613197,76.876361138587,1980,1601.0,5.0,5.0,2.0,1.0,2.0,2.0,0.0,2.0
73500000,2,80,алматы,43.199032293107,76.931248165464,2017,888.0,4.0,7.0,3.0,1.0,1.0,3.0,0.0,2.0
25000000,2,40,алматы,43.218376,76.872091,1969,2530.0,4.0,4.0,1.0,2.0,1.0,1.0,0.0,1.0
26500000,2,45,алматы,43.221431,76.857278,1966,418.0,3.0,4.0,2.0,1.0,2.0,2.0,0.0,2.0
54500000,3,68,алматы,43.245218922934,76.915069931212,1989,3020.0,2.0,9.0,1.0,2.0,2.0,1.0,0.0,2.0
23500000,1,40,алматы,43.255104,76.821929,2015,1601.0,3.0,9.0,3.0,2.0,2.0,2.0,0.0,2.0
35000000,2,65,алматы,43.244465138646,76.814610036497,2014,1689.0,8.0,9.0,3.0,1.0,2.0,2.0,0.0,2.0
38000000,3,64,алматы,43.255183842177,76.875935100525,1978,1634.0,1.0,5.0,2.0,2.0,3.0,2.0,0.0,2.0
57000000,3,93,алматы,43.26656,76.917572,2020,1522.0,1.0,13.0,3.0,1.0,1.0,3.0,0.0,2.0
50000000,3,72,алматы,43.220012,76.848276,1992,2126.0,9.0,9.0,2.0,1.0,1.0,1.0,0.0,2.0
73000000,2,70,алматы,43.222857,76.955634,2008,2925.0,3.0,5.0,1.0,1.0,1.0,3.0,0.0,2.0
48000000,2,62,алматы,43.231074642998,76.885882615934,2014,601.0,4.0,17.0,3.0,1.0,1.0,2.0,0.0,2.0
30000000,2,32,алматы,43.170047772424,76.875159067479,2011,23.0,4.0,6.0,3.0,1.0,2.0,2.0,0.0,2.0
23900000,1,33,алматы,43.32693219071,76.923999602348,1986,2885.0,3.0,5.0,2.0,2.0,2.0,2.0,0.0,2.0
77450000,3,90,алматы,43.215347361947,76.880843493499,2023,1770.0,13.0,17.0,3.0,1.0,1.0,3.0,0.0,2.0
45500000,2,52,алматы,43.250776608424,76.899039528535,2011,1601.0,8.0,9.0,3.0,2.0,1.0,2.0,0.0,2.0
30000000,2,67,алматы,43.302006,76.839293,2018,1324.0,5.0,5.0,3.0,2.0,1.0,2.0,1.0,2.0
19500000,1,40,алматы,43.358566,76.923016,2010,1601.0,5.0,6.0,3.0,1.0,2.0,2.0,0.0,2.0
37500000,2,64,алматы,43.237285422135,76.882590165418,2024,2555.0,16.0,20.0,3.0,1.0,2.0,2.0,0.0,2.0
41000000,3,60,алматы,43.227797,76.932332,1976,1785.0,4.0,5.0,2.0,2.0,2.0,2.0,0.0,2.0
13500000,1,20,алматы,43.262221,76.856155,2010,1124.0,3.0,4.0,3.0,2.0,1.0,2.0,0.0,2.0
41000000,1,47,алматы,43.218052680978,76.890834815623,2021,1750.0,13.0,13.0,3.0,1.0,1.0,2.0,1.0,2.0
36000000,2,64,алматы,43.324643,76.984129,2017,1577.0,3.0,5.0,3.0,1.0,2.0,1.0,1.0,2.0
31000000,2,52,алматы,43.229019027276,76.797996979282,1990,780.0,4.0,5.0,2.0,1.0,2.0,1.0,0.0,2.0
47500000,3,60,алматы,43.23026,76.906451,1983,2267.0,3.0,5.0,2.0,1.0,2.0,1.0,0.0,2.0
48500000,2,50,алматы,43.212762337474,76.899544128538,1995,1199.0,6.0,9.0,1.0,1.0,2.0,1.0,0.0,2.0
80000000,4,128,алматы,43.217942866354,76.903020324888,2023,2627.0,17.0,6.0,3.0,4.0,2.0,3.0,0.0,2.0
32000000,3,56,алматы,43.236447186416,76.858766244665,1971,1601.0,1.0,4.0,2.0,1.0,2.0,1.0,0.0,2.0
51800000,2,72,алматы,43.246808036405,76.854643178059,2023,3224.0,4.0,9.0,3.0,1.0,1.0,2.0,0.0,2.0
24000000,1,34,алматы,43.319166,76.914653,1989,2523.0,4.0,5.0,2.0,1.0,2.0,2.0,0.0,2.0
46500000,2,56,алматы,43.216421692117,76.883046710645,2012,109.0,8.0,14.0,3.0,1.0,2.0,2.0,0.0,2.0
19000000,1,33,алматы,43.359385,76.990794,1989,1601.0,5.0,5.0,1.0,2.0,1.0,2.0,0.0,2.0
25500000,1,36,алматы,43.211999595466,76.851124633233,1995,3143.0,1.0,5.0,1.0,4.0,2.0,2.0,0.0,2.0
43000000,3,58,алматы,43.268451,76.947873,1972,1544.0,1.0,4.0,2.0,1.0,1.0,2.0,0.0,2.0
36500000,1,48,алматы,43.214901860475,76.87325835228,2017,1060.0,7.0,17.0,3.0,2.0,2.0,2.0,0.0,2.0
68000000,3,90,алматы,43.25712801158,76.914003916069,2016,729.0,11.0,12.0,3.0,1.0,2.0,2.0,0.0,2.0
60000000,5,90,алматы,43.251466,76.911347,1980,2031.0,4.0,5.0,1.0,1.0,2.0,2.0,0.0,2.0
31000000,3,56,алматы,43.230365,76.844899,1968,1601.0,4.0,4.0,2.0,1.0,2.0,2.0,0.0,2.0
44000000,2,51,алматы,43.249516,76.92024,1983,2728.0,3.0,5.0,1.0,2.0,2.0,1.0,0.0,2.0
48000000,3,60,алматы,43.23026,76.906451,1983,1601.0,3.0,5.0,2.0,2.0,1.0,1.0,0.0,2.0
15200000,2,28,алматы,43.274315602407,76.845673040648,1971,1232.0,2.0,2.0,1.0,1.0,2.0,1.0,0.0,2.0
75000000,3,100,алматы,43.246409767557,76.855018403283,2023,3224.0,4.0,9.0,3.0,1.0,1.0,3.0,0.0,2.0
35000000,2,61,алматы,43.213914774889,76.789336410704,2019,1064.0,6.0,9.0,3.0,1.0,1.0,1.0,0.0,2.0
39000000,3,64,алматы,43.231598188375,76.901470820762,1972,200.0,1.0,4.0,2.0,1.0,1.0,2.0,0.0,2.0
55000000,2,53,алматы,43.20880566576,76.911728203265,2020,1157.0,10.0,13.0,3.0,1.0,1.0,2.0,0.0,2.0
30500000,2,65,алматы,43.356015563419,76.924620294304,2008,1601.0,4.0,6.0,3.0,2.0,2.0,1.0,0.0,2.0
30500000,2,55,алматы,43.267197,76.819674,2020,2282.0,12.0,12.0,3.0,1.0,2.0,2.0,0.0,2.0
62000000,3,75,алматы,43.24530911787,76.915338152115,1989,2282.0,8.0,9.0,1.0,1.0,2.0,2.0,0.0,2.0
33000000,2,61,алматы,43.307451,76.921983,2007,880.0,1.0,6.0,3.0,2.0,2.0,2.0,0.0,2.0
28200000,1,40,алматы,43.228381,76.835574,1989,1601.0,7.0,9.0,2.0,2.0,1.0,2.0,0.0,2.0
32500000,3,58,алматы,43.217115310787,76.860004108796,1969,1527.0,2.0,4.0,2.0,1.0,2.0,2.0,0.0,2.0
24500000,1,47,алматы,43.224196297376,76.782629100212,2018,3225.0,1.0,10.0,3.0,1.0,1.0,1.0,1.0,2.0
15000000,1,21,алматы,43.325607,76.974508,1979,2147.0,2.0,3.0,1.0,1.0,1.0,2.0,0.0,1.0
28500000,1,34,алматы,43.214999,76.894576,1984,784.0,4.0,5.0,2.0,2.0,1.0,2.0,0.0,2.0
42000000,1,45,алматы,43.266628687079,76.92680057255,2023,2165.0,2.0,12.0,3.0,1.0,2.0,2.0,0.0,2.0
26600000,1,33,алматы,43.225697634908,76.896604676943,1981,1601.0,1.0,5.0,2.0,2.0,2.0,2.0,0.0,2.0
37000000,3,60,алматы,43.261682,76.925774,1975,433.0,5.0,5.0,2.0,2.0,2.0,2.0,0.0,2.0
28500000,2,34,алматы,43.223954,76.867896,1981,1518.0,3.0,5.0,1.0,2.0,2.0,2.0,0.0,2.0
42500000,2,47,алматы,43.267102151835,76.929931640407,2024,2491.0,2.0,12.0,3.0,1.0,2.0,2.0,0.0,2.0
36000000,2,68,алматы,43.290175,77.015336,2022,2599.0,8.0,9.0,2.0,1.0,2.0,1.0,0.0,2.0
60000000,3,62,алматы,43.240119,76.860278,1979,2874.0,5.0,5.0,2.0,2.0,1.0,1.0,0.0,2.0
70000000,2,56,алматы,43.235134,76.959937,2018,867.0,4.0,17.0,3.0,2.0,1.0,2.0,0.0,2.0
39000000,2,75,алматы,43.216937,76.776384,2022,1549.0,7.0,10.0,3.0,1.0,2.0,2.0,0.0,2.0
25500000,1,39,алматы,43.246776411097,76.869468891442,2023,1833.0,8.0,12.0,3.0,1.0,2.0,2.0,0.0,2.0
32500000,3,60,алматы,43.230437,76.854223,1967,1500.0,1.0,4.0,2.0,1.0,2.0,2.0,0.0,2.0
44000000,2,63,алматы,43.259625528921,76.865853549952,2024,2981.0,7.0,12.0,3.0,1.0,2.0,2.0,0.0,2.0
40500000,3,68,алматы,43.23611747384,76.823000569671,1990,1601.0,3.0,5.0,1.0,2.0,2.0,1.0,0.0,2.0
61000000,3,95,алматы,43.23720638941,76.893759907419,2016,876.0,8.0,16.0,3.0,1.0,2.0,2.0,0.0,2.0
47000000,2,60,алматы,43.267796317297,76.925256130626,2024,2505.0,9.0,12.0,3.0,6.0,2.0,2.0,0.0,2.0
30000000,1,37,алматы,43.214819466228,76.874148845673,2014,1060.0,7.0,16.0,3.0,2.0,1.0,1.0,0.0,2.0
29500000,2,39,алматы,43.177313,76.813251,1962,1601.0,2.0,2.0,2.0,1.0,1.0,2.0,0.0,2.0
35000000,1,42,алматы,43.230754022994,76.881036758423,2018,983.0,5.0,12.0,3.0,1.0,2.0,2.0,0.0,2.0
26500000,2,54,алматы,43.357563,76.994414,2007,1165.0,6.0,6.0,3.0,1.0,1.0,1.0,0.0,2.0
38500000,3,54,алматы,43.241001872975,76.931000001216,1964,1162.0,3.0,4.0,1.0,2.0,2.0,2.0,0.0,2.0
21500000,1,47,алматы,43.323585233113,77.018423087842,2024,1866.0,7.0,9.0,3.0,1.0,2.0,2.0,0.0,2.0
27000000,1,40,алматы,43.287321,76.949391,2023,2236.0,5.0,13.0,3.0,1.0,1.0,2.0,0.0,2.0
40500000,3,79,алматы,43.224973129567,76.784055189462,2019,1124.0,7.0,10.0,3.0,2.0,2.0,1.0,0.0,2.0
26000000,2,40,алматы,43.230469366362,76.780980100066,2020,1821.0,6.0,9.0,3.0,1.0,1.0,2.0,0.0,2.0
36000000,2,58,алматы,43.22057,76.844719,2006,225.0,9.0,10.0,3.0,1.0,2.0,1.0,0.0,2.0
35000000,2,40,алматы,43.266357,76.951924,1973,3052.0,4.0,5.0,2.0,2.0,2.0,1.0,0.0,2.0
65000000,2,64,алматы,43.248511,76.935161,1978,1601.0,6.0,8.0,1.0,1.0,2.0,1.0,1.0,2.0
58500000,2,55,алматы,43.207909039956,76.895041477282,2021,1481.0,8.0,6.0,3.0,1.0,2.0,1.0,0.0,2.0
12300000,1,17,алматы,43.249301084924,76.898397464942,1982,1601.0,4.0,5.0,2.0,2.0,2.0,2.0,0.0,1.0
67000000,3,79,алматы,43.221009696864,76.886923955006,2023,1959.0,9.0,17.0,3.0,1.0,2.0,3.0,0.0,2.0
29000000,2,49,алматы,43.252280219112,76.863031211864,2025,3177.0,12.0,13.0,3.0,1.0,2.0,2.0,0.0,2.0
41000000,3,58,алматы,43.249023,76.918704,1977,1171.0,2.0,5.0,2.0,1.0,2.0,2.0,0.0,2.0
34000000,1,53,алматы,43.229801816012,76.840207717925,2015,1172.0,5.0,9.0,3.0,1.0,1.0,2.0,0.0,2.0
33000000,3,63,алматы,43.255576487202,76.909958730609,1972,2630.0,4.0,4.0,2.0,4.0,2.0,1.0,0.0,2.0
48000000,1,48,алматы,43.230028241857,76.876761868133,2019,1401.0,2.0,16.0,2.0,1.0,2.0,2.0,0.0,2.0
42500000,3,68,алматы,43.253049803269,76.868591458042,1983,29.0,4.0,5.0,2.0,1.0,2.0,1.0,0.0,2.0
27500000,1,42,алматы,43.223239472935,76.843070642853,1991,3172.0,9.0,9.0,2.0,2.0,2.0,2.0,0.0,2.0
45000000,3,63,алматы,43.200507947024,76.87448100727,1976,1601.0,2.0,5.0,2.0,2.0,1.0,1.0,0.0,2.0
25000000,1,30,алматы,43.215289341078,76.894254134917,1980,1601.0,1.0,5.0,2.0,2.0,2.0,2.0,0.0,2.0
32000000,2,51,алматы,43.327690187293,76.940629912342,2023,1689.0,4.0,10.0,3.0,1.0,3.0,2.0,0.0,2.0
25000000,2,45,алматы,43.219050526076,76.859257526016,1965,692.0,2.0,4.0,2.0,1.0,2.0,2.0,0.0,2.0
25500000,2,53,алматы,43.370848,76.943561,1986,1601.0,1.0,3.0,2.0,2.0,2.0,1.0,0.0,2.0
41000000,3,92,алматы,43.305332,76.921112,2006,3277.0,9.0,9.0,3.0,1.0,2.0,2.0,0.0,2.0
28000000,2,42,алматы,43.229485,76.925307,1970,760.0,1.0,4.0,2.0,1.0,1.0,2.0,0.0,2.0
30900000,2,45,алматы,43.322554829554,76.909940703041,1982,1343.0,2.0,5.0,2.0,2.0,2.0,1.0,0.0,2.0
32000000,2,55,алматы,43.31466,76.910341,1986,1855.0,5.0,5.0,2.0,2.0,2.0,1.0,0.0,2.0
22500000,1,31,алматы,43.196895,76.874983,1977,2388.0,4.0,5.0,2.0,1.0,2.0,2.0,0.0,2.0
39400000,3,68,алматы,43.255717333107,76.881357984546,1981,2794.0,4.0,5.0,2.0,2.0,1.0,1.0,0.0,2.0
45000000,3,71,алматы,43.265654,76.821408,2017,1399.0,1.0,12.0,3.0,2.0,1.0,1.0,0.0,2.0
39500000,2,108,алматы,43.223841127129,76.792911683095,2012,92.0,1.0,16.0,3.0,1.0,1.0,2.0,0.0,2.0
50000000,3,72,алматы,43.284998,76.990938,2020,1601.0,2.0,9.0,3.0,1.0,1.0,2.0,0.0,2.0
63500000,3,92,алматы,43.213512083147,76.853347564783,2005,706.0,9.0,9.0,2.0,1.0,1.0,1.0,0.0,2.0
32099000,3,73,алматы,43.313107076352,76.896117873491,2024,276.0,5.0,10.0,2.0,1.0,2.0,1.0,0.0,2.0
28000000,2,42,алматы,43.218448,76.861401,1969,1826.0,4.0,4.0,2.0,1.0,2.0,2.0,0.0,2.0
25800000,1,32,алматы,43.228926,76.846345,1963,1616.0,2.0,4.0,2.0,1.0,2.0,2.0,0.0,2.0
25000000,1,35,алматы,43.222791,76.874283,1967,1169.0,3.0,4.0,2.0,2.0,2.0,2.0,0.0,2.0
32900000,2,53,алматы,43.213278,76.873492,1986,2240.0,1.0,5.0,2.0,2.0,2.0,1.0,0.0,2.0
53500000,2,75,алматы,43.199998640021,76.890745616691,2014,72.0,17.0,25.0,3.0,4.0,1.0,2.0,0.0,2.0
18000000,1,40,алматы,43.357616,76.919701,2008,1440.0,6.0,6.0,3.0,1.0,2.0,2.0,0.0,2.0
39999000,3,58,алматы,43.222725,76.857763,1980,1477.0,2.0,5.0,2.0,1.0,2.0,1.0,0.0,2.0
32500000,2,43,алматы,43.261039,76.925118,1975,1601.0,5.0,5.0,2.0,1.0,2.0,2.0,0.0,2.0
27490000,1,42,алматы,43.223264972158,76.843470291996,1991,876.0,9.0,9.0,2.0,2.0,2.0,2.0,0.0,2.0
38000000,2,52,алматы,43.222146290717,76.895327911708,1979,1601.0,5.0,5.0,1.0,1.0,2.0,2.0,0.0,2.0
85000000,4,90,алматы,43.180064158271,76.86824116834,2015,19.0,1.0,9.0,3.0,1.0,2.0,2.0,0.0,2.0
28000000,1,35,алматы,43.260583040019,76.822694057529,2019,636.0,10.0,12.0,3.0,1.0,1.0,2.0,0.0,2.0
26000000,2,53,алматы,43.370931959278,76.943662436268,1982,403.0,2.0,3.0,2.0,4.0,2.0,2.0,0.0,2.0
11500000,1,19,алматы,43.254828,76.913216,1978,249.0,4.0,5.0,2.0,2.0,2.0,2.0,0.0,1.0
32000000,2,43,алматы,43.198985,76.884586,1976,1446.0,5.0,5.0,2.0,1.0,2.0,2.0,0.0,2.0
31500000,2,44,алматы,43.26250182435,76.935631326389,1973,1601.0,3.0,5.0,2.0,2.0,1.0,2.0,0.0,2.0
50000000,3,69,алматы,43.20016163298,76.877511579029,1977,1493.0,8.0,8.0,2.0,6.0,3.0,1.0,0.0,2.0
30500000,1,34,алматы,43.215071,76.898501,1987,2538.0,5.0,5.0,1.0,1.0,2.0,2.0,0.0,2.0
25500000,2,40,алматы,43.224131,76.890982,1966,2845.0,1.0,4.0,1.0,1.0,2.0,2.0,0.0,2.0
27600000,2,60,алматы,43.223284,76.772791,2024,1553.0,2.0,10.0,3.0,1.0,2.0,2.0,0.0,2.0
38600000,2,60,алматы,43.214466657112,76.854222260947,2005,210.0,7.0,9.0,2.0,1.0,2.0,1.0,0.0,2.0
62500000,2,61,алматы,43.208523854873,76.892832802624,2022,2199.0,15.0,16.0,3.0,6.0,3.0,2.0,0.0,2.0
53000000,1,45,алматы,43.207909039956,76.895041477282,2021,1481.0,7.0,6.0,3.0,1.0,2.0,2.0,0.0,2.0
22000000,1,40,алматы,43.257444776103,76.819761370548,2020,3014.0,5.0,6.0,3.0,1.0,2.0,2.0,0.0,2.0
40000000,1,40,алматы,43.230754022994,76.881036758423,2022,983.0,7.0,12.0,3.0,1.0,1.0,2.0,0.0,2.0
49990000,3,83,алматы,43.289401852942,76.987480430919,2020,934.0,5.0,9.0,3.0,1.0,1.0,1.0,0.0,2.0
37500000,2,44,алматы,43.26182711929,76.918791136246,1973,1042.0,3.0,5.0,2.0,1.0,2.0,2.0,0.0,2.0
43500000,2,54,алматы,43.265864,76.953496,1979,3224.0,9.0,9.0,2.0,1.0,1.0,1.0,0.0,2.0
27000000,1,36,алматы,43.216786,76.837254,1991,729.0,1.0,5.0,1.0,1.0,2.0,2.0,0.0,2.0
26000000,1,40,алматы,43.211374899261,76.793861972402,2022,2075.0,4.0,12.0,3.0,6.0,2.0,2.0,0.0,2.0
43200000,3,62,алматы,43.221871470448,76.960981891161,1988,1601.0,5.0,5.0,2.0,2.0,1.0,2.0,0.0,2.0
25000000,1,40,алматы,43.323095,76.89524,2015,2914.0,1.0,7.0,3.0,1.0,1.0,2.0,0.0,2.0
37000000,2,67,алматы,43.243812801119,76.875464076974,2012,463.0,12.0,18.0,3.0,2.0,2.0,2.0,0.0,2.0
42900000,2,45,алматы,43.223598689278,76.896990537643,2019,1241.0,12.0,12.0,3.0,1.0,2.0,2.0,0.0,2.0
48000000,2,42,алматы,43.240405217908,76.909024952709,2020,984.0,12.0,16.0,3.0,1.0,2.0,2.0,0.0,2.0
21500000,1,33,алматы,43.358324,76.992474,1986,1382.0,5.0,5.0,1.0,2.0,2.0,2.0,0.0,2.0
66000000,3,84,алматы,43.225824867414,76.93358613586,2012,104.0,10.0,16.0,3.0,1.0,1.0,2.0,0.0,2.0
37500000,2,65,алматы,43.207633425926,76.787427811855,2022,2403.0,2.0,9.0,3.0,1.0,2.0,1.0,0.0,2.0
33500000,2,56,алматы,43.21898169818,76.840913568121,1994,1154.0,9.0,9.0,1.0,1.0,1.0,1.0,0.0,2.0
43000000,2,63,алматы,43.286586337212,77.004190685535,2020,73.0,3.0,5.0,3.0,1.0,1.0,2.0,0.0,2.0
44500000,3,88,алматы,43.218054,76.836715,2007,250.0,8.0,9.0,3.0,1.0,2.0,1.0,0.0,2.0
45000000,2,63,алматы,43.24331255684,76.875931342729,2012,463.0,11.0,19.0,3.0,1.0,2.0,2.0,0.0,2.0
55900000,3,70,алматы,43.233537,76.892797,1995,2322.0,2.0,9.0,2.0,2.0,2.0,1.0,0.0,2.0
24000000,1,40,алматы,43.358428,76.92228,2008,2789.0,1.0,6.0,3.0,5.0,1.0,2.0,0.0,2.0
31000000,2,50,алматы,43.230539631302,76.798131544466,2022,2599.0,11.0,12.0,3.0,1.0,2.0,2.0,0.0,2.0
38000000,1,35,алматы,43.263748760191,76.932084560394,2024,2758.0,6.0,12.0,3.0,1.0,2.0,2.0,0.0,2.0
85000000,3,97,алматы,43.233894267748,76.875101566839,2019,1206.0,6.0,16.0,3.0,1.0,1.0,1.0,1.0,2.0
29999999,1,40,алматы,43.214236396461,76.793446983332,2022,2075.0,11.0,12.0,3.0,1.0,2.0,2.0,0.0,2.0
29500000,1,42,алматы,43.274502302328,76.815229655076,2025,2147.0,11.0,12.0,3.0,1.0,2.0,2.0,0.0,2.0
29500000,2,40,алматы,43.249752,76.882835,1987,92.0,9.0,9.0,2.0,1.0,2.0,2.0,0.0,2.0
24000000,1,31,алматы,43.2530995224,76.918755431877,1969,874.0,1.0,4.0,2.0,1.0,2.0,2.0,0.0,2.0
24500000,1,46,алматы,43.27896,76.821767,2013,1698.0,1.0,5.0,3.0,4.0,2.0,2.0,0.0,2.0
76000000,3,80,алматы,43.226923,76.937632,2024,1475.0,7.0,17.0,3.0,6.0,2.0,2.0,0.0,2.0
27000000,1,35,алматы,43.222147,76.787838,2019,1495.0,1.0,6.0,3.0,1.0,1.0,2.0,0.0,2.0
46000000,2,56,алматы,43.233894267748,76.875101566839,2019,1206.0,4.0,6.0,3.0,1.0,1.0,2.0,0.0,2.0
25000000,1,52,алматы,43.229124677767,76.78154444419,2022,1124.0,6.0,6.0,3.0,1.0,3.0,1.0,0.0,2.0
40000000,2,48,алматы,43.197612,76.879385,1975,2075.0,5.0,5.0,2.0,1.0,1.0,1.0,0.0,2.0
25000000,1,41,алматы,43.226654,76.8357,1987,3269.0,2.0,5.0,2.0,2.0,2.0,1.0,0.0,2.0
32000000,2,50,алматы,43.337085082407,76.911400356135,1998,2323.0,4.0,5.0,2.0,1.0,2.0,1.0,0.0,2.0
25000000,3,80,алматы,43.287819,76.956362,1960,1199.0,1.0,6.0,2.0,1.0,2.0,2.0,0.0,2.0
22000000,1,46,алматы,43.297969490553,76.832912672311,2024,3245.0,2.0,5.0,3.0,1.0,2.0,2.0,0.0,2.0
28000000,3,61,алматы,43.230063,76.79444,1994,953.0,2.0,3.0,1.0,2.0,3.0,1.0,0.0,2.0
39000000,2,55,алматы,43.251676,76.868489,1983,2565.0,4.0,9.0,2.0,1.0,2.0,2.0,0.0,2.0
68000000,3,63,алматы,43.235193,76.955616,1985,2218.0,3.0,5.0,1.0,4.0,2.0,2.0,0.0,2.0
50000000,2,55,алматы,43.219936304767,76.888096532794,2023,1959.0,7.0,17.0,3.0,1.0,1.0,2.0,0.0,2.0
45000000,3,89,алматы,43.272429,76.892779,2015,2070.0,2.0,9.0,3.0,2.0,1.0,3.0,0.0,2.0
32500000,3,60,алматы,43.231179,76.854843,1967,376.0,1.0,4.0,2.0,1.0,2.0,2.0,0.0,2.0
34000000,2,41,алматы,43.23449517472,76.892173899269,1963,1472.0,2.0,4.0,1.0,1.0,2.0,2.0,0.0,2.0
22000000,2,42,алматы,43.228221988845,76.780319416008,2020,692.0,1.0,6.0,3.0,2.0,2.0,2.0,0.0,2.0
47700000,2,56,алматы,43.221009696864,76.886923955006,2023,1959.0,4.0,17.0,3.0,1.0,2.0,2.0,0.0,2.0
30500000,1,41,алматы,43.252110425803,76.877792787779,1981,1206.0,3.0,9.0,2.0,1.0,2.0,2.0,0.0,2.0
32500000,2,53,алматы,43.242305,76.833239,1995,2730.0,6.0,12.0,3.0,1.0,1.0,2.0,0.0,2.0
14500000,1,24,алматы,43.242779463355,76.839760258024,1976,297.0,4.0,4.0,1.0,2.0,2.0,2.0,0.0,1.0
16500000,1,27,алматы,43.221705980823,76.786440765848,2020,1124.0,5.0,10.0,3.0,1.0,1.0,2.0,0.0,2.0
31500000,1,33,алматы,43.243609637055,76.942027923942,1964,3426.0,3.0,4.0,1.0,2.0,2.0,2.0,0.0,2.0
30000000,1,48,алматы,43.305535,76.922917,2006,3172.0,4.0,9.0,3.0,2.0,3.0,1.0,0.0,2.0
30000000,2,40,алматы,43.237448296925,76.912240299178,1961,3101.0,3.0,4.0,1.0,2.0,1.0,2.0,0.0,2.0
17200000,1,33,алматы,43.211192112111,76.784008709563,2025,3172.0,2.0,9.0,3.0,1.0,2.0,2.0,0.0,2.0
22000000,1,43,алматы,43.304695,76.839401,2016,2726.0,4.0,5.0,3.0,2.0,2.0,2.0,0.0,2.0
80000000,2,76,алматы,43.208293004384,76.953721048631,2024,2651.0,3.0,4.0,2.0,1.0,2.0,2.0,0.0,2.0
20000000,1,43,алматы,43.20972986505,76.784348039845,2025,3172.0,8.0,9.0,3.0,6.0,2.0,2.0,0.0,2.0
34999999,2,58,алматы,43.323434556235,77.03106880188,2022,1181.0,4.0,6.0,2.0,1.0,2.0,2.0,0.0,2.0
32999999,2,56,алматы,43.237218746744,76.881227603238,2024,2555.0,18.0,20.0,3.0,4.0,2.0,3.0,0.0,2.0
36000000,2,65,алматы,43.318937,76.916737,2018,1097.0,6.0,9.0,3.0,1.0,2.0,2.0,0.0,2.0
42000000,2,59,алматы,43.245555722816,76.809852293438,2024,2691.0,4.0,8.0,3.0,1.0,1.0,1.0,0.0,2.0
39000000,2,75,алматы,43.216937,76.776384,2022,1601.0,7.0,10.0,3.0,1.0,2.0,2.0,0.0,2.0
26000000,2,40,алматы,43.355439,76.924903,2008,3465.0,3.0,6.0,3.0,2.0,2.0,1.0,0.0,2.0
56210000,2,51,алматы,43.233360583506,76.890974637177,2024,2125.0,11.0,12.0,3.0,1.0,3.0,2.0,0.0,2.0
30000000,2,48,алматы,43.329496,76.953415,1977,1601.0,3.0,4.0,2.0,1.0,2.0,2.0,0.0,2.0
27000000,1,33,алматы,43.269222651321,76.944682574181,1971,2892.0,4.0,5.0,2.0,1.0,2.0,2.0,0.0,2.0
31000000,1,40,алматы,43.265179638936,76.918001685368,2020,1522.0,1.0,13.0,3.0,1.0,2.0,2.0,0.0,2.0
28000000,2,45,алматы,43.286586337212,77.004190685535,2010,73.0,1.0,5.0,3.0,1.0,2.0,2.0,0.0,2.0
75000000,2,71,алматы,43.214522421881,76.892049908802,2019,1189.0,4.0,12.0,3.0,2.0,2.0,3.0,0.0,2.0
43000000,3,65,алматы,43.241210495482,76.877562125809,2012,463.0,17.0,19.0,3.0,1.0,1.0,2.0,0.0,2.0
27500000,1,33,алматы,43.246970041536,76.852302446655,2021,2129.0,3.0,9.0,3.0,2.0,2.0,2.0,0.0,2.0
27500000,2,42,алматы,43.327677206665,76.919401204833,1989,2128.0,5.0,5.0,1.0,1.0,2.0,1.0,0.0,2.0
33500000,2,48,алматы,43.236246823824,76.882681133095,2024,2555.0,12.0,20.0,3.0,1.0,2.0,2.0,0.0,2.0
67000000,2,65,алматы,43.209704592722,76.911608644111,2020,1463.0,3.0,12.0,3.0,2.0,2.0,3.0,0.0,2.0
21000000,2,48,алматы,43.250063021494,76.809013794347,2025,2864.0,8.0,9.0,3.0,6.0,2.0,1.0,0.0,2.0
36500000,1,41,алматы,43.252504,76.907179,1973,1601.0,3.0,5.0,1.0,2.0,2.0,2.0,0.0,2.0
19000000,1,33,алматы,43.300431,76.835395,2019,2236.0,2.0,5.0,3.0,1.0,1.0,2.0,0.0,2.0
26000000,1,48,алматы,43.241157287091,76.824089233459,2007,1446.0,9.0,9.0,2.0,2.0,1.0,2.0,0.0,2.0
45000000,1,41,алматы,43.212070599536,76.878044385594,2015,695.0,11.0,14.0,3.0,1.0,1.0,2.0,0.0,2.0
40000000,2,60,алматы,43.285477,76.960233,2019,3333.0,3.0,4.0,1.0,1.0,1.0,2.0,0.0,2.0
69000000,3,117,алматы,43.244091466174,76.876414440703,2007,640.0,19.0,20.0,3.0,2.0,2.0,3.0,0.0,2.0
30000000,2,43,алматы,43.268661,76.939393,1960,692.0,2.0,3.0,1.0,4.0,2.0,2.0,0.0,2.0
22500000,1,40,алматы,43.279864216306,76.822676332334,2015,1622.0,8.0,9.0,3.0,2.0,2.0,2.0,0.0,2.0
31000000,2,60,алматы,43.232217506387,76.836766314154,2010,1622.0,6.0,6.0,3.0,1.0,2.0,2.0,0.0,2.0
50000000,2,46,алматы,43.267274365552,76.927917259836,2023,2146.0,6.0,12.0,3.0,1.0,2.0,2.0,0.0,2.0
42000000,3,71,алматы,43.271805,76.936177,1977,1124.0,1.0,3.0,1.0,1.0,2.0,1.0,0.0,2.0
60000000,2,70,алматы,43.195581,76.89383,2012,2379.0,18.0,18.0,3.0,2.0,1.0,2.0,0.0,2.0
41000000,2,54,алматы,43.219964658624,76.835465046097,2017,1131.0,1.0,12.0,2.0,2.0,3.0,2.0,0.0,2.0
15500000,1,35,алматы,43.209059541386,76.7845168711,2025,3172.0,8.0,9.0,3.0,1.0,2.0,2.0,0.0,2.0
23500000,1,31,алматы,43.236291742565,76.857739813492,1972,3194.0,1.0,4.0,2.0,1.0,2.0,2.0,0.0,2.0
53500000,3,79,алматы,43.221668,76.848034,1993,896.0,1.0,9.0,2.0,1.0,2.0,2.0,0.0,2.0
75000000,3,115,алматы,43.242568,76.906658,2006,1749.0,12.0,13.0,3.0,4.0,3.0,2.0,0.0,2.0
84500000,3,73,алматы,43.244050461871,76.92289531231,2021,1324.0,10.0,13.0,3.0,1.0,1.0,3.0,0.0,2.0
39500000,2,57,алматы,43.216353,76.890048,2016,349.0,1.0,12.0,3.0,1.0,2.0,1.0,0.0,2.0
48000000,1,63,алматы,43.241531,76.877553,2012,1601.0,1.0,18.0,3.0,1.0,2.0,2.0,0.0,2.0
25500000,1,40,алматы,43.235007224961,76.829356744705,1990,1141.0,3.0,5.0,2.0,4.0,2.0,2.0,0.0,2.0
39500000,2,97,алматы,43.226384,76.792832,2012,92.0,14.0,16.0,3.0,1.0,2.0,2.0,0.0,2.0
31500000,2,48,алматы,43.211056708933,76.85806289618,2021,1601.0,4.0,13.0,3.0,4.0,3.0,2.0,0.0,2.0
29000000,2,45,алматы,43.224407,76.892986,1961,193.0,4.0,6.0,2.0,1.0,2.0,2.0,0.0,2.0
36500000,1,41,алматы,43.252504,76.907179,1973,1701.0,3.0,5.0,1.0,2.0,2.0,2.0,0.0,2.0
19450000,1,30,алматы,43.286933,77.004107,2019,1099.0,7.0,9.0,3.0,1.0,1.0,2.0,0.0,2.0
19000000,1,40,алматы,43.355931,76.920941,2009,1959.0,5.0,6.0,3.0,1.0,2.0,2.0,0.0,2.0
27500000,1,33,алматы,43.246970041536,76.852302446655,2021,2129.0,3.0,9.0,3.0,2.0,2.0,2.0,0.0,2.0
16999999,1,19,алматы,43.25991,76.922558,1976,2226.0,4.0,5.0,1.0,1.0,2.0,2.0,0.0,1.0
17000000,1,23,алматы,43.22329,76.897073,1983,1601.0,4.0,5.0,2.0,4.0,2.0,2.0,0.0,1.0
35000000,2,55,алматы,43.266703547161,76.820246998224,2020,1117.0,1.0,12.0,3.0,2.0,1.0,2.0,0.0,2.0
65000000,3,135,алматы,43.244025184175,76.876788876034,2011,640.0,13.0,19.0,3.0,2.0,1.0,3.0,0.0,2.0
21500000,1,33,алматы,43.237833,76.84074,1976,1320.0,3.0,5.0,2.0,4.0,2.0,2.0,0.0,2.0
59000000,2,62,алматы,43.231211706842,76.884295136245,2016,1632.0,2.0,17.0,3.0,1.0,2.0,2.0,0.0,2.0
20500000,1,31,алматы,43.314392870365,76.896888141299,2022,2036.0,1.0,5.0,3.0,1.0,2.0,2.0,0.0,2.0
26999995,1,33,алматы,43.262444,76.960476,1986,2495.0,5.0,5.0,1.0,1.0,1.0,2.0,0.0,2.0
41500000,2,56,алматы,43.200254,76.878244,1977,2333.0,6.0,8.0,2.0,1.0,2.0,1.0,0.0,2.0
42000000,3,76,алматы,43.213914774889,76.789336410704,2018,1601.0,8.0,9.0,3.0,1.0,2.0,3.0,0.0,2.0
29000000,2,58,алматы,43.24727,76.840245,1975,461.0,3.0,3.0,1.0,1.0,1.0,1.0,0.0,2.0
30500000,3,61,алматы,43.321881635239,76.916427710312,1983,1601.0,5.0,5.0,2.0,2.0,2.0,1.0,0.0,2.0
32000000,1,32,алматы,43.196337,76.906981,1977,3293.0,1.0,5.0,2.0,1.0,2.0,2.0,0.0,2.0
46000000,3,54,алматы,43.243632,76.945025,1959,52.0,4.0,4.0,1.0,4.0,3.0,2.0,0.0,2.0
16000000,1,30,алматы,43.305332,77.00479,2016,1601.0,1.0,2.0,3.0,1.0,2.0,2.0,0.0,2.0
35000000,3,70,алматы,43.363921,76.993615,1982,3417.0,1.0,3.0,1.0,1.0,2.0,1.0,0.0,2.0
29500000,2,43,алматы,43.225471,76.892123,1961,1812.0,3.0,4.0,2.0,2.0,2.0,2.0,0.0,2.0
49000000,2,50,алматы,43.263411148412,76.932267657507,2024,2758.0,8.0,10.0,3.0,4.0,2.0,2.0,0.0,2.0
42000000,1,38,алматы,43.246285373798,76.924051217696,2025,1536.0,12.0,12.0,3.0,2.0,1.0,2.0,0.0,2.0
27000000,1,35,алматы,43.261104418202,76.930300914253,1974,3311.0,3.0,5.0,2.0,2.0,2.0,2.0,0.0,2.0
57000000,2,60,алматы,43.217942866354,76.903020324888,2023,2627.0,4.0,17.0,3.0,1.0,2.0,2.0,0.0,2.0
46700000,4,78,алматы,43.255807024623,76.885812512018,1979,601.0,5.0,5.0,2.0,2.0,1.0,1.0,0.0,2.0
29500000,2,46,алматы,43.248912,76.889841,1978,1165.0,5.0,5.0,2.0,1.0,2.0,2.0,0.0,2.0
51000000,3,75,алматы,43.267112,76.952975,1981,1601.0,2.0,5.0,1.0,1.0,2.0,1.0,0.0,2.0
66000000,1,51,алматы,43.211365939247,76.897194385529,2021,1125.0,16.0,16.0,3.0,1.0,1.0,2.0,0.0,2.0
68500000,4,80,алматы,43.229255,76.95417,1990,1601.0,7.0,9.0,3.0,1.0,1.0,2.0,0.0,2.0
52000000,2,60,алматы,43.205809350259,76.887233132229,2016,123.0,6.0,16.0,3.0,1.0,2.0,2.0,0.0,2.0
15500000,1,20,алматы,43.224249,76.90037,1977,2328.0,5.0,5.0,2.0,1.0,2.0,2.0,0.0,1.0
29500000,2,56,алматы,43.260790445558,76.823456661376,2019,1004.0,10.0,12.0,3.0,1.0,2.0,2.0,0.0,2.0
40300000,2,61,алматы,43.288455087187,76.988109140778,2018,934.0,5.0,9.0,3.0,1.0,1.0,2.0,0.0,2.0
54999900,3,100,алматы,43.236661809115,76.881581654828,2024,2555.0,9.0,20.0,3.0,6.0,2.0,2.0,0.0,2.0
34500000,2,41,алматы,43.257126,76.949301,1967,296.0,4.0,4.0,1.0,1.0,2.0,2.0,0.0,2.0
41000000,2,67,алматы,43.249614,76.870429,2007,2107.0,7.0,9.0,3.0,1.0,2.0,1.0,0.0,2.0
65000000,3,80,алматы,43.221845,76.852121,2021,1462.0,12.0,13.0,3.0,1.0,2.0,2.0,0.0,2.0
28100000,1,33,алматы,43.266683490368,76.81932526347,2024,2611.0,7.0,12.0,2.0,1.0,2.0,2.0,0.0,2.0
41500000,3,60,алматы,43.266119359767,76.936404852091,1972,1601.0,4.0,5.0,3.0,1.0,2.0,1.0,0.0,2.0
31000000,2,58,алматы,43.226673,76.845222,2010,822.0,6.0,6.0,3.0,1.0,1.0,1.0,0.0,2.0
26000000,2,58,алматы,43.322581807275,77.028633381616,2020,624.0,7.0,12.0,3.0,4.0,2.0,1.0,0.0,2.0
55000000,3,83,алматы,43.218613689739,76.897302151023,1973,313.0,5.0,5.0,1.0,2.0,2.0,2.0,0.0,2.0
76000000,3,85,алматы,43.211532508786,76.849017840717,2022,489.0,5.0,20.0,3.0,1.0,1.0,2.0,0.0,2.0
23000000,2,60,алматы,43.231396,76.755121,2014,1972.0,6.0,9.0,3.0,1.0,2.0,2.0,0.0,2.0
32000000,3,76,алматы,43.221705980823,76.786440765848,2019,1124.0,6.0,6.0,3.0,1.0,2.0,2.0,0.0,2.0
33000000,2,40,алматы,43.224417890887,76.890944093254,1969,3319.0,2.0,4.0,1.0,1.0,3.0,2.0,0.0,2.0
34000000,3,60,алматы,43.211622,76.859658,1975,779.0,3.0,4.0,2.0,1.0,1.0,2.0,0.0,2.0
34500000,2,49,алматы,43.237878834737,76.90525241468,1981,670.0,1.0,4.0,2.0,2.0,1.0,2.0,0.0,2.0
32000000,2,46,алматы,43.222991009045,76.896706490736,1986,1601.0,5.0,5.0,1.0,1.0,2.0,2.0,0.0,2.0
21000000,1,35,алматы,43.230566247582,76.783384024467,2020,1209.0,5.0,9.0,3.0,2.0,2.0,2.0,0.0,2.0
57000000,3,76,алматы,43.239206,76.833095,1989,1601.0,4.0,5.0,3.0,2.0,1.0,1.0,0.0,2.0
65000000,3,80,алматы,43.231198493473,76.875074249725,2017,751.0,1.0,12.0,3.0,2.0,2.0,1.0,0.0,2.0
53000000,3,74,алматы,43.222541,76.83791,1990,1689.0,3.0,9.0,2.0,2.0,3.0,1.0,0.0,2.0
54000000,2,80,алматы,43.220997,76.843174,2018,1495.0,8.0,9.0,3.0,1.0,2.0,1.0,0.0,2.0
36000000,2,45,алматы,43.259671190969,76.934242965606,1968,1601.0,4.0,5.0,1.0,2.0,2.0,1.0,0.0,2.0
27000000,2,46,алматы,43.25271632242,76.863202492565,2024,2523.0,1.0,13.0,3.0,1.0,2.0,2.0,0.0,2.0
14800000,1,38,алматы,43.356337,76.922531,2021,1601.0,1.0,9.0,3.0,6.0,3.0,2.0,0.0,2.0
40500000,2,60,алматы,43.233537,76.892815,1986,1601.0,8.0,9.0,1.0,2.0,2.0,1.0,0.0,2.0
35000000,2,52,алматы,43.273102702664,76.814599024015,2024,2147.0,1.0,12.0,3.0,5.0,2.0,2.0,0.0,2.0
38000000,3,60,алматы,43.261033,76.91839,1978,1601.0,2.0,5.0,2.0,2.0,1.0,2.0,0.0,2.0
24500000,1,40,алматы,43.235197389985,76.839842966934,1984,3006.0,9.0,9.0,2.0,1.0,2.0,2.0,0.0,2.0
36500000,2,52,алматы,43.222851668705,76.897856121072,1987,1433.0,4.0,5.0,2.0,1.0,1.0,1.0,0.0,2.0
72000000,3,90,алматы,43.264647548148,76.963307264544,1971,2319.0,3.0,5.0,1.0,2.0,2.0,2.0,0.0,2.0
29500000,2,46,алматы,43.248912,76.889841,1978,1117.0,5.0,5.0,2.0,1.0,2.0,2.0,0.0,2.0
23000000,2,47,алматы,43.210636437991,76.784398661546,2025,3172.0,8.0,9.0,3.0,6.0,2.0,2.0,0.0,2.0
17500000,1,38,алматы,43.230324044112,76.783371873326,2024,1509.0,7.0,9.0,3.0,1.0,2.0,2.0,0.0,2.0
60000000,3,104,алматы,43.212400144585,76.980832743642,2025,5.0,2.0,9.0,2.0,6.0,2.0,2.0,0.0,2.0
37000000,2,65,алматы,43.245000760889,76.876989186782,2012,3313.0,12.0,18.0,3.0,1.0,1.0,2.0,0.0,2.0
20500000,1,30,алматы,43.339191887615,76.952357504299,1960,1846.0,2.0,3.0,1.0,2.0,2.0,2.0,0.0,2.0
30555000,2,39,алматы,43.228243,76.915228,1963,2199.0,1.0,4.0,1.0,2.0,2.0,2.0,0.0,2.0
63000000,3,84,алматы,43.267022665806,76.94476446102,1977,20.0,3.0,9.0,2.0,4.0,2.0,1.0,0.0,2.0
61000000,2,78,алматы,43.262232879475,76.917781620405,2020,1542.0,7.0,13.0,3.0,1.0,2.0,2.0,0.0,2.0
48000000,2,62,алматы,43.267796317297,76.925256130626,2024,2505.0,4.0,12.0,3.0,6.0,3.0,2.0,0.0,2.0
35000000,3,76,алматы,43.307464,76.839769,2015,872.0,1.0,5.0,3.0,1.0,2.0,1.0,0.0,2.0
15000000,2,43,алматы,43.319710087159,76.987119912992,2024,2663.0,6.0,9.0,3.0,6.0,2.0,2.0,0.0,2.0
21500000,1,33,алматы,43.343524352884,76.984404220833,1977,16.0,3.0,3.0,1.0,2.0,2.0,2.0,0.0,2.0
82000000,3,68,алматы,43.216799,76.963737,1970,2330.0,2.0,4.0,1.0,2.0,2.0,2.0,1.0,2.0
53000000,2,65,алматы,43.230240733539,76.879911637995,2020,983.0,11.0,12.0,3.0,1.0,1.0,1.0,1.0,2.0
62000000,3,75,алматы,43.23720638941,76.893759907419,2016,876.0,13.0,18.0,3.0,1.0,2.0,2.0,0.0,2.0
33000000,2,60,алматы,43.263527,76.82218,2019,1401.0,10.0,12.0,3.0,1.0,1.0,3.0,0.0,2.0
35000000,3,59,алматы,43.252668,76.872163,1973,2375.0,1.0,4.0,1.0,1.0,1.0,2.0,0.0,2.0
82000000,3,77,алматы,43.197542738429,76.895292330433,2020,1478.0,12.0,14.0,3.0,1.0,1.0,3.0,0.0,2.0
36000000,2,53,алматы,43.249825,76.871704,1989,1601.0,4.0,6.0,2.0,1.0,2.0,2.0,0.0,2.0
42000000,3,95,алматы,43.29567538788,76.831488723779,2024,2690.0,3.0,5.0,3.0,5.0,2.0,2.0,0.0,2.0
23000000,2,41,алматы,43.319404050079,76.840752887132,2019,290.0,5.0,5.0,3.0,1.0,2.0,2.0,0.0,2.0
41990000,2,50,алматы,43.26461,76.962991,1977,2236.0,4.0,5.0,1.0,4.0,1.0,1.0,0.0,2.0
50000000,2,52,алматы,43.205707120483,76.886336803436,2015,123.0,12.0,15.0,3.0,2.0,2.0,2.0,0.0,2.0
84900000,3,110,алматы,43.259365,76.942429,1965,2009.0,2.0,7.0,1.0,2.0,2.0,1.0,0.0,2.0
65000000,1,50,алматы,43.207909039956,76.895041477282,2021,1481.0,4.0,17.0,3.0,1.0,1.0,2.0,0.0,2.0
77000000,2,70,алматы,43.208869,76.895016,2021,3070.0,4.0,6.0,3.0,2.0,1.0,2.0,0.0,2.0
35500000,3,76,алматы,43.265765990798,76.899751875098,2008,71.0,8.0,8.0,3.0,1.0,2.0,2.0,0.0,2.0
29500000,2,44,алматы,43.245208,76.890632,1977,2892.0,5.0,5.0,2.0,1.0,2.0,2.0,0.0,2.0
20000000,1,36,алматы,43.221705980823,76.786440765848,2019,1124.0,6.0,6.0,3.0,2.0,2.0,2.0,0.0,2.0
69000000,2,76,алматы,43.227798498906,76.88536594687,2025,607.0,2.0,9.0,3.0,5.0,2.0,2.0,0.0,2.0
42000000,2,58,алматы,43.182918131032,76.856757032854,2023,1898.0,3.0,3.0,3.0,1.0,2.0,2.0,0.0,2.0
77500000,4,115,алматы,43.21372086614,76.873955726624,2018,1060.0,2.0,17.0,3.0,2.0,2.0,3.0,0.0,2.0
55000000,3,86,алматы,43.248187186575,76.853275170877,2022,2129.0,9.0,10.0,3.0,1.0,3.0,2.0,0.0,2.0
27500000,2,48,алматы,43.241439,76.810278,2020,871.0,9.0,10.0,3.0,1.0,2.0,2.0,0.0,2.0
29500000,2,55,алматы,43.272435,76.892806,2015,2503.0,1.0,9.0,3.0,2.0,2.0,2.0,0.0,2.0
30500000,2,46,алматы,43.226673,76.845222,1991,1097.0,9.0,12.0,3.0,1.0,2.0,2.0,0.0,2.0
42000000,2,63,алматы,43.16974607729,76.872367858887,2010,120.0,8.0,10.0,3.0,2.0,3.0,2.0,0.0,2.0
19500000,1,35,алматы,43.361614,76.992025,1989,1495.0,2.0,5.0,2.0,1.0,2.0,2.0,0.0,2.0
34500000,3,58,алматы,43.224013,76.892321,1966,2080.0,2.0,4.0,1.0,2.0,1.0,1.0,0.0,2.0
38000000,2,54,алматы,43.2549,76.870231,1988,1849.0,3.0,5.0,2.0,1.0,1.0,1.0,0.0,2.0
60000000,2,52,алматы,43.229800361494,76.954505457672,1991,1601.0,5.0,5.0,1.0,1.0,2.0,1.0,0.0,2.0
30800000,2,44,алматы,43.248367,76.890524,1977,2072.0,1.0,5.0,2.0,1.0,2.0,2.0,0.0,2.0
26700000,1,40,алматы,43.207381695114,76.788836474522,2021,1785.0,1.0,9.0,3.0,2.0,1.0,2.0,0.0,2.0
41000000,2,58,алматы,43.221009696864,76.886923955006,2023,1959.0,3.0,14.0,3.0,6.0,3.0,2.0,0.0,2.0
32500000,2,43,алматы,43.261061924766,76.92513150212,1975,1601.0,5.0,5.0,2.0,1.0,2.0,2.0,0.0,2.0
53500000,3,130,алматы,43.22197,76.794342,2012,92.0,9.0,16.0,3.0,1.0,2.0,3.0,0.0,2.0
47500000,2,51,алматы,43.236044543786,76.88819016606,2018,997.0,7.0,9.0,3.0,1.0,1.0,2.0,0.0,2.0
35500000,2,60,алматы,43.248945,76.866809,2015,52.0,9.0,15.0,3.0,1.0,2.0,2.0,0.0,2.0
40000000,2,63,алматы,43.241340485664,76.810090851075,2010,11.0,4.0,9.0,3.0,1.0,1.0,2.0,0.0,2.0
48000000,2,49,алматы,43.26923458032,76.946036133428,2024,1440.0,10.0,16.0,3.0,1.0,1.0,2.0,0.0,2.0
30500000,2,72,алматы,43.322654473039,77.017905275369,2025,1549.0,3.0,9.0,3.0,6.0,2.0,1.0,0.0,2.0
35500000,3,54,алматы,43.237817312272,76.832046094581,1982,433.0,1.0,5.0,2.0,2.0,2.0,2.0,0.0,2.0
32000000,1,41,алматы,43.235613,76.831756,1988,1417.0,6.0,9.0,2.0,1.0,2.0,2.0,0.0,2.0
19000000,1,40,алматы,43.356026902296,76.921222631947,2009,444.0,5.0,6.0,3.0,1.0,2.0,2.0,0.0,2.0
29500000,2,40,алматы,43.213665,76.887757,1962,2774.0,3.0,3.0,1.0,2.0,1.0,2.0,0.0,2.0
56000000,2,75,алматы,43.199998640021,76.890745616691,2014,72.0,18.0,25.0,3.0,1.0,2.0,2.0,0.0,2.0
43000000,3,75,алматы,43.212082415388,76.792831277386,2019,1959.0,6.0,9.0,3.0,1.0,2.0,1.0,0.0,2.0
46000000,4,82,алматы,43.199918,76.841476,1994,323.0,5.0,5.0,1.0,1.0,1.0,1.0,0.0,2.0
15900000,1,33,алматы,43.208753104049,76.784228201037,2025,2218.0,9.0,9.0,3.0,1.0,2.0,2.0,0.0,2.0
66500000,3,75,алматы,43.217588011385,76.878253893997,2025,3426.0,5.0,9.0,3.0,1.0,2.0,2.0,0.0,2.0
47000000,3,91,алматы,43.307503959628,76.901038607269,1974,1124.0,1.0,3.0,2.0,1.0,2.0,1.0,0.0,2.0
85000000,3,133,алматы,43.242596250605,76.875983722435,2011,640.0,18.0,20.0,3.0,1.0,1.0,2.0,0.0,2.0
64000000,2,69,алматы,43.201283503691,76.901781243169,2023,2080.0,19.0,20.0,3.0,6.0,2.0,2.0,0.0,2.0
57000000,4,82,алматы,43.227902,76.888772,1990,2652.0,5.0,5.0,2.0,1.0,2.0,1.0,0.0,2.0
35000000,2,65,алматы,43.20718,76.787101,2021,1305.0,2.0,10.0,3.0,1.0,2.0,2.0,0.0,2.0
29500000,2,42,алматы,43.209657,76.86954,1962,1886.0,2.0,4.0,1.0,1.0,2.0,2.0,0.0,2.0
38500000,2,45,алматы,43.217588011385,76.878253893997,2025,3426.0,5.0,9.0,3.0,4.0,2.0,2.0,0.0,2.0
82000000,3,77,алматы,43.197542738429,76.895292330433,2020,1478.0,12.0,14.0,3.0,1.0,1.0,3.0,0.0,2.0
28000000,1,30,алматы,43.214421,76.894306,1984,2425.0,1.0,5.0,2.0,2.0,2.0,2.0,0.0,2.0
17000000,1,23,алматы,43.243205,76.882835,1977,864.0,3.0,4.0,2.0,2.0,1.0,2.0,0.0,2.0
40000000,2,71,алматы,43.247017099748,76.853418245605,2020,2129.0,2.0,10.0,3.0,6.0,2.0,2.0,0.0,2.0
33000000,2,43,алматы,43.24439611484,76.901726533729,1978,640.0,3.0,5.0,2.0,1.0,2.0,2.0,0.0,2.0
57000000,3,73,алматы,43.256187,76.92334,1967,2543.0,3.0,4.0,1.0,1.0,2.0,1.0,0.0,2.0
63000000,4,85,алматы,43.210577,76.915749,1989,1171.0,9.0,12.0,3.0,1.0,1.0,1.0,0.0,2.0
30000000,2,64,алматы,43.35816,76.92351,2010,2099.0,5.0,6.0,3.0,2.0,1.0,1.0,0.0,2.0
37000000,4,75,алматы,43.252484,76.872773,1981,2524.0,4.0,5.0,2.0,4.0,2.0,1.0,0.0,2.0
51500000,3,75,алматы,43.24105516015,76.902970001327,1975,349.0,5.0,5.0,1.0,2.0,2.0,1.0,0.0,2.0
30500000,2,53,алматы,43.242065772673,76.833464305557,2000,1625.0,1.0,12.0,3.0,1.0,2.0,1.0,0.0,2.0
82000000,3,82,алматы,43.200182245275,76.901470035822,2023,2080.0,14.0,20.0,3.0,1.0,2.0,2.0,0.0,2.0
64500000,3,88,алматы,43.274502302328,76.815229655076,2024,2147.0,2.0,12.0,3.0,1.0,1.0,3.0,0.0,2.0
33800000,2,52,алматы,43.292701615927,77.008270938516,2022,1069.0,2.0,5.0,2.0,1.0,2.0,2.0,0.0,2.0
65000000,3,135,алматы,43.24418549372,76.875688047012,2011,640.0,16.0,20.0,3.0,1.0,2.0,2.0,0.0,2.0
22000000,1,43,алматы,43.304774,76.838952,2016,1249.0,4.0,5.0,3.0,1.0,1.0,2.0,0.0,2.0
59000000,2,62,алматы,43.231349216254,76.884026527296,2016,601.0,2.0,17.0,3.0,1.0,2.0,3.0,0.0,2.0
32000000,1,40,алматы,43.238174,76.873914,2012,401.0,20.0,22.0,3.0,1.0,2.0,2.0,0.0,2.0
36500000,1,48,алматы,43.214819466228,76.874148845673,2017,1060.0,7.0,17.0,3.0,2.0,1.0,2.0,0.0,2.0
33000000,2,38,алматы,43.230864,76.959371,1961,1011.0,1.0,3.0,1.0,1.0,2.0,2.0,0.0,2.0
51000000,2,51,алматы,43.216365806459,76.900631502145,2022,1987.0,2.0,12.0,3.0,1.0,2.0,2.0,0.0,2.0
80000000,3,89,алматы,43.206981097432,76.835113078706,2017,1093.0,8.0,9.0,3.0,1.0,2.0,1.0,0.0,2.0
40000000,1,40,алматы,43.231325668676,76.882417584496,2023,2618.0,4.0,6.0,3.0,1.0,2.0,2.0,0.0,2.0
20500000,1,36,алматы,43.232868,76.843533,1969,1601.0,1.0,4.0,2.0,1.0,2.0,2.0,0.0,2.0
25000000,1,44,алматы,43.251350595954,76.862613564364,2025,3177.0,5.0,13.0,3.0,6.0,2.0,2.0,0.0,2.0
17500000,1,40,алматы,43.209059541386,76.7845168711,2025,3172.0,4.0,9.0,3.0,1.0,2.0,2.0,0.0,2.0
14000000,1,17,алматы,43.222114,76.857808,1974,1117.0,2.0,4.0,2.0,1.0,2.0,2.0,0.0,1.0
33000000,2,40,алматы,43.224565,76.890928,1969,986.0,2.0,4.0,1.0,2.0,2.0,2.0,0.0,2.0
77000000,3,112,алматы,43.224119594692,76.842063640198,2005,524.0,2.0,3.0,2.0,1.0,2.0,2.0,0.0,2.0
28463900,1,42,алматы,43.261494803805,76.899913108869,2025,1992.0,7.0,15.0,3.0,6.0,2.0,2.0,0.0,2.0
25600000,1,30,алматы,43.199432,76.872603,1976,2335.0,1.0,5.0,2.0,1.0,2.0,2.0,0.0,2.0
83000000,3,65,алматы,43.247981352907,76.911914101033,1970,1791.0,1.0,5.0,1.0,1.0,1.0,1.0,0.0,2.0
84000000,2,56,алматы,43.228303619182,76.940677773393,2023,2031.0,4.0,21.0,3.0,1.0,2.0,2.0,0.0,2.0
23000000,1,33,алматы,43.220038,76.870842,1975,1601.0,4.0,4.0,2.0,2.0,2.0,2.0,0.0,2.0
65000000,3,85,алматы,43.212320281849,76.855769983098,2020,2308.0,13.0,13.0,3.0,1.0,1.0,3.0,0.0,2.0
28000000,2,55,алматы,43.278697,76.827031,2014,193.0,4.0,6.0,2.0,1.0,2.0,2.0,0.0,2.0
42000000,3,62,алматы,43.261833,76.918462,1973,92.0,5.0,5.0,2.0,1.0,1.0,1.0,0.0,2.0
25500000,1,35,алматы,43.218649457749,76.839737397484,1990,1428.0,5.0,5.0,1.0,2.0,2.0,2.0,0.0,2.0
18500000,2,40,алматы,43.323675916667,76.838927863754,2018,3026.0,5.0,5.0,3.0,2.0,2.0,2.0,0.0,2.0
39500000,2,61,алматы,43.266035,76.892159,2014,1615.0,6.0,9.0,2.0,1.0,2.0,1.0,0.0,2.0
63000000,3,82,алматы,43.218632,76.898259,1984,187.0,2.0,5.0,1.0,1.0,2.0,1.0,0.0,2.0
67500000,3,75,алматы,43.216936448274,76.877773547851,2025,3426.0,4.0,9.0,3.0,1.0,2.0,2.0,0.0,2.0
38500000,3,58,алматы,43.25385,76.919971,1973,2200.0,4.0,4.0,2.0,2.0,2.0,2.0,0.0,2.0
40000000,2,63,алматы,43.307149,76.923286,2006,1298.0,4.0,5.0,3.0,1.0,1.0,1.0,0.0,2.0
47000000,2,47,алматы,43.214420814818,76.890798099582,2022,1935.0,8.0,13.0,3.0,1.0,1.0,2.0,0.0,2.0
42900000,2,61,алматы,43.226686000433,76.83406112632,1992,225.0,1.0,9.0,3.0,2.0,2.0,1.0,0.0,2.0
22500000,2,48,алматы,43.296536621821,76.831603690379,2024,3245.0,3.0,5.0,3.0,6.0,2.0,2.0,0.0,2.0
39900000,3,71,алматы,43.253451463131,76.884472943793,1980,380.0,5.0,5.0,2.0,1.0,2.0,1.0,0.0,2.0
37000000,3,70,алматы,43.318483807055,77.028642858456,2020,269.0,8.0,12.0,2.0,1.0,1.0,1.0,0.0,2.0
15500000,1,28,алматы,43.221705980823,76.786440765848,2019,1124.0,1.0,9.0,3.0,1.0,1.0,2.0,0.0,2.0
71000000,2,70,алматы,43.207351631711,76.927940422418,2025,3040.0,1.0,3.0,3.0,1.0,2.0,1.0,0.0,2.0
35000000,3,71,алматы,43.332552,77.059219,1989,1601.0,3.0,5.0,1.0,1.0,2.0,1.0,0.0,2.0
18300000,1,40,алматы,43.356731,76.919207,2008,2308.0,6.0,6.0,3.0,2.0,2.0,2.0,0.0,2.0
68500000,2,138,алматы,43.244249058671,76.946737961971,1929,123.0,2.0,2.0,1.0,1.0,2.0,2.0,0.0,2.0
27000000,1,45,алматы,43.17461864823,76.800693417723,2024,1974.0,4.0,4.0,1.0,1.0,1.0,2.0,0.0,2.0
36500000,3,57,алматы,43.225819,76.892123,1961,871.0,2.0,4.0,2.0,1.0,2.0,2.0,0.0,2.0
30000000,1,41,алматы,43.260408426733,76.812959710942,2017,2070.0,3.0,9.0,3.0,1.0,2.0,2.0,0.0,2.0
38000000,3,63,алматы,43.315361008288,76.940505347924,1971,2974.0,1.0,4.0,1.0,4.0,2.0,1.0,0.0,2.0
25000000,2,42,алматы,43.208436297216,76.829527818455,2019,2839.0,1.0,3.0,1.0,1.0,2.0,2.0,0.0,2.0
23000000,1,38,алматы,43.31240074957,76.986280753792,2024,2236.0,9.0,9.0,3.0,1.0,1.0,2.0,0.0,2.0
34000000,1,47,алматы,43.249017,76.88508,1987,984.0,1.0,5.0,2.0,1.0,3.0,1.0,0.0,2.0
21500000,1,33,алматы,43.207180848185,76.787483780426,2020,2224.0,4.0,10.0,3.0,1.0,2.0,2.0,0.0,2.0
42000000,2,56,алматы,43.254238262023,76.946217321426,1943,1601.0,3.0,3.0,1.0,4.0,2.0,1.0,0.0,2.0
77000000,3,83,алматы,43.204913390049,76.886496041851,2015,123.0,16.0,18.0,3.0,1.0,2.0,2.0,0.0,2.0
35000000,1,43,алматы,43.274502302328,76.815229655076,2024,2147.0,5.0,12.0,3.0,1.0,1.0,2.0,0.0,2.0
22500000,2,37,алматы,43.317422396755,77.029936390212,2020,1601.0,10.0,10.0,3.0,1.0,1.0,2.0,0.0,2.0
60000000,2,93,алматы,43.237463238691,76.8835295397,2009,41.0,5.0,16.0,3.0,2.0,2.0,3.0,0.0,2.0
35500000,3,58,алматы,43.22802,76.8721,1965,1601.0,1.0,4.0,2.0,2.0,2.0,2.0,0.0,2.0
27500000,1,30,алматы,43.220749853315,76.956816850538,1965,2282.0,4.0,6.0,2.0,1.0,2.0,2.0,0.0,2.0
34900000,2,68,алматы,43.319710087159,76.987119912992,2023,2663.0,4.0,9.0,3.0,1.0,3.0,3.0,1.0,2.0
50000000,2,48,алматы,43.260264,76.960153,2016,1601.0,13.0,14.0,3.0,1.0,2.0,2.0,0.0,2.0
27500000,2,44,алматы,43.224124,76.895267,1961,1623.0,4.0,4.0,1.0,1.0,1.0,2.0,0.0,2.0
35700000,2,52,алматы,43.324249,76.922244,1985,1601.0,4.0,5.0,2.0,2.0,2.0,1.0,0.0,2.0
35500000,1,40,алматы,43.2488996427,76.911814177909,1983,3469.0,2.0,5.0,1.0,1.0,2.0,2.0,0.0,2.0
84500000,3,73,алматы,43.244497527438,76.923689246178,2021,1324.0,10.0,13.0,3.0,1.0,1.0,3.0,0.0,2.0
41900000,2,73,алматы,43.32221371554,76.897529009951,2023,2689.0,5.0,8.0,3.0,1.0,1.0,2.0,0.0,2.0
38000000,3,62,алматы,43.219874,76.874148,1974,1103.0,1.0,5.0,2.0,1.0,2.0,2.0,0.0,2.0
24500000,2,49,алматы,43.311616755929,76.998945145824,2020,424.0,1.0,2.0,1.0,1.0,1.0,2.0,0.0,2.0
35000000,2,50,алматы,43.236079596681,76.901506690117,1974,3312.0,1.0,4.0,2.0,1.0,1.0,2.0,0.0,2.0
32500000,2,53,алматы,43.242152051721,76.8329117705,1995,2375.0,6.0,12.0,2.0,1.0,2.0,2.0,0.0,2.0
47000000,3,64,алматы,43.245479794248,76.869882493618,2020,1418.0,1.0,10.0,3.0,1.0,1.0,2.0,0.0,2.0
65000000,2,70,алматы,43.238004,76.896228,2019,1051.0,12.0,16.0,3.0,6.0,2.0,2.0,0.0,2.0
58300000,3,81,алматы,43.272892550366,76.946388049484,2023,1822.0,9.0,13.0,3.0,1.0,2.0,2.0,0.0,2.0
35000000,1,40,алматы,43.199518,76.874426,1977,1976.0,7.0,8.0,2.0,1.0,2.0,2.0,0.0,2.0
35000000,3,60,алматы,43.235409,76.838161,1982,2125.0,4.0,5.0,2.0,1.0,2.0,1.0,0.0,2.0
28000000,1,40,алматы,43.305975,76.921947,2006,1601.0,5.0,5.0,2.0,1.0,1.0,2.0,0.0,2.0
26000000,2,60,алматы,43.221512724336,76.78803351702,2020,3470.0,10.0,10.0,3.0,1.0,2.0,2.0,0.0,2.0
34000000,2,50,алматы,43.237373,76.859514,1975,2375.0,3.0,5.0,1.0,1.0,1.0,1.0,0.0,1.0
61000000,3,96,алматы,43.28654,77.003802,2019,1601.0,4.0,5.0,3.0,1.0,1.0,1.0,0.0,2.0
70000000,2,97,алматы,43.220281,76.842204,2011,1493.0,5.0,11.0,3.0,1.0,1.0,3.0,0.0,2.0
31500000,1,41,алматы,43.266649473049,76.917676319515,2020,1522.0,12.0,13.0,3.0,2.0,2.0,1.0,0.0,2.0
40500000,2,56,алматы,43.268871,76.930607,2025,3414.0,6.0,12.0,3.0,1.0,2.0,2.0,0.0,2.0
24500000,2,40,алматы,43.344295,77.008707,1963,62.0,1.0,3.0,1.0,2.0,2.0,2.0,0.0,2.0
70000000,3,65,алматы,43.224052,76.960036,1976,719.0,2.0,5.0,2.0,1.0,2.0,2.0,0.0,2.0
17000000,1,28,алматы,43.217423931401,76.780133272525,2022,1124.0,5.0,10.0,3.0,1.0,1.0,2.0,0.0,2.0
31000000,3,75,алматы,43.368889129714,76.939668549599,1987,1601.0,2.0,2.0,1.0,2.0,2.0,1.0,0.0,2.0
26500000,1,44,алматы,43.184328,76.814536,2025,3177.0,11.0,13.0,2.0,6.0,2.0,2.0,0.0,2.0
39000000,3,65,алматы,43.210284258994,76.873084837958,1989,1601.0,5.0,5.0,2.0,1.0,2.0,1.0,0.0,2.0
80000000,2,74,алматы,43.187913003857,76.866885219851,2008,103.0,1.0,7.0,3.0,1.0,2.0,2.0,0.0,2.0
35000000,2,61,алматы,43.21833,76.771749,2021,2269.0,7.0,10.0,3.0,1.0,1.0,2.0,0.0,2.0
60000000,2,56,алматы,43.226717269996,76.937085340764,2025,1475.0,7.0,16.0,3.0,1.0,2.0,2.0,0.0,2.0
26000000,1,44,алматы,43.312148,76.975244,2016,1601.0,1.0,9.0,3.0,1.0,2.0,2.0,0.0,2.0
17500000,1,27,алматы,43.221705980823,76.786440765848,2019,1124.0,6.0,10.0,3.0,1.0,1.0,2.0,0.0,2.0
24500000,1,33,алматы,43.322295,76.916432,1986,899.0,5.0,5.0,2.0,1.0,2.0,2.0,0.0,2.0
26000000,1,38,алматы,43.308514,77.008419,2024,908.0,7.0,7.0,2.0,1.0,2.0,2.0,0.0,2.0
30900000,2,70,алматы,43.221705980823,76.786440765848,2019,1124.0,3.0,10.0,3.0,1.0,2.0,2.0,0.0,2.0
32500000,2,58,алматы,43.305148,76.924507,2006,984.0,3.0,5.0,3.0,2.0,2.0,1.0,0.0,2.0
44700000,2,41,алматы,43.233894267748,76.875101566839,2022,1206.0,14.0,16.0,3.0,1.0,1.0,2.0,0.0,2.0
63000000,2,79,алматы,43.212024079745,76.855072975159,2021,1820.0,9.0,13.0,3.0,1.0,1.0,3.0,0.0,2.0
27000000,1,33,алматы,43.262470431274,76.924495722177,1974,1821.0,3.0,5.0,2.0,1.0,2.0,2.0,0.0,2.0
42000000,3,58,алматы,43.269429,76.943579,1968,2758.0,4.0,4.0,2.0,2.0,1.0,2.0,0.0,2.0
46500000,2,62,алматы,43.252468710716,76.906948330024,1973,1689.0,3.0,5.0,1.0,1.0,2.0,2.0,0.0,2.0
30500000,2,58,алматы,43.2536,76.795411,2019,1601.0,11.0,12.0,3.0,1.0,2.0,2.0,0.0,2.0
25500000,1,40,алматы,43.24247,76.837281,1984,475.0,7.0,9.0,2.0,2.0,2.0,2.0,0.0,2.0
43500000,2,66,алматы,43.221786,76.784173,2019,1124.0,4.0,9.0,3.0,1.0,1.0,2.0,0.0,2.0
24000000,1,39,алматы,43.260503549015,76.82140531891,2019,636.0,9.0,12.0,3.0,1.0,1.0,2.0,0.0,2.0
37500000,3,60,алматы,43.244827,76.890677,1977,1601.0,1.0,5.0,2.0,1.0,2.0,1.0,0.0,2.0
14500000,1,20,алматы,43.214280045905,76.870017037048,1970,159.0,3.0,4.0,1.0,2.0,2.0,2.0,0.0,2.0
52000000,3,106,алматы,43.229518,76.832152,2004,1032.0,9.0,10.0,3.0,4.0,2.0,1.0,0.0,2.0
41000000,2,98,алматы,43.223901,76.793695,2015,92.0,11.0,16.0,3.0,1.0,2.0,2.0,0.0,2.0
45000000,3,72,алматы,43.2549,76.870231,1986,1256.0,1.0,5.0,2.0,2.0,2.0,1.0,0.0,2.0
54000000,2,55,алматы,43.206632334711,76.884845495224,2015,123.0,3.0,18.0,3.0,1.0,2.0,2.0,0.0,2.0
64000000,2,82,алматы,43.213500595428,76.888013962993,2018,996.0,10.0,12.0,3.0,1.0,2.0,2.0,0.0,2.0
20800000,1,40,алматы,43.322414385457,77.018027093278,2024,1866.0,6.0,10.0,3.0,4.0,2.0,2.0,0.0,2.0
46000000,2,52,алматы,43.263199,76.958706,1990,1069.0,4.0,5.0,1.0,1.0,2.0,1.0,0.0,2.0
27500000,2,46,алматы,43.229844445114,76.847957347221,1968,2668.0,2.0,4.0,2.0,1.0,1.0,2.0,0.0,2.0
35500000,2,44,алматы,43.250389,76.896507,1978,462.0,4.0,5.0,2.0,1.0,2.0,2.0,0.0,2.0
27000000,1,43,алматы,43.231395098128,76.831957121155,2017,957.0,6.0,10.0,3.0,1.0,2.0,2.0,0.0,2.0
27500000,1,33,алматы,43.246970041536,76.852302446655,2021,2129.0,3.0,9.0,3.0,1.0,2.0,2.0,0.0,2.0
40000000,3,63,алматы,43.266527,76.95081,1970,2627.0,1.0,4.0,2.0,1.0,2.0,2.0,0.0,2.0
54500000,3,74,алматы,43.202479303258,76.848193534424,2005,92.0,3.0,9.0,3.0,1.0,2.0,1.0,0.0,2.0
54500000,3,75,алматы,43.221116,76.847315,1993,2474.0,6.0,9.0,2.0,1.0,2.0,1.0,0.0,2.0
30000000,2,46,алматы,43.217345,76.780094,2023,2283.0,2.0,9.0,3.0,1.0,2.0,2.0,0.0,2.0
46500000,2,70,алматы,43.212226895423,76.843424889454,2015,512.0,16.0,17.0,3.0,1.0,2.0,1.0,0.0,2.0
30500000,2,62,алматы,43.213914774889,76.789336410704,2019,1064.0,7.0,9.0,3.0,2.0,2.0,1.0,0.0,2.0
49900000,3,91,алматы,43.215347361947,76.880843493499,2023,1770.0,10.0,16.0,3.0,6.0,2.0,2.0,0.0,2.0
35500000,1,40,алматы,43.248084,76.911841,1983,1483.0,2.0,5.0,1.0,1.0,2.0,2.0,0.0,2.0
84000000,3,62,алматы,43.240860155338,76.910290955363,2020,984.0,8.0,16.0,3.0,1.0,1.0,3.0,0.0,2.0
41000000,2,44,алматы,43.255577,76.910179,1985,1601.0,2.0,4.0,2.0,2.0,2.0,2.0,1.0,2.0
23999999,1,40,алматы,43.357439,76.918983,2009,997.0,3.0,6.0,3.0,1.0,1.0,2.0,0.0,2.0
31000000,2,40,алматы,43.265179638936,76.918001685368,2020,1522.0,4.0,12.0,3.0,2.0,1.0,2.0,0.0,2.0
75000000,2,100,алматы,43.197360534987,76.930502602193,2022,1944.0,3.0,5.0,3.0,1.0,2.0,3.0,0.0,2.0
39000000,2,58,алматы,43.168667079084,76.905237991299,2025,2029.0,2.0,3.0,3.0,5.0,2.0,2.0,0.0,2.0
35900000,3,72,алматы,43.265982229948,76.820343557749,2019,1117.0,10.0,12.0,3.0,2.0,2.0,1.0,0.0,2.0
46500000,3,88,алматы,43.329190252207,76.939827966339,2021,1689.0,10.0,10.0,3.0,1.0,2.0,3.0,0.0,2.0
54999995,3,75,алматы,43.213784,76.902364,1987,1601.0,2.0,9.0,2.0,1.0,1.0,2.0,0.0,2.0
38000000,2,45,алматы,43.22603,76.905095,1963,1602.0,4.0,4.0,1.0,1.0,2.0,2.0,0.0,2.0
42000000,2,56,алматы,43.221009696864,76.886923955006,2023,1959.0,9.0,14.0,3.0,1.0,2.0,2.0,0.0,2.0
36000000,2,69,алматы,43.231298,76.801106,2011,1812.0,6.0,9.0,3.0,1.0,1.0,1.0,0.0,2.0
36000000,1,34,алматы,43.23952968808,76.931593025795,1964,939.0,3.0,4.0,1.0,2.0,2.0,2.0,0.0,2.0
37000000,1,35,алматы,43.229531529892,76.949032487102,1992,2077.0,4.0,6.0,1.0,2.0,2.0,2.0,0.0,2.0
60000000,3,89,алматы,43.219191,76.841979,2011,73.0,4.0,12.0,3.0,1.0,2.0,3.0,0.0,2.0
34700000,2,43,алматы,43.268316204567,76.947957437522,1972,916.0,4.0,4.0,2.0,2.0,1.0,2.0,0.0,2.0
35000000,2,63,алматы,43.312515,76.975577,2015,817.0,4.0,6.0,2.0,1.0,2.0,2.0,0.0,2.0
16000000,1,35,алматы,43.328604,76.963099,1965,2626.0,1.0,2.0,2.0,2.0,3.0,1.0,0.0,2.0
56000000,3,64,алматы,43.214554970986,76.890046925867,2022,1935.0,4.0,13.0,3.0,1.0,2.0,2.0,0.0,2.0
41000000,2,62,алматы,43.215647918795,76.850220753303,2009,2067.0,3.0,4.0,1.0,2.0,2.0,2.0,0.0,2.0
32500000,2,62,алматы,43.241340485664,76.810090851075,2021,11.0,4.0,16.0,3.0,1.0,1.0,2.0,0.0,2.0
53900000,2,62,алматы,43.217666237137,76.878342558262,2025,3426.0,6.0,9.0,3.0,1.0,2.0,2.0,0.0,2.0
60200000,2,68,алматы,43.23780449662,76.895804987117,2019,1051.0,7.0,16.0,3.0,1.0,2.0,2.0,0.0,2.0
77000000,3,112,алматы,43.224119594692,76.842063640198,2005,337.0,2.0,3.0,2.0,1.0,2.0,2.0,0.0,2.0
71500000,2,62,алматы,43.226717269996,76.937085340764,2020,1475.0,15.0,17.0,3.0,1.0,1.0,2.0,0.0,2.0
32000000,2,65,алматы,43.280117222949,76.820152278539,2014,1601.0,9.0,9.0,3.0,1.0,1.0,1.0,0.0,2.0
35000000,1,32,алматы,43.203012727103,76.873384364015,2021,1137.0,5.0,12.0,3.0,1.0,2.0,2.0,0.0,2.0
25000000,1,45,алматы,43.266703546156,76.819914404307,2021,1117.0,5.0,12.0,2.0,1.0,1.0,1.0,0.0,2.0
38000000,3,76,алматы,43.221504236338,76.786677220209,2019,1124.0,3.0,6.0,3.0,2.0,1.0,1.0,0.0,2.0
24500000,1,36,алматы,43.266351326694,76.892011874937,2015,3352.0,2.0,9.0,3.0,2.0,2.0,2.0,0.0,2.0
26000000,2,45,алматы,43.22257134199,76.853574937133,1965,1601.0,1.0,4.0,2.0,1.0,1.0,2.0,0.0,2.0
25500000,1,41,алматы,43.296108537832,76.979359388297,2022,1428.0,2.0,9.0,3.0,1.0,2.0,2.0,0.0,2.0
59000000,3,57,алматы,43.232045008173,76.831222312994,2021,957.0,3.0,10.0,3.0,1.0,1.0,2.0,0.0,2.0
11000000,1,35,алматы,43.267282487614,76.854794022802,2022,2204.0,1.0,6.0,3.0,1.0,2.0,2.0,0.0,2.0
65000000,3,71,алматы,43.213606,76.897423,1989,1601.0,4.0,5.0,2.0,2.0,1.0,1.0,0.0,2.0
70000000,4,117,алматы,43.267059,76.95496,1981,1601.0,2.0,5.0,1.0,2.0,2.0,3.0,0.0,2.0
83000000,2,115,алматы,43.235089287349,76.955640314589,2013,630.0,12.0,16.0,3.0,1.0,2.0,2.0,0.0,2.0
34500000,2,58,алматы,43.267322,76.820968,2020,1601.0,9.0,12.0,3.0,1.0,2.0,1.0,0.0,2.0
63000000,3,108,алматы,43.268832,76.947289,2017,1794.0,10.0,16.0,3.0,6.0,2.0,3.0,0.0,2.0
30000000,2,43,алматы,43.231882,76.894324,1961,1601.0,3.0,4.0,2.0,4.0,2.0,2.0,0.0,2.0
45000000,3,84,алматы,43.209224,76.79913,2021,1601.0,9.0,10.0,2.0,1.0,1.0,1.0,0.0,2.0
50500000,2,54,алматы,43.23979,76.948295,1979,2318.0,4.0,5.0,1.0,1.0,2.0,1.0,0.0,2.0
21500000,1,39,алматы,43.201443,76.870555,1982,2874.0,4.0,5.0,2.0,2.0,1.0,2.0,0.0,2.0
43500000,2,47,алматы,43.24643953013,76.914067865081,2019,534.0,13.0,13.0,3.0,1.0,1.0,1.0,0.0,2.0
60000000,2,48,алматы,43.249969,76.905158,1984,487.0,3.0,5.0,1.0,1.0,1.0,2.0,0.0,2.0
26000000,2,43,алматы,43.232546,76.844782,1975,1440.0,1.0,4.0,2.0,1.0,2.0,2.0,0.0,2.0
36000000,2,54,алматы,43.235751,76.820186,1994,1601.0,8.0,9.0,1.0,2.0,1.0,1.0,0.0,2.0
21500000,1,43,алматы,43.279905,76.82245,2014,871.0,3.0,9.0,3.0,1.0,1.0,2.0,0.0,2.0
68500000,2,70,алматы,43.205216710192,76.893489130639,2020,1552.0,10.0,18.0,3.0,1.0,1.0,2.0,0.0,2.0
24000000,2,42,алматы,43.352699517703,76.924242582659,1968,1124.0,1.0,3.0,2.0,1.0,2.0,2.0,0.0,2.0
36500000,2,54,алматы,43.231647902793,76.837002921384,1988,1171.0,4.0,9.0,2.0,1.0,2.0,1.0,0.0,2.0
51000000,3,82,алматы,43.235979400426,76.807987885711,2020,1171.0,12.0,12.0,3.0,1.0,1.0,3.0,0.0,2.0
28200000,1,40,алматы,43.22839116113,76.834392635904,1989,591.0,7.0,9.0,2.0,2.0,2.0,2.0,0.0,2.0
47000000,4,87,алматы,43.302839,76.92652,1989,1601.0,4.0,5.0,2.0,1.0,2.0,1.0,0.0,2.0
35700000,2,41,алматы,43.205557611472,76.905734701862,1987,1124.0,4.0,5.0,1.0,1.0,1.0,1.0,0.0,2.0
45000000,2,64,алматы,43.265179638936,76.918001685368,2024,1522.0,2.0,13.0,3.0,1.0,1.0,1.0,1.0,2.0
79000000,3,122,алматы,43.241858449489,76.877575055225,2011,1777.0,7.0,18.0,3.0,1.0,1.0,3.0,0.0,2.0
21500000,1,31,алматы,43.208087,76.788449,2020,1103.0,9.0,10.0,3.0,1.0,1.0,2.0,0.0,2.0
24500000,2,39,алматы,43.224506476295,76.895402593467,1961,269.0,1.0,4.0,1.0,1.0,2.0,2.0,0.0,2.0
53000000,2,44,алматы,43.221009696864,76.886923955006,2023,1959.0,14.0,16.0,3.0,1.0,1.0,2.0,0.0,2.0
17000000,1,27,алматы,43.222266740763,76.788026909169,2020,3470.0,4.0,10.0,3.0,1.0,2.0,2.0,0.0,2.0
30000000,1,41,алматы,43.241616,76.856047,1986,1601.0,1.0,5.0,3.0,1.0,2.0,1.0,0.0,2.0
49900000,3,63,алматы,43.229445,76.89948,1978,1098.0,2.0,5.0,2.0,1.0,2.0,2.0,0.0,2.0
49900000,2,70,алматы,43.21429763357,76.873102784157,2017,1060.0,15.0,17.0,3.0,1.0,2.0,1.0,0.0,2.0
46500000,2,48,алматы,43.203012727103,76.873384364015,2021,1137.0,5.0,12.0,3.0,1.0,1.0,2.0,1.0,2.0
34500000,2,40,алматы,43.256808415446,76.950057382942,1967,1601.0,4.0,4.0,1.0,1.0,2.0,2.0,0.0,2.0
35000000,2,43,алматы,43.225536592247,76.870198868445,1968,2377.0,4.0,4.0,2.0,1.0,2.0,2.0,0.0,2.0
25000000,1,31,алматы,43.226783171715,76.872953771828,1964,1055.0,1.0,4.0,2.0,1.0,2.0,2.0,0.0,2.0
31500000,2,53,алматы,43.33983,76.945681,1981,3014.0,3.0,4.0,1.0,4.0,2.0,1.0,0.0,2.0
54500000,3,70,алматы,43.22733,76.921175,1980,3191.0,5.0,5.0,1.0,2.0,2.0,2.0,1.0,2.0
18000000,2,36,алматы,43.255242,76.855822,1971,1601.0,2.0,2.0,1.0,4.0,3.0,2.0,0.0,1.0
39500000,2,57,алматы,43.216353,76.890048,2016,1601.0,1.0,12.0,3.0,2.0,1.0,2.0,0.0,2.0
31000000,2,52,алматы,43.236190446809,76.823751354839,1990,1601.0,2.0,5.0,2.0,1.0,2.0,1.0,0.0,2.0
27000000,2,42,алматы,43.229100585814,76.925339186508,1970,1588.0,1.0,4.0,2.0,2.0,2.0,2.0,0.0,2.0
35500000,2,56,алматы,43.269895,76.821426,2022,1117.0,2.0,12.0,3.0,1.0,2.0,2.0,0.0,2.0
25999999,1,31,алматы,43.264997481876,76.932424628311,1974,2911.0,2.0,4.0,2.0,2.0,2.0,2.0,0.0,2.0
35500000,2,65,алматы,43.217667,76.773878,2022,3346.0,10.0,10.0,3.0,1.0,2.0,2.0,0.0,2.0
59000000,2,64,алматы,43.217109632327,76.88161884243,2022,1817.0,2.0,10.0,3.0,1.0,2.0,2.0,0.0,2.0
39900000,3,92,алматы,43.305059721538,76.922351180565,2006,1428.0,9.0,9.0,3.0,2.0,2.0,1.0,0.0,2.0
19950000,1,32,алматы,43.217147,76.773932,2021,1976.0,7.0,10.0,3.0,1.0,2.0,2.0,0.0,2.0
50000000,2,76,алматы,43.245497,76.906254,1983,475.0,2.0,5.0,1.0,2.0,2.0,3.0,0.0,2.0
40500000,3,57,алматы,43.322662,76.909694,1985,1522.0,1.0,5.0,2.0,1.0,2.0,2.0,0.0,2.0
73500000,3,84,алматы,43.21232328927,76.854860476033,2021,1820.0,10.0,13.0,3.0,1.0,2.0,2.0,0.0,2.0
41500000,3,60,алматы,43.266114,76.936338,1972,1625.0,4.0,5.0,3.0,1.0,2.0,1.0,0.0,2.0
68000000,4,111,алматы,43.214217,76.792455,2023,2075.0,12.0,12.0,3.0,1.0,3.0,3.0,0.0,2.0
10000000,1,17,алматы,43.237420417084,76.859535450865,1971,1601.0,5.0,5.0,1.0,1.0,2.0,2.0,0.0,1.0
50000000,2,64,алматы,43.264236,76.940722,1961,1682.0,4.0,6.0,2.0,1.0,2.0,2.0,0.0,2.0
33500000,1,40,алматы,43.250854268672,76.88220928422,1987,166.0,3.0,9.0,2.0,2.0,1.0,2.0,0.0,2.0
35500000,2,60,алматы,43.210457772831,76.786192526408,2024,3225.0,7.0,9.0,3.0,1.0,1.0,2.0,0.0,2.0
43500000,2,47,алматы,43.246416,76.913746,2019,2844.0,13.0,13.0,3.0,1.0,2.0,2.0,0.0,2.0
38500000,3,75,алматы,43.30654980253,76.842040458999,2015,1955.0,2.0,5.0,3.0,2.0,2.0,1.0,0.0,2.0
39900000,2,55,алматы,43.226817324613,76.88111208725,1995,2600.0,3.0,9.0,2.0,1.0,1.0,1.0,0.0,2.0
33000000,2,63,алматы,43.207673841418,76.789635648431,2020,1785.0,5.0,9.0,3.0,1.0,2.0,2.0,0.0,2.0
38500000,2,66,алматы,43.243030947206,76.812381984919,2011,11.0,13.0,16.0,3.0,2.0,2.0,2.0,0.0,2.0
25490000,1,40,алматы,43.235308188115,76.809065353581,2020,1171.0,8.0,12.0,3.0,2.0,2.0,2.0,0.0,2.0
23000000,2,71,алматы,43.36442650125,76.929010661768,2024,2734.0,4.0,9.0,3.0,1.0,2.0,1.0,0.0,2.0
59900000,3,87,алматы,43.22036668305,76.842479441801,2016,1418.0,5.0,9.0,3.0,1.0,2.0,1.0,0.0,2.0
38500000,1,49,алматы,43.201834610417,76.873992997279,2012,113.0,1.0,16.0,3.0,1.0,2.0,2.0,0.0,2.0
54000000,2,56,алматы,43.207939093719,76.893121131283,2024,205.0,14.0,16.0,3.0,6.0,2.0,2.0,0.0,2.0
44500000,2,50,алматы,43.230513156281,76.927164449073,1987,822.0,3.0,5.0,1.0,1.0,1.0,1.0,0.0,2.0
52500000,3,70,алматы,43.200628,76.895294,1989,1118.0,4.0,5.0,1.0,2.0,1.0,3.0,0.0,2.0
28500000,2,63,алматы,43.355341,76.924274,2009,328.0,4.0,6.0,3.0,2.0,2.0,1.0,0.0,2.0
29000000,1,41,алматы,43.218021,76.897666,1963,1601.0,4.0,4.0,1.0,2.0,1.0,2.0,0.0,2.0
82000000,3,100,алматы,43.236716301955,76.879343032826,2022,1549.0,1.0,18.0,3.0,1.0,1.0,3.0,0.0,2.0
57000000,2,80,алматы,43.202407565482,76.873767691723,2011,113.0,14.0,17.0,3.0,2.0,1.0,1.0,0.0,2.0
26000000,1,32,алматы,43.265582,76.933778,1969,1044.0,2.0,4.0,2.0,1.0,2.0,2.0,0.0,2.0
30500000,2,53,алматы,43.242305,76.833239,2000,1601.0,1.0,12.0,3.0,1.0,2.0,1.0,0.0,2.0
33000000,2,62,алматы,43.229579151419,76.783269123202,2023,1821.0,6.0,9.0,3.0,1.0,2.0,2.0,0.0,2.0
40500000,3,69,алматы,43.235961,76.822252,1990,3171.0,3.0,5.0,1.0,1.0,2.0,2.0,0.0,2.0
58200000,2,71,алматы,43.231074642998,76.885882615934,2014,601.0,4.0,12.0,3.0,2.0,1.0,2.0,0.0,2.0
35000000,1,38,алматы,43.221897,76.959461,1985,2981.0,5.0,5.0,1.0,1.0,2.0,2.0,0.0,2.0
34000000,2,58,алматы,43.260503549015,76.82140531891,2018,636.0,11.0,12.0,3.0,1.0,2.0,3.0,1.0,2.0
46000000,2,50,алматы,43.21718899588,76.882405431744,2023,92.0,2.0,11.0,3.0,1.0,2.0,2.0,0.0,2.0
28000000,2,45,алматы,43.23005,76.847899,1965,1601.0,2.0,4.0,2.0,1.0,1.0,2.0,0.0,2.0
50000000,4,94,алматы,43.274502302328,76.815229655076,2024,2147.0,6.0,12.0,3.0,1.0,2.0,3.0,0.0,2.0
30000000,2,50,алматы,43.210145429049,76.787599508126,2024,3225.0,6.0,9.0,3.0,1.0,1.0,2.0,0.0,2.0
52500000,3,62,алматы,43.261833,76.918462,1973,475.0,1.0,5.0,2.0,1.0,2.0,2.0,0.0,2.0
47500000,2,48,алматы,43.200753894146,76.891166610367,2014,72.0,7.0,25.0,3.0,1.0,2.0,2.0,0.0,2.0
68000000,2,65,алматы,43.233894267748,76.875101566839,2020,1206.0,9.0,12.0,3.0,2.0,2.0,2.0,0.0,2.0
30500000,2,65,алматы,43.217767128209,76.77391476927,2020,1124.0,7.0,10.0,3.0,1.0,2.0,2.0,0.0,2.0
48500000,2,50,алматы,43.255689559328,76.964748501778,2020,1431.0,5.0,12.0,3.0,1.0,2.0,2.0,1.0,2.0
18000000,2,31,алматы,43.239711,76.884955,1979,349.0,1.0,5.0,2.0,2.0,2.0,2.0,0.0,1.0
43000000,2,64,алматы,43.288508,77.003829,2022,1420.0,7.0,7.0,3.0,1.0,1.0,2.0,0.0,2.0
34000000,2,72,алматы,43.320110310614,76.899967733523,2023,1938.0,6.0,8.0,3.0,1.0,2.0,2.0,1.0,2.0
46000000,4,82,алматы,43.199918,76.841476,1994,624.0,5.0,5.0,1.0,1.0,1.0,1.0,0.0,2.0
65000000,3,81,алматы,43.255215,76.904502,2005,321.0,9.0,6.0,2.0,1.0,2.0,2.0,0.0,2.0
18000000,1,35,алматы,43.338095084983,76.914399203704,1974,1893.0,1.0,2.0,2.0,1.0,2.0,1.0,0.0,2.0
34000000,2,57,алматы,43.266586,76.900064,2007,1601.0,9.0,9.0,2.0,1.0,2.0,1.0,0.0,2.0
17990000,1,30,алматы,43.237929844931,76.827145454932,2008,1601.0,6.0,10.0,3.0,1.0,2.0,2.0,0.0,2.0
14700000,2,38,алматы,43.365731834418,76.928858756801,2024,2734.0,7.0,9.0,3.0,6.0,3.0,1.0,0.0,2.0
30000000,1,51,алматы,43.327485204203,76.940595105586,2022,1689.0,1.0,10.0,3.0,1.0,1.0,2.0,0.0,2.0
52500000,2,44,алматы,43.240891529381,76.910119293987,2020,984.0,12.0,16.0,3.0,1.0,1.0,2.0,0.0,2.0
30500000,2,56,алматы,43.247368190294,76.852981045536,2021,2129.0,6.0,10.0,3.0,4.0,2.0,2.0,0.0,2.0
37500000,1,45,алматы,43.230028241857,76.876761868133,2025,1401.0,15.0,16.0,3.0,1.0,2.0,2.0,0.0,2.0
49900000,3,67,алматы,43.222673,76.890668,1991,1476.0,1.0,5.0,2.0,1.0,2.0,2.0,0.0,2.0
28000000,2,40,алматы,43.24224,76.832322,2018,995.0,8.0,10.0,3.0,1.0,1.0,2.0,0.0,2.0
26500000,2,44,алматы,43.292679384553,77.013974189649,2024,3136.0,1.0,6.0,3.0,1.0,2.0,2.0,0.0,2.0
47900000,2,56,алматы,43.268967369064,76.945720911026,2020,1440.0,7.0,10.0,3.0,2.0,2.0,2.0,0.0,2.0
31000000,2,42,алматы,43.231264266035,76.797298192978,2021,2599.0,12.0,12.0,3.0,1.0,1.0,2.0,0.0,2.0
34999999,2,62,алматы,43.326158,76.909083,2020,854.0,2.0,9.0,3.0,1.0,2.0,1.0,0.0,2.0
28000000,1,37,алматы,43.220557,76.845671,1991,3312.0,1.0,9.0,2.0,2.0,2.0,2.0,0.0,2.0
25000000,1,36,алматы,43.199816208416,76.843209530094,1984,113.0,3.0,5.0,1.0,2.0,1.0,1.0,0.0,2.0
25000000,1,32,алматы,43.219874,76.874148,1974,1601.0,5.0,5.0,2.0,1.0,2.0,2.0,0.0,2.0
44990000,3,65,алматы,43.227133403786,76.801954611292,2025,3392.0,10.0,12.0,3.0,1.0,2.0,2.0,0.0,2.0
41000000,2,50,алматы,43.219810988901,76.893823321633,2020,1727.0,3.0,10.0,3.0,1.0,1.0,2.0,0.0,2.0
47500000,2,55,алматы,43.231393309312,76.876338464186,2015,751.0,6.0,12.0,3.0,2.0,2.0,1.0,0.0,2.0
74000000,2,80,алматы,43.212272641004,76.980813030592,2018,5.0,4.0,8.0,3.0,1.0,2.0,3.0,0.0,2.0
45500000,3,88,алматы,43.255864475902,76.821050003245,2015,1083.0,1.0,9.0,3.0,2.0,2.0,3.0,0.0,2.0
25500000,1,30,алматы,43.22283,76.896408,1960,2442.0,4.0,4.0,2.0,1.0,1.0,2.0,0.0,2.0
25000000,1,40,алматы,43.237050714088,76.839252880951,1985,1487.0,4.0,9.0,2.0,4.0,2.0,2.0,0.0,2.0
24000000,2,45,алматы,43.224446,76.861491,1964,1910.0,4.0,4.0,2.0,2.0,3.0,2.0,0.0,2.0
14000000,2,46,алматы,43.317526,76.973412,2018,1.0,1.0,9.0,2.0,1.0,2.0,2.0,0.0,2.0
27000000,2,48,алматы,43.323292,76.939069,1974,1263.0,2.0,4.0,2.0,4.0,3.0,1.0,0.0,2.0
29000000,1,44,алматы,43.264210033601,76.918507325006,2025,1522.0,4.0,13.0,3.0,1.0,2.0,2.0,0.0,2.0
27500000,1,42,алматы,43.237951908441,76.862324933509,1982,2510.0,1.0,5.0,2.0,1.0,2.0,1.0,1.0,2.0
50000000,2,52,алматы,43.205404797607,76.886492371549,2015,123.0,12.0,16.0,3.0,1.0,1.0,2.0,0.0,2.0
63000000,3,90,алматы,43.214933,76.874606,2015,2223.0,4.0,10.0,3.0,1.0,2.0,3.0,0.0,2.0
30000000,2,43,алматы,43.199465,76.883383,1973,1601.0,5.0,5.0,2.0,2.0,2.0,2.0,0.0,2.0
41000000,3,58,алматы,43.249023,76.918704,1977,148.0,2.0,5.0,2.0,2.0,2.0,2.0,0.0,2.0
54500000,3,91,алматы,43.221162,76.784703,2020,2148.0,4.0,10.0,3.0,1.0,1.0,3.0,0.0,2.0
65000000,2,68,алматы,43.211168,76.979143,2019,5.0,1.0,4.0,3.0,2.0,1.0,1.0,0.0,2.0
27000000,1,44,алматы,43.323659,76.984452,2017,1673.0,5.0,5.0,3.0,1.0,1.0,2.0,1.0,2.0
53000000,3,74,алматы,43.222195772289,76.837652507934,1990,1601.0,3.0,9.0,2.0,2.0,2.0,1.0,0.0,2.0
35000000,2,51,алматы,43.30232,76.925936,2000,335.0,1.0,5.0,2.0,2.0,2.0,1.0,0.0,2.0
33500000,2,53,алматы,43.206063,76.835538,1992,1601.0,5.0,5.0,2.0,1.0,2.0,2.0,0.0,2.0
32000000,1,41,алматы,43.245615,76.908257,1963,3224.0,2.0,4.0,1.0,2.0,2.0,2.0,0.0,2.0
44688688,3,106,алматы,43.356305,76.92157,2008,534.0,6.0,6.0,3.0,1.0,1.0,1.0,0.0,2.0
25500000,1,46,алматы,43.221297978458,76.787084496011,2020,1124.0,5.0,10.0,3.0,1.0,2.0,2.0,0.0,2.0
34000000,2,38,алматы,43.231074642998,76.885882615934,2014,601.0,12.0,12.0,3.0,1.0,2.0,2.0,0.0,2.0
32000000,2,52,алматы,43.251617345042,76.862107449733,2025,3177.0,10.0,13.0,3.0,1.0,2.0,2.0,0.0,2.0
20000000,1,35,алматы,43.204500180692,76.785930798952,2025,1420.0,9.0,10.0,3.0,6.0,2.0,2.0,0.0,2.0
36000000,2,40,алматы,43.267796317297,76.925256130626,2024,2505.0,12.0,12.0,3.0,1.0,2.0,2.0,0.0,2.0
53000000,3,92,алматы,43.254933,76.822252,2015,2587.0,12.0,13.0,3.0,1.0,2.0,3.0,0.0,2.0
41500000,2,52,алматы,43.227215615032,76.903766917259,1971,1601.0,1.0,4.0,1.0,1.0,2.0,2.0,0.0,2.0
34000000,1,52,алматы,43.219703270879,76.885486197213,2023,1959.0,13.0,13.0,3.0,6.0,2.0,2.0,0.0,2.0
23500000,1,59,алматы,43.223841127129,76.792911683095,2012,92.0,12.0,16.0,3.0,1.0,2.0,2.0,0.0,2.0
35000000,3,60,алматы,43.235409,76.838161,1982,1855.0,4.0,5.0,2.0,1.0,2.0,1.0,0.0,2.0
32500000,2,55,алматы,43.230469366362,76.780980100066,2021,1821.0,8.0,9.0,3.0,1.0,1.0,2.0,0.0,2.0
45500000,2,54,алматы,43.288685226043,77.006757700046,2022,2561.0,9.0,9.0,3.0,1.0,1.0,2.0,1.0,2.0
35000000,1,40,алматы,43.231198493473,76.875074249725,2017,751.0,11.0,12.0,3.0,2.0,1.0,2.0,0.0,2.0
35900000,1,60,алматы,43.289426764975,76.999371035017,2024,3090.0,2.0,6.0,3.0,6.0,2.0,2.0,0.0,2.0
18000000,1,39,алматы,43.320008231304,76.89719969382,2023,2027.0,8.0,9.0,3.0,1.0,2.0,2.0,0.0,2.0
26500000,1,65,алматы,43.23267,76.797746,2008,3090.0,9.0,16.0,3.0,1.0,1.0,2.0,0.0,2.0
43500000,3,69,алматы,43.252569,76.868066,1986,1401.0,1.0,9.0,2.0,1.0,2.0,1.0,0.0,2.0
59500000,3,88,алматы,43.231074642998,76.885882615934,2016,601.0,13.0,13.0,3.0,1.0,2.0,2.0,0.0,2.0
26500000,2,50,алматы,43.221705980823,76.786440765848,2020,1124.0,6.0,6.0,3.0,1.0,2.0,2.0,0.0,2.0
32500000,2,43,алматы,43.237537,76.836607,1982,1522.0,2.0,5.0,2.0,1.0,2.0,2.0,0.0,2.0
36500000,3,63,алматы,43.327203274879,76.921709582659,1984,1601.0,1.0,5.0,2.0,1.0,3.0,1.0,0.0,2.0
47500000,2,48,алматы,43.199998640021,76.890745616691,2014,72.0,7.0,25.0,3.0,1.0,2.0,2.0,0.0,2.0
29000000,2,60,алматы,43.332509169934,76.946403995776,2013,3343.0,5.0,5.0,3.0,1.0,2.0,1.0,0.0,2.0
78000000,2,61,алматы,43.244998170205,76.961241123621,2022,1722.0,7.0,13.0,3.0,1.0,1.0,1.0,0.0,2.0
40000000,1,41,алматы,43.231285,76.883966,2016,601.0,14.0,15.0,3.0,1.0,1.0,1.0,0.0,2.0
41500000,2,53,алматы,43.218298294283,76.880121253562,2008,534.0,8.0,16.0,3.0,2.0,1.0,2.0,0.0,2.0
65000000,2,60,алматы,43.236697447736,76.897770222931,2015,20.0,2.0,17.0,3.0,1.0,2.0,2.0,0.0,2.0
25000000,1,36,алматы,43.235777,76.806559,2020,1171.0,11.0,16.0,3.0,2.0,1.0,2.0,0.0,2.0
32000000,2,43,алматы,43.238293,76.901672,1973,1440.0,3.0,5.0,2.0,2.0,1.0,2.0,0.0,2.0
38000000,3,60,алматы,43.247421700196,76.901286,1978,1601.0,5.0,5.0,2.0,2.0,1.0,2.0,0.0,2.0
67000000,3,120,алматы,43.221076,76.842617,2010,1604.0,10.0,11.0,3.0,2.0,2.0,3.0,0.0,2.0
27700000,2,45,алматы,43.321468,77.019325,2023,1667.0,10.0,10.0,2.0,1.0,2.0,2.0,0.0,2.0
33500000,1,40,алматы,43.252642,76.922055,1987,225.0,9.0,9.0,2.0,2.0,2.0,2.0,0.0,2.0
73000000,2,76,алматы,43.208962629967,76.992912483,2024,2718.0,2.0,3.0,3.0,6.0,2.0,3.0,0.0,2.0
65000000,3,93,алматы,43.231863,76.830705,2020,1666.0,4.0,6.0,3.0,2.0,1.0,2.0,0.0,2.0
24800000,2,43,алматы,43.230963131227,76.866572480922,1965,1751.0,4.0,4.0,2.0,2.0,2.0,2.0,0.0,2.0
76000000,3,84,алматы,43.25712801158,76.914003916069,2015,729.0,3.0,12.0,3.0,1.0,2.0,1.0,0.0,2.0
40000000,2,71,алматы,43.206992013543,76.78886041029,2020,1785.0,3.0,9.0,3.0,1.0,1.0,2.0,0.0,2.0
35500000,3,56,алматы,43.193829709749,76.904784397484,1978,1601.0,5.0,5.0,2.0,2.0,2.0,2.0,0.0,2.0
37000000,2,54,алматы,43.270280045031,76.820039691426,2024,1117.0,10.0,12.0,3.0,1.0,2.0,2.0,0.0,2.0
31700000,1,41,алматы,43.224427690231,76.839003143516,1991,777.0,2.0,9.0,2.0,1.0,3.0,2.0,0.0,2.0
44000000,3,95,алматы,43.250593,76.82536,2011,1601.0,10.0,10.0,3.0,1.0,1.0,1.0,0.0,2.0
23000000,1,45,алматы,43.311918,76.89639,2014,2574.0,2.0,6.0,3.0,1.0,2.0,2.0,0.0,2.0
28500000,1,49,алматы,43.255833,76.820941,2015,1601.0,5.0,9.0,3.0,1.0,1.0,2.0,0.0,2.0
65000000,3,110,алматы,43.205115973458,76.877086334242,2011,48.0,4.0,16.0,3.0,2.0,2.0,2.0,0.0,2.0
32000000,2,44,алматы,43.258322440143,76.866277456229,2024,2981.0,3.0,12.0,3.0,1.0,1.0,2.0,0.0,2.0
41500000,2,49,алматы,43.215196,76.867393,1993,2861.0,1.0,6.0,1.0,2.0,1.0,1.0,0.0,2.0
33000000,2,62,алматы,43.220807,76.784721,2024,3417.0,6.0,9.0,3.0,1.0,2.0,2.0,0.0,2.0
17604000,2,48,алматы,43.288938597618,77.006693311168,2020,1487.0,2.0,9.0,3.0,6.0,3.0,1.0,0.0,2.0
29000000,2,52,алматы,43.270597,76.861329,1958,7.0,3.0,6.0,1.0,1.0,2.0,1.0,1.0,2.0
35900000,2,50,алматы,43.235764,76.82148,1991,3101.0,5.0,5.0,2.0,1.0,2.0,1.0,0.0,2.0
38500000,2,43,алматы,43.251486,76.929987,1963,2177.0,1.0,4.0,1.0,2.0,1.0,2.0,0.0,2.0
28000000,1,33,алматы,43.235803,76.9009,1971,1601.0,4.0,4.0,1.0,1.0,1.0,2.0,0.0,2.0
44500000,2,47,алматы,43.235880925218,76.898618777995,2017,20.0,5.0,17.0,3.0,4.0,2.0,2.0,0.0,2.0
27500000,1,41,алматы,43.266142728431,76.95437368981,1987,984.0,2.0,5.0,2.0,2.0,2.0,2.0,0.0,2.0
29990000,3,61,алматы,43.236473,76.841836,1971,1493.0,4.0,4.0,2.0,1.0,1.0,1.0,0.0,2.0
32000000,2,68,алматы,43.207727602158,76.787545829051,2022,2403.0,8.0,9.0,3.0,5.0,2.0,2.0,0.0,2.0
30000000,2,63,алматы,43.213914774889,76.789336410704,2019,1064.0,7.0,9.0,3.0,1.0,2.0,1.0,0.0,2.0
35000000,2,52,алматы,43.297477439686,76.895939242093,2021,1537.0,1.0,8.0,3.0,1.0,2.0,2.0,1.0,2.0
80000000,3,90,алматы,43.19048,76.854834,2021,675.0,2.0,3.0,1.0,1.0,1.0,3.0,0.0,2.0
32000000,3,76,алматы,43.221705980823,76.786440765848,2020,1124.0,6.0,6.0,3.0,1.0,1.0,2.0,0.0,2.0
36500000,2,51,алматы,43.211642,76.871345,1985,760.0,5.0,5.0,2.0,1.0,1.0,1.0,0.0,2.0
29000000,3,60,алматы,43.232513,76.858679,1975,1601.0,3.0,4.0,2.0,4.0,2.0,1.0,0.0,2.0
29000000,1,38,алматы,43.228337530678,76.862616330025,1989,1601.0,1.0,5.0,2.0,1.0,2.0,2.0,0.0,2.0
21000000,2,40,алматы,43.242949,76.839617,1972,2392.0,1.0,5.0,1.0,4.0,2.0,2.0,0.0,2.0
25500000,1,40,алматы,43.241307,76.83331,1984,2511.0,7.0,9.0,2.0,1.0,2.0,2.0,0.0,2.0
22000000,2,36,алматы,43.226667,76.845204,1972,1568.0,3.0,4.0,2.0,1.0,2.0,2.0,0.0,1.0
47000000,2,68,алматы,43.208527,76.860494,2006,857.0,7.0,9.0,3.0,2.0,3.0,2.0,0.0,2.0
48999999,2,43,алматы,43.201049941771,76.895908781298,2019,1094.0,2.0,14.0,3.0,2.0,2.0,2.0,0.0,2.0
50000000,3,85,алматы,43.242647,76.81635,2010,1599.0,4.0,9.0,3.0,1.0,2.0,1.0,1.0,2.0
41900000,2,73,алматы,43.32221371554,76.897529009951,2023,2689.0,5.0,8.0,3.0,1.0,1.0,2.0,0.0,2.0
30000000,2,54,алматы,43.26067787684,76.814966553984,2015,921.0,9.0,9.0,3.0,1.0,2.0,2.0,0.0,2.0
48500000,2,50,алматы,43.213120175674,76.90012133995,1995,3220.0,6.0,9.0,1.0,1.0,1.0,3.0,0.0,2.0
64000000,3,69,алматы,43.168482889487,76.905239496423,2023,2029.0,2.0,3.0,3.0,1.0,1.0,2.0,0.0,2.0
50000000,3,70,алматы,43.245747,76.892132,1979,1601.0,5.0,5.0,2.0,2.0,2.0,2.0,0.0,2.0
40500000,1,44,алматы,43.266823,76.928703,2023,2146.0,12.0,12.0,3.0,1.0,1.0,2.0,0.0,2.0
32000000,1,40,алматы,43.220704998278,76.839012865082,1991,388.0,7.0,9.0,2.0,1.0,2.0,2.0,0.0,2.0
12600000,1,21,алматы,43.209789,76.888584,1976,1831.0,3.0,5.0,1.0,1.0,2.0,2.0,0.0,2.0
65000000,2,75,алматы,43.212843753546,76.845132535543,2015,512.0,1.0,17.0,3.0,1.0,2.0,2.0,0.0,2.0
42000000,3,77,алматы,43.207908106119,76.78667679333,2021,2403.0,8.0,10.0,3.0,1.0,2.0,2.0,0.0,2.0
45000000,2,72,алматы,43.219964658624,76.835465046097,2018,1131.0,5.0,12.0,3.0,1.0,2.0,2.0,0.0,2.0
32000000,2,65,алматы,43.322991695268,77.01754535096,2022,1866.0,1.0,6.0,3.0,1.0,2.0,2.0,0.0,2.0
58000000,2,64,алматы,43.225268048824,76.933566145599,2012,104.0,9.0,16.0,3.0,2.0,1.0,2.0,0.0,2.0
25000000,2,44,алматы,43.347599,76.965498,1986,1206.0,2.0,5.0,1.0,2.0,1.0,1.0,0.0,2.0
30000000,2,46,алматы,43.2271,76.781352,2022,1822.0,1.0,6.0,3.0,1.0,2.0,2.0,0.0,2.0
75000000,4,75,алматы,43.220756937826,76.933675110145,1973,1539.0,4.0,4.0,2.0,1.0,1.0,2.0,0.0,2.0
26500000,2,50,алматы,43.221705980823,76.786440765848,2019,1124.0,2.0,6.0,3.0,1.0,2.0,1.0,0.0,2.0
25000000,1,33,алматы,43.255079684287,76.910326091926,1972,1601.0,5.0,5.0,2.0,1.0,2.0,2.0,0.0,2.0
47000000,3,57,алматы,43.239757,76.943076,1974,2223.0,1.0,5.0,2.0,1.0,2.0,2.0,0.0,2.0
47500000,3,71,алматы,43.225195,76.836949,1987,1341.0,8.0,9.0,2.0,2.0,2.0,2.0,0.0,2.0
46500000,3,80,алматы,43.224584,76.84833,1988,1462.0,5.0,9.0,2.0,1.0,2.0,2.0,0.0,2.0
64000000,3,100,алматы,43.191702346766,76.852164126162,2024,2933.0,3.0,3.0,3.0,1.0,2.0,3.0,0.0,2.0
15000000,1,20,алматы,43.237836405506,76.859043946331,1975,1601.0,4.0,5.0,1.0,1.0,1.0,2.0,0.0,1.0
34500000,3,65,алматы,43.321744,76.917285,1983,3417.0,4.0,5.0,2.0,2.0,2.0,2.0,0.0,2.0
20000000,2,61,алматы,43.260566,76.92077,1939,2003.0,1.0,2.0,1.0,4.0,3.0,2.0,0.0,2.0
40000000,2,88,алматы,43.253316493038,76.825108215714,2012,1673.0,9.0,9.0,3.0,1.0,1.0,1.0,0.0,2.0
25000000,1,26,алматы,43.254999188579,76.919920452804,2016,840.0,2.0,13.0,3.0,2.0,1.0,2.0,0.0,2.0
26000000,1,36,алматы,43.33183,76.94878,2009,897.0,4.0,6.0,3.0,2.0,1.0,2.0,1.0,2.0
25900000,1,41,алматы,43.232244,76.843551,1990,2329.0,2.0,9.0,2.0,2.0,2.0,2.0,0.0,2.0
42000000,3,75,алматы,43.232959699203,76.83110887572,1986,2192.0,9.0,9.0,2.0,2.0,1.0,1.0,0.0,2.0
50000000,2,58,алматы,43.203012727103,76.873384364015,2021,1137.0,10.0,12.0,3.0,1.0,2.0,2.0,0.0,2.0
40300000,2,61,алматы,43.288455087187,76.988109140778,2018,934.0,5.0,9.0,3.0,1.0,1.0,2.0,0.0,2.0
46000000,2,67,алматы,43.305332,76.921112,2007,276.0,3.0,9.0,3.0,1.0,2.0,2.0,0.0,2.0
69500000,4,90,алматы,43.206043,76.899283,1989,3149.0,5.0,9.0,2.0,1.0,1.0,1.0,0.0,2.0
45000000,3,73,алматы,43.365731834418,76.928858756801,2024,2734.0,5.0,9.0,3.0,1.0,2.0,2.0,0.0,2.0
74000000,2,85,алматы,43.181976226372,76.955363119477,2014,42.0,4.0,4.0,1.0,2.0,2.0,3.0,0.0,2.0
53000000,2,56,алматы,43.228770580179,76.952760048754,1994,1601.0,2.0,9.0,2.0,2.0,2.0,2.0,0.0,2.0
30000000,3,54,алматы,43.308868,76.940596,1963,1066.0,1.0,2.0,2.0,1.0,2.0,1.0,0.0,2.0
45500000,3,70,алматы,43.228605,76.843264,1993,1601.0,8.0,9.0,2.0,2.0,2.0,1.0,0.0,2.0
35000000,2,71,алматы,43.308708621605,76.936359055781,2024,3210.0,6.0,9.0,3.0,1.0,2.0,1.0,0.0,2.0
35000000,3,58,алматы,43.225773,76.849471,1963,3014.0,4.0,4.0,2.0,1.0,2.0,2.0,0.0,2.0
34000000,2,57,алматы,43.25774939457,76.820129032644,2024,3014.0,1.0,6.0,3.0,4.0,2.0,2.0,0.0,2.0
28000000,2,60,алматы,43.228319847983,76.769301970049,2021,2145.0,5.0,5.0,2.0,1.0,1.0,1.0,0.0,2.0
19000000,1,27,алматы,43.221168,76.784694,2020,1124.0,3.0,10.0,3.0,2.0,2.0,2.0,0.0,2.0
38500000,2,42,алматы,43.221009696864,76.886923955006,2024,1959.0,16.0,16.0,3.0,1.0,2.0,2.0,0.0,2.0
35000000,2,55,алматы,43.266703546156,76.819914404307,2022,1117.0,8.0,12.0,3.0,1.0,1.0,2.0,0.0,2.0
45999999,3,90,алматы,43.27970123291,76.821601867676,2011,934.0,5.0,5.0,3.0,1.0,1.0,1.0,0.0,2.0
27000000,2,46,алматы,43.207633425926,76.787427811855,2024,2403.0,3.0,9.0,3.0,1.0,2.0,2.0,0.0,2.0
76000000,3,110,алматы,43.212810816248,76.843896958251,2014,512.0,12.0,17.0,3.0,2.0,1.0,3.0,0.0,2.0
35500000,1,42,алматы,43.242975,76.890605,1988,880.0,8.0,9.0,2.0,1.0,2.0,2.0,0.0,2.0
36000000,2,60,алматы,43.236092624297,76.808679115483,2020,1171.0,2.0,12.0,3.0,2.0,2.0,2.0,0.0,2.0
67900000,3,69,алматы,43.205163,76.885458,2015,123.0,5.0,18.0,3.0,1.0,2.0,3.0,0.0,2.0
35000000,2,61,алматы,43.307451,76.921983,2007,383.0,1.0,6.0,3.0,2.0,2.0,1.0,1.0,2.0
44000000,3,71,алматы,43.265299983892,76.934415660398,1955,1601.0,2.0,2.0,1.0,2.0,2.0,2.0,0.0,2.0
25000000,2,47,алматы,43.280285,76.821956,2014,784.0,3.0,5.0,3.0,1.0,2.0,2.0,0.0,2.0
58000000,2,64,алматы,43.205807,76.901394,1986,1601.0,5.0,5.0,2.0,1.0,1.0,2.0,0.0,2.0
41000000,2,44,алматы,43.255577,76.910179,1985,2751.0,2.0,4.0,2.0,2.0,2.0,2.0,1.0,2.0
60600000,3,105,алматы,43.243151276868,76.854440830297,2024,2375.0,9.0,12.0,3.0,1.0,2.0,3.0,0.0,2.0
21400000,1,35,алматы,43.297969490553,76.832912672311,2024,3245.0,4.0,5.0,3.0,6.0,2.0,2.0,0.0,2.0
28000000,2,43,алматы,43.194292284684,76.906259206359,1977,855.0,5.0,5.0,2.0,2.0,2.0,2.0,0.0,2.0
22400000,2,35,алматы,43.230366884077,76.783209992166,2023,1821.0,2.0,9.0,3.0,1.0,2.0,2.0,0.0,2.0
46500000,3,73,алматы,43.236312738553,76.88190351991,2020,2555.0,5.0,19.0,3.0,6.0,2.0,2.0,0.0,2.0
38000000,2,60,алматы,43.249017,76.88508,1987,3265.0,4.0,5.0,2.0,1.0,2.0,2.0,0.0,2.0
12000000,1,16,алматы,43.267322,76.954475,1985,1601.0,3.0,5.0,1.0,2.0,2.0,1.0,0.0,1.0
34500000,2,43,алматы,43.215249,76.899184,1979,1601.0,4.0,5.0,2.0,1.0,2.0,2.0,0.0,2.0
27000000,2,44,алматы,43.322019,76.916854,1982,2089.0,5.0,5.0,2.0,2.0,2.0,2.0,0.0,2.0
46000000,2,61,алматы,43.262939041955,76.920717257935,2020,1542.0,12.0,13.0,2.0,1.0,2.0,2.0,0.0,2.0
11500000,1,14,алматы,43.266416,76.935305,1983,640.0,3.0,5.0,1.0,1.0,2.0,2.0,0.0,1.0
50000000,2,56,алматы,43.240703,76.871543,2022,1468.0,14.0,21.0,1.0,5.0,1.0,2.0,0.0,2.0
44000000,3,80,алматы,43.231955,76.839392,1988,1180.0,5.0,9.0,2.0,2.0,2.0,1.0,0.0,2.0
35000000,1,43,алматы,43.191185073858,76.855677502958,2023,719.0,1.0,4.0,3.0,6.0,2.0,2.0,0.0,2.0
37000000,2,48,алматы,43.255185519314,76.920570737434,1976,713.0,2.0,5.0,2.0,2.0,2.0,2.0,0.0,2.0
81000000,3,85,алматы,43.207909039956,76.895041477282,2021,1481.0,8.0,6.0,3.0,6.0,2.0,2.0,0.0,2.0
14500000,1,18,алматы,43.241485,76.857439,1979,983.0,3.0,5.0,1.0,1.0,2.0,2.0,0.0,1.0
52000000,3,65,алматы,43.234286,76.877121,1980,1935.0,1.0,5.0,2.0,1.0,2.0,1.0,0.0,2.0
37000000,2,72,алматы,43.207953813856,76.789556848027,2021,1785.0,7.0,9.0,3.0,1.0,1.0,2.0,0.0,2.0
25000000,1,33,алматы,43.262293,76.932206,1974,71.0,5.0,5.0,2.0,1.0,2.0,2.0,0.0,2.0
50000000,2,55,алматы,43.238824280409,76.957114202101,1981,2681.0,2.0,5.0,1.0,2.0,2.0,1.0,0.0,2.0
33000000,2,40,алматы,43.242056,76.935512,1962,2526.0,4.0,6.0,1.0,4.0,2.0,2.0,0.0,2.0
35000000,2,68,алматы,43.25339,76.825863,2010,1601.0,2.0,9.0,3.0,1.0,1.0,1.0,0.0,2.0
75000000,3,95,алматы,43.245963,76.905769,2021,1519.0,10.0,12.0,3.0,1.0,2.0,2.0,0.0,2.0
30375000,3,75,алматы,43.288586955725,77.017364501517,2025,2313.0,2.0,10.0,3.0,6.0,2.0,2.0,0.0,2.0
30500000,2,46,алматы,43.231096989712,76.832493562958,2017,957.0,5.0,9.0,3.0,2.0,1.0,2.0,0.0,2.0
24500000,2,45,алматы,43.221705980823,76.786440765848,2019,1124.0,10.0,10.0,3.0,1.0,1.0,2.0,0.0,1.0
48500000,2,51,алматы,43.260762685017,76.960552125359,2014,709.0,9.0,14.0,3.0,1.0,2.0,2.0,0.0,2.0
17500000,1,27,алматы,43.222712691808,76.786667136245,2021,92.0,4.0,10.0,3.0,1.0,2.0,2.0,0.0,2.0
38000000,2,58,алматы,43.266824586343,76.820274814819,2018,1601.0,9.0,12.0,3.0,1.0,2.0,1.0,0.0,2.0
65000000,3,87,алматы,43.211819557545,76.794492410997,2024,2075.0,5.0,12.0,3.0,1.0,2.0,3.0,0.0,2.0
47500000,2,50,алматы,43.243277,76.952921,1967,1601.0,4.0,5.0,1.0,2.0,2.0,1.0,0.0,2.0
42500000,3,69,алматы,43.324807,76.914177,1985,1152.0,1.0,5.0,2.0,2.0,2.0,1.0,0.0,2.0
56999999,2,72,алматы,43.206632334711,76.884845495224,2016,123.0,6.0,16.0,3.0,2.0,1.0,2.0,0.0,2.0
21500000,1,45,алматы,43.280763092762,76.820869493393,2014,1303.0,7.0,9.0,3.0,2.0,2.0,2.0,0.0,2.0
68000000,3,70,алматы,43.233894267748,76.875101566839,2019,1206.0,10.0,16.0,3.0,1.0,1.0,3.0,0.0,2.0
48000000,4,85,алматы,43.323574,76.921615,1985,1955.0,5.0,5.0,2.0,2.0,2.0,1.0,0.0,2.0
67500000,3,101,алматы,43.230028241857,76.876761868133,2020,1401.0,12.0,16.0,3.0,6.0,2.0,2.0,0.0,2.0
30500000,2,43,алматы,43.254815,76.876537,1980,1601.0,2.0,5.0,2.0,1.0,2.0,1.0,0.0,2.0
34999999,2,50,алматы,43.32729207515,76.938910096683,2022,1689.0,3.0,10.0,3.0,2.0,1.0,2.0,1.0,2.0
33500000,3,60,алматы,43.322281434584,76.91926784523,1985,2562.0,4.0,5.0,2.0,2.0,2.0,1.0,0.0,2.0
37000000,3,70,алматы,43.318483807055,77.028642858456,2020,1825.0,8.0,12.0,2.0,1.0,1.0,1.0,0.0,2.0
60000000,2,90,алматы,43.242437,76.875397,2007,986.0,4.0,15.0,3.0,1.0,2.0,1.0,0.0,2.0
51000000,3,138,алматы,43.223841127129,76.792911683095,2012,92.0,8.0,16.0,3.0,1.0,2.0,3.0,0.0,2.0
49000000,3,66,алматы,43.211374899261,76.793861972402,2022,2075.0,8.0,12.0,3.0,1.0,2.0,2.0,0.0,2.0
27000000,2,36,алматы,43.16974607729,76.872367858887,2012,120.0,10.0,10.0,3.0,1.0,1.0,2.0,1.0,2.0
30500000,2,40,алматы,43.214,76.887659,1962,3143.0,3.0,3.0,1.0,1.0,2.0,2.0,0.0,2.0
53000000,3,90,алматы,43.250994821711,76.82542730312,2011,1601.0,7.0,9.0,3.0,1.0,1.0,1.0,0.0,2.0
20500000,1,28,алматы,43.219856071105,76.786159622995,2020,3190.0,5.0,10.0,3.0,1.0,1.0,2.0,0.0,2.0
17200000,1,21,алматы,43.26663246624,76.935286045001,1983,871.0,5.0,5.0,1.0,1.0,2.0,1.0,0.0,1.0
37000000,2,43,алматы,43.234437,76.916162,1975,2040.0,4.0,5.0,2.0,1.0,2.0,2.0,0.0,2.0
37000000,2,55,алматы,43.261682,76.815838,2017,1601.0,5.0,9.0,3.0,1.0,2.0,2.0,1.0,2.0
21500000,1,41,алматы,43.327259,76.924741,1985,1394.0,1.0,5.0,2.0,2.0,2.0,1.0,0.0,2.0
31000000,3,63,алматы,43.333024469593,76.952184170638,1971,2126.0,4.0,4.0,1.0,2.0,1.0,1.0,0.0,2.0
28000000,1,35,алматы,43.207995,76.880849,1988,1007.0,1.0,5.0,1.0,2.0,1.0,2.0,0.0,2.0
17700000,1,30,алматы,43.319710087159,76.987119912992,2025,2663.0,1.0,9.0,3.0,1.0,2.0,2.0,0.0,2.0
27000000,1,35,алматы,43.261866,76.930436,1974,535.0,3.0,5.0,2.0,1.0,2.0,2.0,0.0,2.0
30500000,2,51,алматы,43.226778,76.885296,1987,2406.0,3.0,5.0,1.0,1.0,2.0,1.0,0.0,2.0
66999995,4,92,алматы,43.262352,76.963252,1998,1601.0,5.0,5.0,1.0,1.0,1.0,1.0,0.0,2.0
64000000,2,63,алматы,43.17913357348,76.923533926547,2023,2003.0,2.0,3.0,3.0,1.0,1.0,1.0,0.0,2.0
15500000,1,22,алматы,43.230247,76.797953,2024,1249.0,7.0,12.0,2.0,1.0,1.0,2.0,0.0,2.0
56000000,2,50,алматы,43.233517726317,76.874382734822,2020,1206.0,14.0,16.0,3.0,1.0,1.0,2.0,0.0,2.0
34200000,2,44,алматы,43.231757,76.832197,2017,3427.0,6.0,9.0,3.0,1.0,2.0,2.0,0.0,2.0
23500000,1,40,алматы,43.327024314767,76.92446705886,1985,1605.0,2.0,5.0,2.0,2.0,2.0,1.0,0.0,2.0
26500000,1,38,алматы,43.235323876973,76.808335792729,2020,1171.0,1.0,12.0,3.0,1.0,1.0,2.0,0.0,2.0
18000000,1,35,алматы,43.33827322675,76.914632787696,1974,2377.0,1.0,2.0,2.0,2.0,1.0,2.0,0.0,2.0
26500000,1,34,алматы,43.24771183422,76.854029477247,2025,3433.0,5.0,10.0,3.0,1.0,2.0,2.0,0.0,2.0
22400000,1,40,алматы,43.296573338705,76.979185758102,2020,1428.0,8.0,9.0,3.0,2.0,2.0,2.0,0.0,2.0
25000000,1,35,алматы,43.221510405886,76.78835352793,2019,1124.0,1.0,6.0,2.0,5.0,1.0,1.0,0.0,2.0
28000000,1,45,алматы,43.268286477146,76.819985002347,2021,2685.0,8.0,12.0,3.0,1.0,1.0,2.0,0.0,2.0
24500000,1,31,алматы,43.190993,76.903424,1976,1333.0,5.0,5.0,2.0,1.0,1.0,2.0,0.0,2.0
55000000,3,92,алматы,43.279078,76.819602,2014,2233.0,4.0,5.0,3.0,1.0,2.0,2.0,0.0,2.0
28999999,1,40,алматы,43.235250653422,76.808864942633,2020,1171.0,8.0,16.0,3.0,1.0,1.0,2.0,0.0,2.0
54000000,2,100,алматы,43.242078665304,76.877572045847,2012,463.0,17.0,19.0,3.0,2.0,2.0,2.0,0.0,2.0
41200000,1,50,алматы,43.2887148931,76.999864883608,2024,3090.0,6.0,6.0,3.0,1.0,3.0,2.0,0.0,2.0
56500000,2,66,алматы,43.217068258594,76.882315241395,2023,1817.0,2.0,10.0,3.0,1.0,2.0,2.0,0.0,2.0
55000000,2,53,алматы,43.234088696446,76.953372490733,1988,2061.0,5.0,12.0,3.0,1.0,2.0,1.0,0.0,2.0
17500000,1,27,алматы,43.221705980823,76.786440765848,2019,1124.0,6.0,10.0,3.0,1.0,1.0,2.0,0.0,2.0
45000000,2,46,алматы,43.251796321444,76.897382320034,2023,1853.0,5.0,13.0,3.0,1.0,1.0,2.0,0.0,2.0
21000000,1,36,алматы,43.207765462574,76.790243493535,2020,1785.0,9.0,9.0,3.0,1.0,2.0,2.0,0.0,2.0
37500000,2,50,алматы,43.218123787536,76.840804678573,1993,2874.0,5.0,5.0,1.0,1.0,1.0,1.0,0.0,2.0
34000000,2,54,алматы,43.266605544659,76.820306006822,2017,1117.0,2.0,12.0,3.0,2.0,1.0,2.0,0.0,2.0
60000000,3,81,алматы,43.271876683944,76.946355195349,2022,1822.0,10.0,13.0,3.0,1.0,3.0,2.0,0.0,2.0
40000000,3,62,алматы,43.231471078119,76.901293150787,1970,1601.0,1.0,4.0,2.0,1.0,1.0,2.0,0.0,2.0
19500000,2,42,алматы,43.208450199076,76.828707781487,2019,1767.0,1.0,3.0,3.0,1.0,2.0,2.0,0.0,2.0
34000000,2,39,алматы,43.225024,76.891,1962,1495.0,2.0,4.0,1.0,1.0,1.0,2.0,0.0,2.0
28500000,1,40,алматы,43.228876282664,76.841214220901,1988,1313.0,7.0,9.0,2.0,2.0,1.0,2.0,0.0,2.0
32000000,1,41,алматы,43.21855063773,76.841533330023,1988,1552.0,6.0,9.0,1.0,1.0,2.0,2.0,0.0,2.0
23000000,1,48,алматы,43.254316,76.818659,2018,2075.0,1.0,9.0,3.0,1.0,2.0,2.0,0.0,2.0
12000000,1,14,алматы,43.211937,76.879313,1975,249.0,3.0,4.0,2.0,2.0,2.0,2.0,0.0,1.0
18800000,1,36,алматы,43.314392870365,76.896888141299,2022,2036.0,1.0,5.0,3.0,1.0,2.0,2.0,0.0,2.0
30500000,2,40,алматы,43.254118781225,76.863320755984,2024,2388.0,2.0,12.0,3.0,1.0,2.0,2.0,0.0,2.0
27000000,1,32,алматы,43.230456611656,76.863752680881,1985,1401.0,2.0,5.0,2.0,2.0,2.0,2.0,0.0,2.0
47000000,3,64,алматы,43.244519,76.899705,1984,2537.0,2.0,5.0,2.0,1.0,1.0,2.0,0.0,2.0
25500000,1,39,алматы,43.294375,76.941225,2015,1401.0,1.0,6.0,3.0,1.0,1.0,2.0,0.0,2.0
72000000,3,75,алматы,43.243948791593,76.943179518889,1955,1851.0,2.0,3.0,1.0,4.0,2.0,1.0,0.0,2.0
42000000,3,89,алматы,43.256331230865,76.820743994325,2018,1083.0,5.0,9.0,3.0,4.0,2.0,3.0,0.0,2.0
14600000,1,30,алматы,43.204085841847,76.786036643817,2025,3461.0,7.0,9.0,3.0,1.0,2.0,2.0,0.0,2.0
25000000,1,29,алматы,43.260179348465,76.900304638862,2024,1936.0,3.0,15.0,3.0,6.0,2.0,2.0,0.0,2.0
56000000,3,89,алматы,43.231757,76.832197,2019,1777.0,4.0,10.0,3.0,1.0,1.0,2.0,0.0,2.0
30000000,2,56,алматы,43.357294,76.991288,1984,210.0,1.0,3.0,1.0,1.0,2.0,1.0,0.0,2.0
42700000,3,76,алматы,43.312202428357,76.974223618564,2015,3255.0,3.0,9.0,3.0,1.0,2.0,1.0,0.0,2.0
56000000,3,82,алматы,43.218599,76.897684,1973,1152.0,5.0,5.0,1.0,1.0,2.0,2.0,0.0,2.0
49000000,2,50,алматы,43.231074642998,76.885882615934,2014,601.0,8.0,17.0,3.0,2.0,2.0,2.0,0.0,2.0
47000000,2,63,алматы,43.214272941997,76.889320759506,2024,1935.0,5.0,13.0,3.0,1.0,2.0,2.0,0.0,2.0
44000000,2,54,алматы,43.268967369064,76.945720911026,2020,1440.0,1.0,6.0,3.0,1.0,1.0,2.0,0.0,2.0
36000000,3,58,алматы,43.235409,76.85902,1962,997.0,1.0,4.0,2.0,1.0,2.0,2.0,0.0,2.0
48000000,3,62,алматы,43.22804,76.916468,1980,1408.0,3.0,4.0,2.0,2.0,1.0,2.0,0.0,2.0
45500000,2,56,алматы,43.262162,76.961734,1977,742.0,5.0,5.0,1.0,2.0,2.0,1.0,0.0,2.0
36600000,2,63,алматы,43.237285422135,76.882590165418,2024,2555.0,16.0,18.0,3.0,6.0,2.0,2.0,0.0,2.0
26500000,1,31,алматы,43.196889,76.881703,1975,941.0,2.0,5.0,2.0,2.0,3.0,2.0,0.0,2.0
85000000,3,100,алматы,43.233894267748,76.875101566839,2020,1206.0,6.0,16.0,3.0,2.0,2.0,3.0,0.0,2.0
29000000,2,43,алматы,48.93990575028,68.496672379533,1967,2825.0,1.0,4.0,2.0,2.0,1.0,2.0,0.0,2.0
52000000,2,85,алматы,43.24331255684,76.875931342729,2012,463.0,16.0,18.0,3.0,2.0,1.0,3.0,0.0,2.0
40000000,2,50,алматы,43.234168,76.828891,1989,2491.0,2.0,5.0,2.0,1.0,2.0,2.0,0.0,2.0
25500000,1,36,алматы,43.208718,76.863494,1978,480.0,4.0,5.0,1.0,1.0,2.0,2.0,0.0,2.0
23800000,2,48,алматы,43.268953006199,76.823329925483,2025,3028.0,6.0,10.0,3.0,1.0,2.0,2.0,0.0,2.0
73000000,2,75,алматы,43.20778144934,76.89020187385,2019,953.0,4.0,12.0,3.0,1.0,2.0,2.0,0.0,2.0
37700000,2,67,алматы,43.24331255684,76.875931342729,2012,463.0,12.0,19.0,3.0,2.0,1.0,2.0,0.0,2.0
27800000,1,45,алматы,43.258142669462,76.820394371876,2024,3014.0,1.0,6.0,3.0,1.0,1.0,2.0,0.0,2.0
16200000,1,35,алматы,43.221989752089,76.782865950762,2025,3399.0,9.0,9.0,3.0,6.0,3.0,2.0,0.0,2.0
54000000,2,66,алматы,43.221567561175,76.852005747877,2020,1568.0,3.0,13.0,3.0,1.0,2.0,2.0,0.0,2.0
85000000,3,105,алматы,43.206632334711,76.884845495224,2015,123.0,16.0,18.0,3.0,2.0,1.0,3.0,0.0,2.0
26500000,1,33,алматы,43.222298,76.892447,1985,1601.0,4.0,5.0,2.0,1.0,2.0,2.0,0.0,2.0
45500000,3,60,алматы,43.247553,76.900055,1978,502.0,3.0,5.0,2.0,1.0,2.0,1.0,0.0,2.0
30500000,1,46,алматы,43.233537,76.892815,1985,2160.0,1.0,5.0,2.0,2.0,2.0,1.0,0.0,2.0
30500000,2,47,алматы,43.228605,76.845087,1971,1457.0,4.0,4.0,2.0,1.0,2.0,1.0,0.0,2.0
40500000,2,57,алматы,43.202495,76.843902,2006,1601.0,5.0,9.0,3.0,1.0,2.0,1.0,0.0,2.0
37000000,2,44,алматы,43.258827,76.92608,1979,2233.0,5.0,5.0,2.0,2.0,1.0,2.0,1.0,2.0
38000000,3,53,алматы,43.227192,76.898789,1961,1601.0,3.0,4.0,1.0,4.0,2.0,2.0,0.0,2.0
46500000,2,68,алматы,43.191436226172,76.855175287446,2024,719.0,2.0,4.0,3.0,6.0,2.0,2.0,0.0,2.0
19500000,2,42,алматы,43.208775176856,76.829192367467,2019,1767.0,1.0,3.0,1.0,1.0,2.0,2.0,0.0,2.0
27900000,1,33,алматы,43.246128,76.852957,2021,2129.0,7.0,10.0,3.0,1.0,1.0,2.0,0.0,2.0
60600000,2,100,алматы,43.233340053264,76.893153860947,2007,350.0,6.0,20.0,3.0,2.0,2.0,3.0,0.0,2.0
30500000,2,44,алматы,43.244827,76.890677,1977,1493.0,5.0,5.0,2.0,1.0,2.0,2.0,0.0,2.0
60000000,3,70,алматы,43.176981445172,76.905918481497,2023,2066.0,1.0,3.0,3.0,1.0,2.0,2.0,0.0,2.0
70000000,2,90,алматы,43.213706525808,76.899621449411,2011,128.0,2.0,12.0,1.0,1.0,2.0,1.0,0.0,2.0
75000000,3,73,алматы,43.244447933494,76.939315225292,1966,1601.0,3.0,4.0,1.0,1.0,1.0,2.0,0.0,2.0
24000000,1,34,алматы,43.319166,76.914653,1989,19.0,4.0,5.0,2.0,1.0,2.0,2.0,0.0,2.0
58500000,4,75,алматы,43.233537,76.892815,1975,416.0,4.0,5.0,2.0,1.0,2.0,2.0,0.0,2.0
39500000,3,58,алматы,43.25385,76.919971,1973,1601.0,4.0,4.0,2.0,1.0,2.0,2.0,0.0,2.0
39500000,1,43,алматы,43.257441,76.936868,2006,1210.0,2.0,7.0,1.0,1.0,2.0,1.0,0.0,2.0
38000000,2,44,алматы,43.245741236428,76.869731835377,2021,1418.0,10.0,10.0,3.0,1.0,2.0,2.0,0.0,2.0
66000000,2,63,алматы,43.18898527311,76.854799536368,2022,1877.0,1.0,3.0,3.0,1.0,2.0,2.0,0.0,2.0
67000000,3,90,алматы,43.169345100756,76.914746761322,2020,1222.0,2.0,3.0,3.0,1.0,3.0,1.0,0.0,2.0
23000000,1,42,алматы,43.260087,76.815326,2017,1810.0,2.0,9.0,3.0,2.0,2.0,2.0,0.0,2.0
10000000,1,38,алматы,43.214181749426,76.788944376207,2025,1539.0,8.0,9.0,3.0,1.0,3.0,1.0,0.0,2.0
45000000,2,63,алматы,43.24331255684,76.875931342729,2012,463.0,11.0,19.0,3.0,1.0,2.0,2.0,0.0,2.0
36300000,2,51,алматы,43.254540795874,76.86395868247,2024,2388.0,13.0,13.0,3.0,1.0,1.0,2.0,0.0,2.0
27000000,2,46,алматы,43.253410426643,76.906485341277,1976,1673.0,3.0,4.0,2.0,1.0,2.0,2.0,0.0,2.0
63000000,3,65,алматы,43.267133,76.967201,2021,1766.0,6.0,10.0,3.0,1.0,2.0,1.0,0.0,2.0
25000000,1,36,алматы,43.199826019182,76.843287314156,1984,1397.0,3.0,5.0,1.0,1.0,1.0,1.0,0.0,2.0
27500000,1,32,алматы,43.264127217534,76.93687884921,1972,1601.0,4.0,5.0,2.0,1.0,2.0,2.0,0.0,2.0
47500000,2,63,алматы,43.218731,76.899948,1971,315.0,5.0,5.0,1.0,2.0,2.0,2.0,0.0,2.0
52000000,2,61,алматы,43.262707,76.951969,1980,409.0,3.0,9.0,3.0,2.0,3.0,2.0,0.0,2.0
29500000,2,54,алматы,43.238965330888,76.825573926814,2001,1630.0,3.0,7.0,3.0,1.0,2.0,1.0,0.0,2.0
59500000,2,60,алматы,43.230754022994,76.881036758423,2018,983.0,10.0,12.0,3.0,1.0,2.0,1.0,0.0,2.0
15000000,1,23,алматы,43.28946,76.947962,1979,1601.0,2.0,3.0,3.0,1.0,1.0,2.0,0.0,1.0
53500000,3,58,алматы,43.238816070186,76.953932886875,1964,2711.0,2.0,4.0,2.0,1.0,1.0,2.0,0.0,2.0
24500000,1,32,алматы,43.196192,76.876394,1980,1901.0,5.0,5.0,2.0,1.0,2.0,2.0,0.0,2.0
44500000,3,68,алматы,43.22847067682,76.888962731491,1990,1601.0,1.0,5.0,2.0,1.0,2.0,1.0,0.0,2.0
36500000,3,65,алматы,43.265179638936,76.918001685368,2020,1522.0,4.0,13.0,3.0,6.0,2.0,2.0,0.0,2.0
32000000,1,41,алматы,43.218225,76.841764,1988,1601.0,6.0,9.0,1.0,1.0,2.0,2.0,0.0,2.0
40000000,4,80,алматы,43.303587,76.988144,1971,1601.0,1.0,4.0,1.0,2.0,2.0,2.0,0.0,2.0
63100000,2,64,алматы,43.216359,76.900612,2022,1987.0,13.0,13.0,3.0,1.0,2.0,2.0,0.0,2.0
38000000,2,70,алматы,43.287352375176,76.949363949158,2024,2236.0,8.0,13.0,3.0,6.0,2.0,3.0,0.0,2.0
78000000,3,96,алматы,43.237577,76.883742,2013,41.0,2.0,16.0,3.0,1.0,1.0,3.0,0.0,2.0
63000000,3,90,алматы,43.265543,76.958311,2006,1117.0,3.0,6.0,3.0,1.0,1.0,2.0,0.0,2.0
58500000,2,72,алматы,43.268917962289,76.946339268825,2022,1440.0,16.0,17.0,3.0,1.0,1.0,2.0,0.0,2.0
47000000,2,68,алматы,43.208527,76.860494,2006,270.0,7.0,9.0,3.0,2.0,3.0,2.0,0.0,2.0
55000000,3,83,алматы,43.218599,76.897684,1973,3346.0,5.0,5.0,1.0,2.0,2.0,2.0,0.0,2.0
51000000,2,67,алматы,43.267445229911,76.928134172637,2023,2146.0,1.0,12.0,3.0,1.0,1.0,3.0,0.0,2.0
54000000,2,80,алматы,43.220997,76.843174,2018,1601.0,8.0,9.0,3.0,1.0,2.0,1.0,0.0,2.0
78000000,2,90,алматы,43.236408,76.892698,2015,1206.0,14.0,18.0,3.0,1.0,1.0,3.0,0.0,2.0
33000000,2,56,алматы,43.296108537832,76.979359388297,2020,1428.0,8.0,9.0,3.0,1.0,2.0,2.0,0.0,2.0
28500000,2,63,алматы,43.281611,76.820483,2013,619.0,3.0,9.0,3.0,1.0,2.0,1.0,0.0,2.0
23000000,1,42,алматы,43.26061472258,76.814719790591,2017,921.0,2.0,9.0,3.0,1.0,2.0,2.0,0.0,2.0
30000000,1,35,алматы,43.168431,76.873618,2012,120.0,9.0,10.0,3.0,1.0,1.0,2.0,0.0,2.0
33000000,2,58,алматы,43.319084223053,76.916414744731,2018,526.0,7.0,10.0,3.0,2.0,1.0,2.0,0.0,2.0
40000000,2,64,алматы,43.214152644875,76.849226656631,2005,2377.0,1.0,9.0,3.0,2.0,2.0,2.0,0.0,2.0
28000000,1,40,алматы,43.296108537832,76.979359388297,2021,1428.0,6.0,9.0,3.0,1.0,1.0,2.0,0.0,2.0
27500000,1,30,алматы,43.220749853315,76.956816850538,1965,3440.0,4.0,6.0,2.0,1.0,2.0,2.0,0.0,2.0
55000000,1,55,алматы,43.238011305107,76.890220096604,2024,3020.0,1.0,9.0,3.0,6.0,2.0,3.0,0.0,2.0
33000000,4,82,алматы,43.386175,76.999849,1968,706.0,4.0,4.0,1.0,2.0,2.0,1.0,0.0,2.0
41700000,1,47,алматы,43.190785380938,76.931295884882,2023,2428.0,3.0,3.0,3.0,1.0,1.0,2.0,0.0,2.0
39500000,2,60,алматы,43.201195214858,76.878440471369,1978,1601.0,6.0,8.0,2.0,1.0,2.0,1.0,0.0,2.0
36800000,3,60,алматы,43.246686,76.890776,1978,3102.0,5.0,5.0,2.0,2.0,2.0,1.0,0.0,2.0
25000000,3,63,алматы,43.245167380919,76.790725630179,1974,3281.0,2.0,6.0,1.0,1.0,1.0,2.0,1.0,2.0
47300000,3,65,алматы,43.314614,76.909748,1983,2286.0,4.0,5.0,2.0,1.0,1.0,1.0,0.0,2.0
49500000,2,52,алматы,43.231316377271,76.875729798276,2017,751.0,11.0,12.0,3.0,1.0,1.0,2.0,0.0,2.0
14800000,1,38,алматы,43.355039752388,76.928704987555,2019,2577.0,1.0,9.0,3.0,6.0,2.0,2.0,0.0,2.0
29500000,2,40,алматы,43.223236846219,76.896266660039,1961,225.0,3.0,5.0,1.0,1.0,2.0,2.0,0.0,2.0
27000000,2,54,алматы,43.391009,76.987623,1987,1601.0,5.0,5.0,2.0,1.0,2.0,1.0,0.0,2.0
32000000,2,46,алматы,43.223190654579,76.897409041664,1986,1601.0,5.0,5.0,1.0,1.0,2.0,2.0,0.0,2.0
23000000,1,42,алматы,43.260220888556,76.816108,2017,1109.0,2.0,9.0,3.0,2.0,2.0,2.0,0.0,2.0
49999999,3,64,алматы,43.3151,76.912802,1983,1124.0,1.0,5.0,2.0,4.0,2.0,1.0,0.0,2.0
29000000,2,49,алматы,43.291505953502,77.022892607085,2024,2232.0,2.0,6.0,2.0,1.0,2.0,2.0,0.0,2.0
17000000,1,27,алматы,43.222259595807,76.787376499354,2021,3470.0,4.0,10.0,3.0,1.0,2.0,2.0,0.0,2.0
76000000,3,109,алматы,43.212758574978,76.845276573538,2014,512.0,12.0,17.0,3.0,1.0,2.0,1.0,0.0,2.0
30000000,2,61,алматы,43.214227751424,76.775484954271,2020,1981.0,5.0,5.0,2.0,1.0,1.0,2.0,0.0,2.0
35000000,2,55,алматы,43.266703546156,76.819914404307,2022,1117.0,8.0,12.0,3.0,1.0,1.0,2.0,0.0,2.0
36000000,1,40,алматы,43.266357,76.954628,1988,1601.0,1.0,5.0,2.0,1.0,1.0,1.0,0.0,2.0
15000000,1,15,алматы,43.225886292317,76.862423168359,1965,1601.0,1.0,4.0,2.0,2.0,2.0,2.0,0.0,1.0
70000000,5,130,алматы,43.186333,76.865614,1984,123.0,5.0,5.0,1.0,1.0,2.0,3.0,0.0,2.0
29000000,2,45,алматы,43.26809,76.947936,1976,1601.0,3.0,4.0,2.0,4.0,2.0,1.0,0.0,2.0
38000000,2,52,алматы,43.221457,76.858418,1991,3070.0,1.0,5.0,1.0,1.0,3.0,2.0,0.0,2.0
33000000,2,57,алматы,43.265020526931,76.853098646845,2021,2204.0,1.0,6.0,3.0,1.0,2.0,2.0,0.0,2.0
25500000,1,30,алматы,43.24945,76.868057,2012,52.0,2.0,15.0,3.0,1.0,1.0,2.0,1.0,2.0
35000000,3,70,алматы,43.354122,76.947684,1986,2047.0,5.0,5.0,1.0,2.0,1.0,1.0,0.0,2.0
22000000,1,33,алматы,43.229097387281,76.912123387558,1961,2875.0,1.0,4.0,1.0,1.0,2.0,2.0,0.0,2.0
35000000,2,47,алматы,43.210482857595,76.78952261096,2024,779.0,9.0,9.0,2.0,1.0,2.0,2.0,0.0,2.0
45000000,2,71,алматы,43.244830358586,76.87699187267,2012,463.0,14.0,18.0,3.0,1.0,1.0,1.0,0.0,2.0
28000000,2,52,алматы,43.34216531545,76.829681396266,2023,2495.0,5.0,6.0,3.0,1.0,1.0,2.0,1.0,2.0
44000000,3,78,алматы,43.241596007499,76.823299013777,2008,535.0,1.0,9.0,3.0,2.0,1.0,1.0,0.0,2.0
30000000,2,52,алматы,43.242299,76.833212,1995,2974.0,6.0,12.0,3.0,4.0,3.0,2.0,0.0,2.0
59000000,4,72,алматы,43.226824,76.906784,1961,1128.0,2.0,3.0,1.0,1.0,2.0,3.0,0.0,2.0
36500000,3,77,алматы,43.288864855213,77.015120623484,2024,1601.0,4.0,10.0,2.0,1.0,3.0,2.0,0.0,2.0
33000000,3,58,алматы,43.222508,76.787011,2021,416.0,9.0,10.0,3.0,1.0,1.0,2.0,0.0,2.0
78000000,3,74,алматы,43.252458,76.955275,1986,1601.0,3.0,12.0,3.0,1.0,3.0,1.0,0.0,2.0
48000000,2,41,алматы,43.240405217908,76.909024952709,2020,984.0,12.0,16.0,3.0,2.0,1.0,2.0,0.0,2.0
36000000,1,35,алматы,43.220857728508,76.935572982803,1980,2652.0,5.0,5.0,1.0,2.0,2.0,2.0,0.0,2.0
27990000,1,47,алматы,43.239422,76.862919,1993,2301.0,4.0,12.0,2.0,1.0,1.0,1.0,0.0,2.0
38500000,3,72,алматы,43.226257186964,76.845061067458,1991,2537.0,9.0,12.0,3.0,1.0,2.0,1.0,0.0,2.0
23000000,1,40,алматы,43.255698618247,76.821480533729,2015,1846.0,7.0,9.0,3.0,2.0,3.0,2.0,0.0,2.0
73000000,4,87,алматы,43.199536225833,76.893644107562,1985,1770.0,3.0,5.0,1.0,2.0,3.0,1.0,0.0,2.0
33000000,1,51,алматы,43.24134,76.823654,2008,535.0,4.0,9.0,3.0,1.0,1.0,2.0,0.0,2.0
19000000,1,46,алматы,43.295177140593,76.831577765,2020,1959.0,5.0,5.0,3.0,1.0,2.0,2.0,0.0,2.0
39000000,2,44,алматы,43.200764750666,76.885222592373,1973,1601.0,3.0,5.0,2.0,1.0,1.0,2.0,0.0,2.0
70000000,3,110,алматы,43.220884102778,76.842243978703,2010,529.0,7.0,11.0,3.0,2.0,2.0,2.0,0.0,2.0
27000000,2,48,алматы,43.207994434183,76.78809299969,2024,2403.0,8.0,9.0,3.0,1.0,1.0,2.0,0.0,2.0
34000000,1,56,алматы,43.243485568875,76.875818990302,2008,640.0,2.0,18.0,3.0,2.0,2.0,2.0,0.0,2.0
26600000,1,33,алматы,43.246846996551,76.869769298853,2022,1833.0,4.0,9.0,3.0,1.0,2.0,2.0,0.0,2.0
80000000,4,100,алматы,43.230595,76.919782,1980,1298.0,2.0,5.0,1.0,1.0,1.0,3.0,0.0,2.0
19000000,1,31,алматы,43.328499265538,76.919956269836,1988,463.0,3.0,5.0,1.0,4.0,3.0,2.0,0.0,2.0
80000000,2,64,алматы,43.240405217908,76.909024952709,2020,984.0,3.0,16.0,3.0,1.0,2.0,2.0,0.0,2.0
15000000,1,18,алматы,43.241299560467,76.858259755959,1979,1601.0,1.0,5.0,1.0,1.0,2.0,2.0,0.0,1.0
48500000,2,51,алматы,43.260346207984,76.96085789735,2014,709.0,9.0,14.0,3.0,1.0,2.0,2.0,0.0,2.0
41000000,2,50,алматы,43.247578136262,76.890892703472,1982,2223.0,2.0,5.0,2.0,2.0,2.0,2.0,0.0,2.0
55000000,4,74,алматы,43.214776,76.900343,1979,1894.0,4.0,5.0,2.0,1.0,2.0,2.0,0.0,2.0
63000000,3,120,алматы,43.219750173977,76.841610636111,2007,32.0,9.0,12.0,3.0,2.0,1.0,2.0,0.0,2.0
32000000,2,55,алматы,43.244864150598,76.813762222825,2011,11.0,8.0,9.0,3.0,1.0,2.0,2.0,0.0,2.0
21000000,1,33,алматы,43.237715339143,76.841067229499,1976,1144.0,3.0,5.0,2.0,1.0,2.0,2.0,0.0,2.0
13500000,1,17,алматы,43.225642,76.862137,1968,2638.0,2.0,4.0,2.0,4.0,3.0,2.0,0.0,1.0
44000000,2,47,алматы,43.240134754515,76.889859711634,1984,1963.0,4.0,5.0,1.0,1.0,1.0,1.0,0.0,2.0
32500000,2,45,алматы,43.237807,76.901313,1973,2124.0,3.0,5.0,2.0,2.0,2.0,1.0,0.0,2.0
35500000,2,60,алматы,43.207077998112,76.788054473386,2022,2403.0,6.0,10.0,3.0,1.0,2.0,2.0,0.0,2.0
41500000,2,54,алматы,43.217109632327,76.88161884243,2022,1817.0,1.0,10.0,3.0,1.0,2.0,2.0,0.0,2.0
52000000,3,70,алматы,43.262554353583,76.918500452423,2019,1542.0,4.0,13.0,3.0,2.0,1.0,2.0,0.0,2.0
41000000,2,56,алматы,43.236721360909,76.881660999447,2024,2555.0,9.0,20.0,3.0,6.0,2.0,2.0,0.0,2.0
24500000,1,40,алматы,43.281001842914,76.822021414978,2015,1414.0,9.0,9.0,3.0,1.0,1.0,2.0,0.0,2.0
45000000,2,80,алматы,43.244873,76.876259,2012,463.0,5.0,19.0,3.0,1.0,2.0,2.0,0.0,2.0
39000000,2,92,алматы,43.223841127129,76.792911683095,2012,92.0,11.0,16.0,3.0,2.0,2.0,2.0,0.0,2.0
30000000,1,41,алматы,43.220009840556,76.840067846556,1994,984.0,9.0,9.0,1.0,1.0,2.0,2.0,0.0,2.0
52000000,3,61,алматы,43.245479794248,76.869882493618,2020,1418.0,5.0,12.0,3.0,1.0,2.0,2.0,0.0,2.0
25000000,1,35,алматы,43.258439,76.882547,2019,1601.0,8.0,9.0,3.0,2.0,2.0,2.0,0.0,2.0
44500000,2,83,алматы,43.248735200605,76.866272247081,2016,2059.0,4.0,13.0,3.0,2.0,1.0,3.0,0.0,2.0
30500000,2,45,алматы,43.220030802753,76.871430409471,1966,2864.0,4.0,4.0,2.0,1.0,2.0,1.0,0.0,2.0
44000000,2,69,алматы,43.170241568993,76.910204886954,2023,2066.0,4.0,3.0,3.0,1.0,2.0,2.0,0.0,2.0
82000000,3,98,алматы,43.234678505129,76.938064213391,2008,63.0,4.0,14.0,3.0,1.0,2.0,2.0,0.0,2.0
31500000,2,47,алматы,43.228302,76.855202,1970,2054.0,2.0,4.0,2.0,1.0,2.0,2.0,0.0,2.0
44500000,3,57,алматы,43.322137,76.910512,1982,2572.0,1.0,5.0,2.0,1.0,1.0,1.0,0.0,2.0
38000000,1,41,алматы,43.214522421881,76.892049908802,2019,1189.0,10.0,12.0,3.0,1.0,1.0,2.0,0.0,2.0
19000000,1,40,алматы,43.355931,76.920941,2009,1494.0,5.0,6.0,3.0,1.0,2.0,2.0,0.0,2.0
55900000,2,53,алматы,43.205216710192,76.893489130639,2021,1552.0,14.0,17.0,3.0,1.0,1.0,2.0,0.0,2.0
28000000,1,43,алматы,43.2736137996,76.81450618526,2025,2147.0,1.0,12.0,3.0,1.0,2.0,2.0,0.0,2.0
37000000,2,58,алматы,43.260317,76.822845,2019,636.0,4.0,12.0,3.0,1.0,1.0,1.0,0.0,2.0
49700000,3,87,алматы,43.258322440143,76.866277456229,2024,2981.0,11.0,12.0,3.0,1.0,2.0,2.0,0.0,2.0
32000000,2,45,алматы,43.21423,76.860467,1968,1482.0,1.0,4.0,2.0,1.0,2.0,2.0,0.0,2.0
45000000,2,70,алматы,43.242430080105,76.876360496192,2012,463.0,6.0,18.0,3.0,1.0,2.0,1.0,0.0,2.0
55000000,3,70,алматы,43.245479794248,76.869882493618,2020,1418.0,12.0,13.0,3.0,1.0,2.0,3.0,1.0,2.0
15000000,1,21,алматы,43.241051,76.903406,1978,1494.0,3.0,5.0,1.0,1.0,2.0,2.0,0.0,1.0
85000000,3,109,алматы,43.236957141166,76.894037930191,2010,34.0,15.0,21.0,3.0,1.0,1.0,3.0,0.0,2.0
41999999,3,58,алматы,43.230004,76.918812,1973,977.0,2.0,4.0,2.0,2.0,1.0,1.0,0.0,2.0
85000000,3,117,алматы,43.243485568875,76.875818990302,2007,640.0,3.0,18.0,3.0,1.0,2.0,2.0,0.0,2.0
26500000,2,63,алматы,43.276886,76.818255,2015,867.0,1.0,9.0,3.0,1.0,2.0,1.0,0.0,2.0
29000000,2,49,алматы,43.293337811974,77.008923761423,2021,2021.0,5.0,5.0,3.0,2.0,1.0,2.0,1.0,2.0
36500000,3,58,алматы,43.222791,76.874283,1967,1522.0,1.0,4.0,2.0,1.0,2.0,2.0,0.0,2.0
59900000,3,87,алматы,43.22036668305,76.842479441801,2016,2188.0,5.0,9.0,3.0,1.0,2.0,1.0,0.0,2.0
32000000,1,39,алматы,43.211374899261,76.793861972402,2023,2075.0,12.0,12.0,3.0,1.0,1.0,2.0,0.0,2.0
22500000,1,41,алматы,43.260087,76.815326,2017,1446.0,3.0,9.0,3.0,2.0,2.0,2.0,0.0,2.0
35000000,1,40,алматы,43.199518,76.874426,1977,2374.0,7.0,8.0,2.0,1.0,1.0,2.0,0.0,2.0
50000000,2,68,алматы,43.16974607729,76.872367858887,2016,120.0,10.0,10.0,3.0,1.0,1.0,2.0,0.0,2.0
35000000,1,42,алматы,43.214907,76.875684,1988,1601.0,6.0,9.0,2.0,1.0,1.0,2.0,0.0,2.0
63000000,3,70,алматы,43.161206424633,76.905792592879,2019,307.0,1.0,3.0,2.0,1.0,1.0,2.0,0.0,2.0
35800000,2,56,алматы,43.237285422135,76.882590165418,2024,2555.0,11.0,15.0,3.0,5.0,2.0,2.0,0.0,2.0
59000000,2,53,алматы,43.238874982771,76.934648642864,2020,1417.0,2.0,9.0,3.0,1.0,1.0,1.0,0.0,2.0
43500000,3,60,алматы,43.245492766494,76.920926279762,1978,692.0,2.0,5.0,2.0,1.0,2.0,2.0,0.0,2.0
18000000,2,36,алматы,43.309301,76.941144,1964,349.0,1.0,2.0,2.0,2.0,2.0,2.0,0.0,2.0
13000000,1,35,алматы,43.289201082162,76.926708233083,1965,3077.0,1.0,2.0,2.0,1.0,2.0,2.0,0.0,2.0
25000000,2,62,алматы,43.356324,76.921579,2009,2600.0,6.0,6.0,2.0,1.0,2.0,1.0,0.0,2.0
65000000,2,62,алматы,43.230028241857,76.876761868133,2019,1401.0,14.0,16.0,3.0,1.0,1.0,2.0,0.0,2.0
37000000,2,55,алматы,43.221009696864,76.886923955006,2023,1959.0,4.0,6.0,3.0,1.0,2.0,2.0,0.0,2.0
26500000,2,43,алматы,43.223389540801,76.872831890876,1967,2505.0,4.0,4.0,2.0,1.0,2.0,2.0,0.0,2.0
45000000,2,50,алматы,43.264663,76.944073,1978,1601.0,5.0,5.0,2.0,1.0,1.0,2.0,0.0,2.0
64990000,3,90,алматы,43.295424551744,76.991684605265,2022,1819.0,5.0,7.0,3.0,1.0,1.0,2.0,0.0,2.0
24500000,2,46,алматы,43.368899778871,76.987475474868,1969,1601.0,2.0,4.0,2.0,1.0,2.0,2.0,0.0,2.0
73500000,3,98,алматы,43.233894267748,76.875101566839,2024,2831.0,9.0,16.0,3.0,5.0,2.0,2.0,0.0,2.0
28000000,2,55,алматы,43.266703546156,76.819914404307,2017,1117.0,12.0,12.0,3.0,1.0,2.0,2.0,0.0,2.0
13100000,1,27,алматы,43.285713,76.968076,1968,487.0,2.0,2.0,1.0,1.0,3.0,2.0,0.0,2.0
28000000,2,44,алматы,43.254106,76.918911,1975,2555.0,1.0,4.0,2.0,2.0,2.0,2.0,0.0,2.0
31700000,2,71,алматы,43.280988,76.917887,2004,1097.0,3.0,5.0,1.0,4.0,3.0,2.0,0.0,2.0
42000000,2,51,алматы,43.226365,76.904062,1982,2282.0,2.0,4.0,2.0,1.0,1.0,2.0,0.0,2.0
79000000,3,100,алматы,43.230763724798,76.877211331767,2023,1401.0,13.0,16.0,3.0,6.0,2.0,3.0,0.0,2.0
31000000,2,43,алматы,43.1970178916,76.879581626984,1975,1601.0,5.0,5.0,2.0,2.0,2.0,2.0,0.0,2.0
56000000,2,76,алматы,43.259421838792,76.927448301697,2015,630.0,15.0,16.0,3.0,1.0,1.0,2.0,0.0,2.0
38500000,2,48,алматы,43.245980447215,76.913769475009,2019,1128.0,10.0,12.0,3.0,1.0,1.0,2.0,0.0,2.0
37500000,3,82,алматы,43.254520210315,76.863757305955,2024,2388.0,8.0,12.0,3.0,6.0,2.0,2.0,0.0,2.0
42900000,2,59,алматы,43.285157199071,77.001857542328,2019,1236.0,4.0,5.0,3.0,2.0,2.0,2.0,0.0,2.0
33000000,2,46,алматы,43.258531,76.820743,2024,20.0,6.0,6.0,3.0,1.0,2.0,2.0,0.0,2.0
26900000,1,40,алматы,43.242975,76.890605,1988,1976.0,1.0,9.0,2.0,1.0,2.0,2.0,0.0,2.0
43000000,3,87,алматы,43.254342,76.820896,2014,742.0,9.0,9.0,3.0,1.0,2.0,1.0,0.0,2.0
45800000,2,48,алматы,43.24320617919,76.855535171577,2023,2375.0,17.0,18.0,3.0,1.0,1.0,1.0,0.0,2.0
34800000,2,44,алматы,43.259923,76.866333,2020,758.0,6.0,12.0,3.0,1.0,1.0,2.0,0.0,2.0
38000000,2,54,алматы,43.252878,76.925487,1961,1096.0,3.0,4.0,1.0,4.0,2.0,1.0,0.0,2.0
18000000,3,50,алматы,43.244893,76.791557,1968,349.0,4.0,4.0,1.0,2.0,2.0,2.0,0.0,2.0
35000000,2,64,алматы,43.322273467391,76.983784856076,2018,1158.0,4.0,5.0,3.0,1.0,2.0,1.0,0.0,2.0
25000000,1,32,алматы,43.202482784004,76.8813757705,1973,2547.0,2.0,5.0,2.0,2.0,2.0,2.0,0.0,2.0
55000000,3,73,алматы,43.272350983291,76.946628780668,2022,1822.0,3.0,13.0,3.0,1.0,2.0,3.0,0.0,2.0
75000000,2,74,алматы,43.232298371068,76.884929770359,2022,1714.0,2.0,17.0,3.0,1.0,1.0,3.0,0.0,2.0
35000000,2,56,алматы,43.297967384186,76.896863697753,2021,1537.0,2.0,9.0,3.0,1.0,1.0,2.0,1.0,2.0
16000000,1,20,алматы,43.167241,76.877544,1974,1601.0,2.0,5.0,2.0,1.0,1.0,2.0,0.0,2.0
45777444,2,63,алматы,43.269153,76.954116,2000,1416.0,8.0,9.0,1.0,1.0,2.0,2.0,0.0,2.0
17000000,1,21,алматы,43.231264266035,76.797298192978,2023,2599.0,12.0,12.0,3.0,1.0,2.0,2.0,0.0,2.0
66000000,3,135,алматы,43.247510845296,76.868886455483,2012,3191.0,13.0,19.0,3.0,1.0,2.0,3.0,0.0,2.0
38000000,3,58,алматы,43.252637582225,76.872527924592,1980,1601.0,4.0,5.0,2.0,1.0,2.0,1.0,0.0,2.0
32000000,1,50,алматы,43.329190252207,76.939827966339,2021,1689.0,9.0,10.0,3.0,1.0,2.0,2.0,1.0,2.0
32500000,2,58,алматы,43.267027341864,76.820307535056,2020,1752.0,9.0,12.0,3.0,2.0,2.0,1.0,0.0,2.0
62500000,3,70,алматы,43.25712801158,76.914003916069,2016,729.0,8.0,12.0,3.0,1.0,2.0,1.0,0.0,2.0
34000000,2,47,алматы,43.246970041536,76.852302446655,2021,2129.0,6.0,10.0,3.0,1.0,1.0,2.0,0.0,2.0
26000000,2,43,алматы,43.231596077839,76.843629203705,1971,2132.0,4.0,4.0,2.0,1.0,2.0,2.0,0.0,2.0
62500000,3,70,алматы,43.231074642998,76.885882615934,2019,601.0,12.0,12.0,3.0,1.0,2.0,2.0,0.0,2.0
47500000,2,51,алматы,43.236044543786,76.88819016606,2018,997.0,7.0,9.0,3.0,1.0,1.0,2.0,0.0,2.0
27000000,1,32,алматы,43.229034198927,76.919835456344,1972,1520.0,4.0,4.0,2.0,2.0,1.0,2.0,0.0,2.0
40000000,1,40,алматы,43.21750275816,76.878055490603,2025,3426.0,7.0,9.0,3.0,1.0,2.0,2.0,0.0,2.0
31500000,2,42,алматы,43.202824229154,76.883808753302,1976,534.0,1.0,5.0,2.0,1.0,2.0,2.0,0.0,2.0
31000000,2,60,алматы,43.216964,76.772602,2019,2826.0,2.0,10.0,3.0,1.0,2.0,2.0,0.0,2.0
43500000,3,70,алматы,43.264794,76.941989,1972,2713.0,8.0,9.0,2.0,1.0,2.0,2.0,0.0,2.0
40500000,3,59,алматы,43.210334,76.903469,1974,2072.0,5.0,5.0,2.0,1.0,2.0,2.0,0.0,2.0
34500000,2,60,алматы,43.236092624297,76.808679115483,2020,1171.0,15.0,16.0,3.0,2.0,2.0,2.0,0.0,2.0
46000000,3,78,алматы,43.224630816948,76.783597354235,2019,710.0,8.0,10.0,3.0,2.0,2.0,1.0,0.0,2.0
35500000,2,52,алматы,43.210978,76.871893,1985,1601.0,5.0,5.0,2.0,2.0,1.0,1.0,0.0,2.0
35000000,1,32,алматы,43.215071,76.898501,1987,2161.0,4.0,6.0,2.0,1.0,2.0,2.0,0.0,2.0
72000000,3,88,алматы,43.231349985529,76.883918101094,2014,601.0,4.0,15.0,3.0,2.0,1.0,3.0,0.0,2.0
18600000,1,31,алматы,43.341223270345,76.944882583383,2023,1273.0,4.0,5.0,2.0,1.0,2.0,2.0,0.0,2.0
57000000,2,51,алматы,43.234227255462,76.890671254514,2023,2125.0,7.0,12.0,3.0,1.0,2.0,2.0,0.0,2.0
22000000,1,45,алматы,43.268953006199,76.823329925483,2025,3028.0,2.0,12.0,3.0,5.0,2.0,2.0,0.0,2.0
78780000,4,128,алматы,43.169991,76.871525,2013,120.0,8.0,10.0,3.0,1.0,2.0,3.0,0.0,2.0
29500000,2,42,алматы,43.260220866077,76.812710351768,2017,921.0,7.0,8.0,3.0,1.0,2.0,2.0,0.0,2.0
45500000,2,69,алматы,43.220281,76.842204,2011,309.0,11.0,11.0,3.0,1.0,1.0,2.0,0.0,2.0
28000000,2,38,алматы,43.212575,76.880706,1969,1601.0,2.0,4.0,1.0,1.0,3.0,2.0,0.0,1.0
32500000,2,56,алматы,43.297497567618,76.995814620644,2025,2960.0,2.0,9.0,3.0,1.0,2.0,2.0,0.0,2.0
40000000,2,52,алматы,43.259574035419,76.915939668646,1978,177.0,4.0,5.0,2.0,2.0,2.0,1.0,0.0,2.0
22500000,1,33,алматы,43.209973,76.887569,1975,1365.0,1.0,4.0,2.0,2.0,1.0,1.0,0.0,2.0
81990720,2,92,алматы,43.227798498906,76.88536594687,2025,607.0,4.0,6.0,3.0,4.0,2.0,3.0,0.0,2.0
29500000,1,44,алматы,43.214267422195,76.850898922615,2006,601.0,7.0,9.0,3.0,1.0,2.0,2.0,0.0,2.0
40000000,3,63,алматы,43.266527,76.95081,1970,1601.0,1.0,4.0,2.0,1.0,2.0,2.0,0.0,2.0
33000000,2,47,алматы,43.267748,76.955472,2008,3464.0,10.0,10.0,3.0,1.0,2.0,2.0,0.0,2.0
37900000,2,60,алматы,43.323510463763,76.913746127647,1985,1228.0,2.0,5.0,2.0,1.0,2.0,1.0,0.0,2.0
44000000,2,53,алматы,43.191734053685,76.809374543295,2020,1109.0,4.0,4.0,3.0,1.0,2.0,2.0,0.0,2.0
17000000,1,28,алматы,43.221705980823,76.786440765848,2019,1124.0,1.0,10.0,3.0,1.0,1.0,2.0,0.0,2.0
75000000,3,83,алматы,43.237604471488,76.895563588306,2020,1051.0,7.0,16.0,3.0,2.0,2.0,3.0,0.0,2.0
32000000,2,64,алматы,43.360401,76.994325,2009,1829.0,1.0,8.0,2.0,1.0,1.0,1.0,0.0,2.0
42000000,3,58,алматы,43.231679,76.888566,1982,2548.0,5.0,5.0,2.0,1.0,1.0,2.0,0.0,2.0
75000000,3,142,алматы,43.243485568875,76.875818990302,2007,640.0,20.0,20.0,3.0,2.0,1.0,3.0,0.0,2.0
37000000,2,55,алматы,43.268674,76.936563,2011,2067.0,10.0,10.0,3.0,2.0,1.0,2.0,0.0,2.0
70000000,2,65,алматы,43.179586557028,76.866418338313,2008,19.0,8.0,9.0,3.0,1.0,1.0,2.0,0.0,2.0
43950000,2,43,алматы,43.236930943868,76.887052909439,2023,997.0,4.0,12.0,3.0,1.0,1.0,2.0,0.0,2.0
22000000,2,34,алматы,43.307136,76.899391,1978,190.0,2.0,3.0,2.0,1.0,2.0,2.0,0.0,1.0
29500000,1,45,алматы,43.214827030994,76.855136136245,2012,1601.0,8.0,10.0,3.0,2.0,2.0,2.0,0.0,2.0
43000000,3,65,алматы,43.26014,76.920447,1974,3277.0,1.0,5.0,2.0,1.0,2.0,1.0,0.0,2.0
74900000,2,83,алматы,43.200674256746,76.899601562852,2023,2080.0,17.0,20.0,3.0,1.0,2.0,2.0,0.0,2.0
27000000,1,43,алматы,43.24205038256,76.825115621994,2008,535.0,9.0,9.0,3.0,1.0,1.0,2.0,0.0,2.0
34500000,2,67,алматы,43.253464730792,76.879695720942,1983,261.0,5.0,5.0,1.0,2.0,1.0,1.0,0.0,2.0
36500000,3,59,алматы,43.248078931565,76.89178164418,1978,2442.0,1.0,5.0,2.0,2.0,3.0,2.0,0.0,2.0
32000000,1,40,алматы,43.218358393092,76.841678169311,1990,1601.0,6.0,9.0,1.0,1.0,2.0,2.0,0.0,2.0
27000000,1,43,алматы,43.246259,76.934694,2006,2012.0,13.0,13.0,3.0,1.0,2.0,2.0,0.0,2.0
28000000,2,46,алматы,43.214813659621,76.864106074729,1968,2318.0,2.0,4.0,2.0,1.0,2.0,2.0,0.0,2.0
44499999,3,92,алматы,43.303242424962,76.921590631947,2004,1601.0,6.0,9.0,3.0,1.0,2.0,1.0,0.0,2.0
52000000,2,56,алматы,43.219476154375,76.888047499407,2024,1601.0,16.0,17.0,3.0,1.0,1.0,2.0,0.0,2.0
37000000,4,75,алматы,43.252484,76.872773,1981,633.0,4.0,5.0,2.0,4.0,2.0,1.0,0.0,2.0
28500000,2,60,алматы,43.327801919673,76.92087423677,1983,2055.0,5.0,5.0,2.0,2.0,2.0,1.0,0.0,2.0
76000000,2,78,алматы,43.207909039956,76.895041477282,2021,1481.0,5.0,6.0,3.0,1.0,2.0,2.0,0.0,2.0
19500000,1,39,алматы,43.281298069804,76.820225763229,2015,487.0,6.0,9.0,3.0,2.0,1.0,2.0,0.0,2.0
17500000,1,27,алматы,43.221705980823,76.786440765848,2019,1124.0,6.0,10.0,3.0,2.0,1.0,2.0,0.0,2.0
40000000,2,47,алматы,43.267445229911,76.928134172637,2023,2146.0,12.0,12.0,3.0,1.0,2.0,2.0,0.0,2.0
19500000,1,28,алматы,43.224256,76.891961,1962,2389.0,1.0,4.0,1.0,4.0,2.0,2.0,0.0,2.0
57000000,3,74,алматы,43.226673,76.845222,2019,1601.0,4.0,9.0,3.0,1.0,2.0,2.0,0.0,2.0
43000000,3,70,алматы,43.266703546156,76.819914404307,2018,1117.0,2.0,12.0,3.0,2.0,1.0,1.0,0.0,2.0
79500000,3,78,алматы,43.209773070335,76.884879333282,2023,2917.0,4.0,12.0,3.0,1.0,1.0,2.0,0.0,2.0
52000000,3,74,алматы,43.224693634912,76.841952632917,1991,120.0,2.0,9.0,2.0,1.0,1.0,1.0,0.0,2.0
26000000,2,49,алматы,43.263779521686,76.898934907398,2025,3071.0,7.0,9.0,3.0,1.0,2.0,2.0,0.0,2.0
29000000,2,47,алматы,43.261984,76.896893,1982,722.0,2.0,5.0,1.0,1.0,2.0,2.0,0.0,2.0
73000000,3,73,алматы,43.244775,76.939572,1966,1967.0,3.0,4.0,1.0,1.0,1.0,2.0,0.0,2.0
24000000,1,41,алматы,43.357252491226,76.922582499683,2010,360.0,1.0,6.0,3.0,1.0,1.0,2.0,0.0,2.0
57000000,2,75,алматы,43.259421838792,76.927448301697,2015,630.0,14.0,16.0,3.0,2.0,2.0,2.0,0.0,2.0
75200200,4,80,алматы,43.231488,76.951861,1991,1897.0,7.0,9.0,3.0,4.0,3.0,1.0,0.0,2.0
50000000,2,48,алматы,43.260264,76.960153,2016,2935.0,13.0,14.0,3.0,1.0,2.0,2.0,0.0,2.0
34000000,2,45,алматы,43.244385373406,76.902413287033,1982,749.0,5.0,5.0,2.0,2.0,2.0,1.0,0.0,2.0
57000000,4,115,алматы,43.247510845296,76.868886455483,2012,3191.0,17.0,21.0,3.0,2.0,1.0,3.0,0.0,2.0
24500000,2,55,алматы,43.223841127129,76.792911683095,2012,92.0,1.0,16.0,3.0,1.0,2.0,2.0,0.0,2.0
42500000,2,55,алматы,43.212667,76.863395,1980,901.0,5.0,5.0,1.0,1.0,2.0,2.0,0.0,2.0
39500000,2,60,алматы,43.200465922387,76.878040152114,1978,2470.0,6.0,8.0,2.0,1.0,2.0,1.0,0.0,2.0
25500000,1,36,алматы,43.209325202892,76.863815865087,1978,915.0,4.0,5.0,1.0,1.0,2.0,2.0,0.0,2.0
42000000,2,62,алматы,43.247859498885,76.904715865081,1980,2519.0,9.0,9.0,2.0,2.0,2.0,1.0,0.0,2.0
28000000,2,43,алматы,43.207522,76.902346,1977,1601.0,5.0,5.0,2.0,1.0,2.0,2.0,0.0,2.0
59500000,3,77,алматы,43.195561,76.888575,1990,1386.0,3.0,9.0,2.0,1.0,2.0,2.0,0.0,2.0
40000000,3,77,алматы,43.356731,76.919207,2008,1344.0,4.0,6.0,3.0,1.0,2.0,1.0,0.0,2.0
55800000,3,76,алматы,43.22241,76.845501,1992,2571.0,8.0,9.0,2.0,1.0,1.0,1.0,0.0,2.0
43500000,3,66,алматы,43.208948,76.900379,1982,1148.0,3.0,5.0,2.0,1.0,2.0,2.0,0.0,2.0
80000000,3,80,алматы,43.26215,76.96167,1977,103.0,5.0,5.0,1.0,1.0,2.0,2.0,0.0,2.0
70000000,3,65,алматы,43.24224,76.928164,1974,1866.0,3.0,4.0,1.0,1.0,1.0,2.0,0.0,2.0
48000000,3,83,алматы,43.241340485664,76.810090851075,2016,11.0,2.0,16.0,3.0,1.0,2.0,3.0,1.0,2.0
45500000,3,82,алматы,43.215525,76.773294,2021,3346.0,2.0,5.0,2.0,1.0,2.0,1.0,1.0,2.0
19500000,1,36,алматы,43.355504426243,76.92302707473,2009,1426.0,1.0,6.0,3.0,2.0,1.0,2.0,0.0,2.0
44500000,2,78,алматы,43.218298294283,76.880121253562,2008,534.0,16.0,16.0,3.0,1.0,1.0,3.0,0.0,2.0
50500000,2,69,алматы,43.204380398979,76.871451164009,2015,755.0,5.0,12.0,3.0,1.0,1.0,1.0,0.0,2.0
30000000,1,30,алматы,43.2687,76.942941,1974,527.0,1.0,4.0,2.0,2.0,1.0,2.0,0.0,2.0
40000000,2,47,алматы,43.267445229911,76.928134172637,2023,2146.0,12.0,12.0,3.0,1.0,2.0,2.0,0.0,2.0
34000000,1,43,алматы,43.204927790695,76.877060549887,2009,48.0,5.0,15.0,3.0,1.0,2.0,2.0,0.0,2.0
36000000,1,41,алматы,43.203098411657,76.903484203705,1990,2968.0,7.0,9.0,2.0,2.0,2.0,2.0,0.0,2.0
17000000,1,35,алматы,43.209059541386,76.7845168711,2025,3172.0,4.0,9.0,3.0,5.0,2.0,2.0,0.0,2.0
28500000,3,58,алматы,43.232020252018,76.847103988746,1970,2003.0,1.0,4.0,2.0,4.0,2.0,2.0,0.0,2.0
49000000,4,73,алматы,43.197914,76.8789,1975,2869.0,2.0,5.0,2.0,4.0,2.0,1.0,0.0,2.0
27000000,2,41,алматы,43.336768807794,76.91221175811,1985,2935.0,3.0,5.0,2.0,2.0,1.0,2.0,0.0,2.0
37800000,1,48,алматы,43.204927790695,76.877060549887,2004,48.0,10.0,16.0,3.0,1.0,1.0,2.0,0.0,2.0
39000000,1,37,алматы,43.194032502321,76.931383501175,2019,576.0,2.0,8.0,3.0,2.0,2.0,2.0,0.0,2.0
84999990,3,104,алматы,43.236908485909,76.880335450161,2022,1549.0,11.0,18.0,3.0,1.0,1.0,3.0,0.0,2.0
50000000,4,70,алматы,43.255156,76.902472,1974,788.0,4.0,4.0,1.0,1.0,2.0,1.0,0.0,2.0
40000000,2,64,алматы,43.213881061737,76.849217467494,2005,2534.0,1.0,9.0,3.0,1.0,2.0,1.0,0.0,2.0
31999999,2,42,алматы,43.198808,76.885664,1975,220.0,4.0,5.0,2.0,1.0,2.0,2.0,1.0,2.0
53000000,2,62,алматы,43.237480785752,76.904236506385,1973,3225.0,4.0,5.0,1.0,1.0,2.0,2.0,0.0,2.0
32500000,3,60,алматы,43.234996,76.85805,1975,1601.0,1.0,4.0,2.0,2.0,2.0,2.0,0.0,2.0
21000000,1,32,алматы,43.321610038801,76.90923653373,1982,1401.0,2.0,4.0,2.0,1.0,2.0,2.0,0.0,2.0
33000000,1,45,алматы,43.231096989712,76.832493562958,2018,957.0,8.0,10.0,3.0,1.0,1.0,2.0,0.0,2.0
10000000,1,17,алматы,43.231909,76.797108,1983,2224.0,1.0,5.0,2.0,2.0,2.0,1.0,0.0,1.0
54000000,2,50,алматы,43.233894267748,76.875101566839,2020,1206.0,13.0,16.0,3.0,1.0,1.0,2.0,0.0,2.0
43000000,3,63,алматы,43.256857,76.93562,1968,1601.0,5.0,5.0,2.0,1.0,1.0,2.0,0.0,2.0
29000000,2,44,алматы,43.228158,76.866881,1971,177.0,2.0,4.0,2.0,1.0,2.0,2.0,0.0,2.0
55000000,3,90,алматы,43.247585,76.868749,2012,1866.0,13.0,21.0,3.0,1.0,1.0,3.0,0.0,2.0
28000000,2,33,алматы,43.222896,76.964977,1967,1008.0,1.0,4.0,1.0,2.0,2.0,2.0,0.0,1.0
25000000,1,44,алматы,43.322838607644,76.983944849442,2017,2967.0,4.0,5.0,3.0,1.0,1.0,2.0,0.0,2.0
35000000,2,52,алматы,43.261393015994,76.892009727725,2024,1997.0,12.0,12.0,3.0,1.0,2.0,2.0,0.0,2.0
75000000,2,71,алматы,43.210744609415,76.94995880127,2008,461.0,2.0,7.0,3.0,1.0,2.0,2.0,0.0,2.0
41000000,3,58,алматы,43.219651,76.85717,1969,2403.0,1.0,4.0,2.0,1.0,2.0,2.0,0.0,2.0
25500000,2,53,алматы,43.370848,76.943561,1986,1010.0,1.0,3.0,2.0,2.0,2.0,1.0,0.0,2.0
36500000,2,50,алматы,43.260665,76.816701,2017,3265.0,4.0,14.0,3.0,1.0,2.0,2.0,0.0,2.0
43000000,3,72,алматы,43.208420841765,76.78877022743,2023,2403.0,4.0,9.0,3.0,1.0,1.0,2.0,0.0,2.0
11000000,1,17,алматы,43.289716,76.930104,1972,19.0,2.0,4.0,2.0,1.0,2.0,2.0,0.0,1.0
49500000,3,63,алматы,43.229445,76.89948,1978,2199.0,2.0,5.0,2.0,1.0,2.0,2.0,0.0,2.0
58200000,2,62,алматы,43.213547,76.885637,2018,996.0,4.0,12.0,3.0,1.0,1.0,2.0,0.0,2.0
28000000,1,48,алматы,43.254316,76.818659,2018,1083.0,3.0,9.0,3.0,1.0,1.0,2.0,0.0,2.0
43000000,3,70,алматы,43.212574265822,76.871680798959,1991,1486.0,5.0,5.0,2.0,2.0,2.0,1.0,0.0,2.0
16500000,1,34,алматы,43.337981,76.913288,2011,1601.0,4.0,6.0,2.0,1.0,2.0,2.0,0.0,2.0
58000000,3,83,алматы,43.322028104273,77.020380666203,2022,1866.0,4.0,7.0,3.0,1.0,1.0,1.0,0.0,2.0
35000000,2,46,алматы,43.213969257424,76.872733100805,2017,1060.0,16.0,17.0,3.0,2.0,1.0,2.0,0.0,2.0
32000000,2,49,алматы,43.228473,76.841144,1987,2638.0,1.0,5.0,2.0,1.0,2.0,2.0,0.0,2.0
70000000,2,75,алматы,43.259421838792,76.927448301697,2015,630.0,2.0,16.0,3.0,1.0,1.0,2.0,0.0,2.0
17500000,1,23,алматы,43.243205,76.882835,1977,1075.0,3.0,4.0,2.0,1.0,2.0,2.0,0.0,2.0
26500000,2,45,алматы,43.292679384553,77.013974189649,2024,3136.0,1.0,3.0,3.0,6.0,2.0,2.0,0.0,2.0
49000000,3,92,алматы,43.304269,76.921965,2005,3239.0,5.0,9.0,3.0,2.0,2.0,1.0,0.0,2.0
23500000,1,40,алматы,43.254520210315,76.863757305955,2024,2388.0,9.0,12.0,3.0,1.0,2.0,2.0,0.0,2.0
36400000,2,48,алматы,43.246128,76.852957,2022,2129.0,3.0,10.0,1.0,1.0,1.0,2.0,0.0,2.0
23000000,1,45,алматы,43.226585836858,76.782099163631,2019,1124.0,1.0,6.0,3.0,2.0,2.0,2.0,0.0,2.0
32000000,3,76,алматы,43.221705980823,76.786440765848,2019,1124.0,6.0,6.0,3.0,1.0,2.0,2.0,0.0,2.0
72000000,3,85,алматы,43.179954894022,76.867011010147,2008,19.0,4.0,9.0,3.0,1.0,1.0,3.0,0.0,2.0
48000000,3,87,алматы,43.250677102996,76.826045604561,2010,578.0,7.0,9.0,3.0,1.0,2.0,2.0,0.0,2.0
55000000,3,70,алматы,43.246574,76.889249,1982,2904.0,5.0,5.0,1.0,2.0,2.0,1.0,0.0,2.0
60000000,2,66,алматы,43.225268048824,76.933566145599,2012,104.0,13.0,16.0,3.0,2.0,2.0,2.0,0.0,2.0
53000000,2,54,алматы,43.229999741801,76.94923770319,2023,1190.0,17.0,19.0,3.0,6.0,2.0,2.0,0.0,2.0
32500000,2,70,алматы,43.255153409128,76.818632618191,2018,1821.0,6.0,12.0,2.0,1.0,1.0,3.0,0.0,2.0
23500000,2,44,алматы,43.221705980823,76.786440765848,2019,1124.0,3.0,6.0,3.0,1.0,1.0,2.0,0.0,2.0
26500000,1,33,алматы,43.268838,76.944657,1971,1601.0,4.0,5.0,2.0,2.0,2.0,2.0,0.0,2.0
27500000,3,60,алматы,43.217796391543,76.866754943447,1969,232.0,1.0,4.0,2.0,1.0,2.0,2.0,0.0,2.0
40000000,2,57,алматы,43.249857,76.873034,1988,1824.0,5.0,9.0,2.0,1.0,1.0,1.0,0.0,2.0
51000000,3,130,алматы,43.22057,76.795222,2012,92.0,15.0,16.0,3.0,2.0,2.0,3.0,0.0,2.0
83000000,3,98,алматы,43.261280919665,76.932433697058,2017,799.0,12.0,13.0,3.0,1.0,2.0,2.0,0.0,2.0
27000000,1,43,алматы,43.232176332012,76.832395098228,2017,957.0,6.0,10.0,3.0,2.0,1.0,2.0,0.0,2.0
35000000,1,38,алматы,43.221897,76.959461,1985,3172.0,5.0,5.0,1.0,1.0,2.0,2.0,0.0,2.0
45000000,3,85,алматы,43.305909,76.841108,2015,361.0,5.0,5.0,3.0,2.0,1.0,1.0,0.0,2.0
29000000,1,35,алматы,43.23558,76.826546,1989,1601.0,4.0,5.0,2.0,1.0,1.0,2.0,0.0,2.0
56000000,2,48,алматы,43.252021092113,76.897559165955,2022,1323.0,4.0,12.0,3.0,1.0,1.0,2.0,0.0,2.0
36500000,2,44,алматы,43.224085,76.960018,1976,2191.0,1.0,5.0,2.0,1.0,2.0,2.0,0.0,2.0
26500000,1,38,алматы,43.235323876973,76.808335792729,2020,1171.0,1.0,12.0,3.0,1.0,1.0,2.0,0.0,2.0
45000000,2,50,алматы,43.264663,76.944073,1978,2998.0,5.0,5.0,2.0,1.0,1.0,2.0,0.0,2.0
25000000,1,43,алматы,43.308192,76.841243,2017,1428.0,4.0,5.0,3.0,2.0,2.0,2.0,1.0,2.0
54000000,3,92,алматы,43.248319051849,76.865144055361,2016,810.0,10.0,12.0,3.0,2.0,2.0,3.0,0.0,2.0
43500000,3,75,алматы,43.226279,76.836517,1986,1420.0,9.0,9.0,2.0,1.0,1.0,1.0,0.0,2.0
40000000,3,60,алматы,43.233232505582,76.864074746718,1965,1601.0,2.0,4.0,2.0,1.0,2.0,2.0,0.0,2.0
25500000,2,71,алматы,43.365731834418,76.928858756801,2024,2734.0,1.0,9.0,3.0,1.0,3.0,1.0,0.0,2.0
27500000,2,47,алматы,43.256686,76.86141,1991,1601.0,5.0,5.0,1.0,1.0,2.0,2.0,0.0,2.0
30500000,1,35,алматы,43.195938416338,76.87577966998,1984,2377.0,4.0,5.0,1.0,1.0,2.0,2.0,0.0,2.0
35200000,3,63,алматы,43.214561220873,76.857813424544,1968,423.0,3.0,4.0,2.0,1.0,2.0,2.0,0.0,2.0
36000000,3,59,алматы,43.225819,76.848672,1963,2192.0,4.0,6.0,2.0,1.0,2.0,2.0,0.0,2.0
23000000,1,33,алматы,43.196944245628,76.875742001327,1977,3136.0,3.0,5.0,2.0,4.0,2.0,2.0,0.0,2.0
27777777,1,33,алматы,43.250365709825,76.897523892736,1978,1448.0,2.0,5.0,2.0,1.0,1.0,2.0,0.0,2.0
48900000,2,60,алматы,43.268967369064,76.945720911026,2020,1601.0,4.0,6.0,2.0,1.0,2.0,2.0,0.0,2.0
23500000,1,36,алматы,43.291566270676,77.017935050056,2022,2696.0,5.0,9.0,2.0,1.0,1.0,1.0,0.0,2.0
51467230,2,54,алматы,43.208523854873,76.892832802624,2024,2199.0,4.0,6.0,3.0,1.0,2.0,2.0,0.0,2.0
23500000,1,37,алматы,43.26358,76.820806,2020,155.0,11.0,12.0,3.0,1.0,1.0,2.0,0.0,2.0
59000000,3,71,алматы,43.26935,76.819746,2021,346.0,1.0,12.0,2.0,1.0,2.0,2.0,0.0,2.0
57000000,2,68,алматы,43.221589,76.933104,1975,1601.0,4.0,6.0,1.0,1.0,1.0,2.0,0.0,2.0
33500000,2,43,алматы,43.244445134663,76.901772131283,1978,2116.0,3.0,5.0,2.0,1.0,2.0,2.0,0.0,2.0
48000000,2,49,алматы,43.212024079745,76.855072975159,2021,1820.0,7.0,11.0,3.0,1.0,1.0,2.0,0.0,2.0
36000000,1,40,алматы,43.266357,76.954628,1988,880.0,1.0,5.0,2.0,1.0,1.0,1.0,0.0,2.0
30500000,2,62,алматы,43.213914774889,76.789336410704,2019,1064.0,7.0,9.0,3.0,2.0,2.0,1.0,0.0,2.0
35000000,3,72,алматы,43.266703546156,76.819914404307,2019,1117.0,11.0,12.0,3.0,1.0,2.0,1.0,0.0,2.0
44900000,3,66,алматы,43.222298,76.892447,1986,23.0,1.0,5.0,2.0,1.0,2.0,2.0,0.0,2.0
35000000,3,69,алматы,43.271020559074,76.861099717437,1987,475.0,1.0,3.0,1.0,1.0,2.0,1.0,0.0,2.0
26900000,1,48,алматы,43.252280219112,76.863031211864,2025,3177.0,5.0,13.0,3.0,6.0,2.0,2.0,0.0,2.0
47900000,2,56,алматы,43.268967369064,76.945720911026,2020,1440.0,7.0,10.0,3.0,1.0,1.0,2.0,0.0,2.0
23000000,1,36,алматы,43.287859,77.003963,2020,2108.0,5.0,9.0,3.0,2.0,2.0,1.0,0.0,2.0
59000000,3,100,алматы,43.24331255684,76.875931342729,2012,463.0,15.0,19.0,3.0,1.0,2.0,2.0,0.0,2.0
45000000,2,63,алматы,43.211374899261,76.793861972402,2022,2075.0,3.0,12.0,3.0,1.0,2.0,2.0,0.0,2.0
72000000,2,59,алматы,43.230187678466,76.939114198105,2023,1072.0,5.0,6.0,3.0,6.0,2.0,2.0,0.0,2.0
23000000,1,33,алматы,43.254473148215,76.87587511663,1982,966.0,5.0,5.0,2.0,2.0,2.0,2.0,0.0,2.0
45000000,3,88,алматы,43.254191,76.818039,2018,1083.0,9.0,9.0,3.0,1.0,1.0,3.0,0.0,2.0
36500000,2,56,алматы,43.221963,76.884425,2023,1959.0,11.0,17.0,3.0,6.0,2.0,3.0,0.0,2.0
19000000,1,31,алматы,43.299384749366,76.833592057174,2024,3012.0,2.0,5.0,3.0,6.0,2.0,2.0,0.0,2.0
40000000,2,52,алматы,43.185920164556,76.825946409495,2024,2946.0,4.0,3.0,3.0,6.0,2.0,2.0,0.0,2.0
26500000,1,30,алматы,43.25239944458,76.869102478027,1981,2300.0,2.0,5.0,2.0,2.0,1.0,2.0,0.0,2.0
75000000,2,71,алматы,43.214522421881,76.892049908802,2019,1189.0,4.0,12.0,3.0,1.0,2.0,2.0,0.0,2.0
51000000,3,88,алматы,43.285301126239,77.004316212298,2020,1601.0,5.0,9.0,3.0,1.0,1.0,2.0,0.0,2.0
52000000,2,60,алматы,43.205809350259,76.887233132229,2016,123.0,6.0,16.0,3.0,1.0,2.0,2.0,0.0,2.0
36000000,3,62,алматы,43.196895,76.874983,1976,2568.0,1.0,5.0,2.0,2.0,3.0,2.0,0.0,2.0
56700000,3,100,алматы,43.247510845296,76.868886455483,2012,3191.0,15.0,21.0,3.0,1.0,2.0,3.0,0.0,2.0
40000000,1,64,алматы,43.222774580324,76.794508993622,2013,92.0,6.0,16.0,3.0,5.0,2.0,2.0,0.0,2.0
10000000,1,20,алматы,43.23080286478,76.796566193779,2020,2780.0,1.0,2.0,3.0,1.0,1.0,2.0,0.0,2.0
43500000,3,57,алматы,43.246599026145,76.921926492065,1967,1397.0,1.0,4.0,2.0,1.0,1.0,2.0,1.0,2.0
29000000,1,31,алматы,43.227838517855,76.932330749879,1975,216.0,2.0,5.0,2.0,1.0,1.0,2.0,0.0,2.0
28000000,2,42,алматы,43.226580673008,76.89663837439,1962,1206.0,4.0,4.0,2.0,1.0,2.0,2.0,0.0,2.0
26500000,2,48,алматы,43.241596,76.813548,2011,11.0,9.0,10.0,3.0,1.0,2.0,2.0,0.0,2.0
47500000,3,89,алматы,43.289926,76.987327,2022,2376.0,5.0,7.0,2.0,2.0,2.0,1.0,1.0,2.0
16500000,2,40,алматы,43.307136590129,76.899346406565,1980,2928.0,3.0,3.0,2.0,1.0,2.0,2.0,0.0,1.0
38000000,2,65,алматы,43.24331255684,76.875931342729,2012,463.0,3.0,18.0,3.0,1.0,2.0,2.0,0.0,2.0
28500000,1,42,алматы,43.265179638936,76.918001685368,2024,1522.0,2.0,13.0,3.0,1.0,2.0,2.0,0.0,2.0
40000000,2,58,алматы,43.261054983691,76.821946693452,2020,636.0,1.0,12.0,3.0,1.0,2.0,2.0,0.0,2.0
17132446,1,34,алматы,43.210815330647,76.784223934352,2025,1961.0,5.0,9.0,2.0,1.0,2.0,2.0,0.0,2.0
29500000,1,28,алматы,43.216444,76.967133,1984,1364.0,5.0,5.0,1.0,1.0,2.0,2.0,0.0,2.0
50500000,3,78,алматы,43.242096823576,76.876736005432,2012,463.0,9.0,19.0,3.0,1.0,2.0,2.0,0.0,2.0
37000000,2,42,алматы,43.248216,76.889689,1977,2611.0,1.0,5.0,2.0,1.0,1.0,2.0,0.0,2.0
62000000,2,73,алматы,43.206511012143,76.891760364306,2005,67.0,7.0,13.0,3.0,1.0,2.0,1.0,0.0,2.0
58000000,3,90,алматы,43.265533029495,76.917971030924,2020,464.0,4.0,6.0,2.0,1.0,2.0,2.0,0.0,2.0
27500000,2,43,алматы,43.253699,76.918219,1973,2075.0,5.0,5.0,2.0,1.0,2.0,2.0,0.0,2.0
21000000,2,54,алматы,43.322384896551,76.939083394248,1965,1552.0,1.0,2.0,1.0,1.0,2.0,1.0,0.0,2.0
39500000,2,48,алматы,43.208283012552,76.9888812303,2021,2939.0,2.0,3.0,3.0,5.0,2.0,2.0,0.0,2.0
32500000,2,42,алматы,43.261413,76.91963,1974,1391.0,5.0,5.0,2.0,1.0,2.0,2.0,0.0,2.0
39000000,3,65,алматы,43.235002,76.838332,1986,2505.0,4.0,5.0,2.0,2.0,1.0,2.0,0.0,2.0
18500000,1,28,алматы,43.260036749,76.901961301666,2025,2729.0,8.0,17.0,3.0,6.0,2.0,2.0,0.0,2.0
70000000,4,91,алматы,43.228696,76.933733,1963,1815.0,2.0,2.0,1.0,1.0,1.0,2.0,0.0,2.0
58000000,3,104,алматы,43.215790828615,76.881049487119,2023,1770.0,12.0,16.0,3.0,6.0,2.0,2.0,0.0,2.0
48000000,2,56,алматы,43.221651227139,76.865033494594,2019,1569.0,3.0,10.0,3.0,1.0,1.0,2.0,0.0,2.0
29000000,2,56,алматы,43.328925,76.920591,1989,300.0,1.0,5.0,1.0,2.0,2.0,2.0,0.0,1.0
30000000,1,33,алматы,43.197612,76.888566,1973,850.0,5.0,5.0,2.0,1.0,1.0,2.0,0.0,2.0
29500000,2,41,алматы,43.230563843798,76.914477282531,1960,1630.0,1.0,4.0,1.0,1.0,1.0,2.0,0.0,2.0
55000000,3,90,алматы,43.329399533126,76.940766969897,2021,1689.0,6.0,10.0,3.0,1.0,2.0,1.0,0.0,2.0
45000000,3,63,алматы,43.26809,76.947936,1972,150.0,3.0,4.0,2.0,1.0,2.0,2.0,0.0,2.0
35500000,2,55,алматы,43.271667,76.815084,2025,2051.0,11.0,12.0,3.0,1.0,2.0,2.0,0.0,2.0
35500000,2,51,алматы,43.254789,76.884065,1980,1124.0,3.0,5.0,2.0,1.0,2.0,1.0,0.0,2.0
27000000,1,37,алматы,43.308832628887,77.008266448538,2024,1182.0,4.0,7.0,3.0,1.0,1.0,2.0,0.0,2.0
19950000,1,32,алматы,43.221705980823,76.786440765848,2020,1124.0,7.0,10.0,3.0,1.0,1.0,2.0,0.0,2.0
38500000,3,84,алматы,43.241340485664,76.810090851075,2010,11.0,12.0,15.0,3.0,1.0,1.0,1.0,0.0,2.0
27000000,1,37,алматы,43.243009598572,76.855062483414,2023,2375.0,16.0,16.0,3.0,5.0,2.0,2.0,0.0,2.0
33000000,2,56,алматы,43.222134,76.78782,2019,1124.0,4.0,6.0,3.0,1.0,1.0,2.0,0.0,2.0
53000000,4,83,алматы,43.227253850668,76.884070837959,1989,3014.0,4.0,5.0,2.0,2.0,2.0,1.0,0.0,2.0
24500000,1,35,алматы,43.270066,76.934021,1993,832.0,2.0,5.0,2.0,1.0,2.0,2.0,0.0,2.0
45500000,3,74,алматы,43.254421,76.902193,1985,1601.0,8.0,9.0,2.0,1.0,2.0,1.0,0.0,2.0
40000000,2,94,алматы,43.220388380705,76.795599647953,2012,92.0,3.0,16.0,3.0,1.0,2.0,1.0,0.0,2.0
40000000,1,45,алматы,43.237604471488,76.895563588306,2019,1051.0,4.0,14.0,3.0,1.0,2.0,2.0,0.0,2.0
22400000,1,33,алматы,43.217496,76.859901,1968,1601.0,1.0,4.0,2.0,2.0,2.0,2.0,0.0,2.0
26000000,1,39,алматы,43.253077480445,76.815537411535,2025,3238.0,6.0,9.0,3.0,1.0,2.0,2.0,0.0,2.0
72500000,3,105,алматы,43.219750173977,76.841610636111,2007,32.0,6.0,12.0,3.0,1.0,1.0,3.0,0.0,2.0
28300000,2,43,алматы,43.230174,76.854583,1963,2543.0,4.0,4.0,2.0,1.0,2.0,2.0,0.0,2.0
43500000,2,43,алматы,43.267102151835,76.929931640407,2024,2491.0,5.0,12.0,3.0,1.0,1.0,2.0,0.0,2.0
33500000,2,52,алматы,43.212542,76.87413,1992,3141.0,5.0,5.0,2.0,2.0,1.0,2.0,0.0,2.0
26500000,2,43,алматы,43.222791,76.874283,1966,2376.0,1.0,4.0,2.0,1.0,2.0,2.0,0.0,2.0
75000000,3,94,алматы,43.212627,76.856397,2025,3426.0,5.0,9.0,3.0,6.0,3.0,3.0,0.0,2.0
18000000,1,27,алматы,43.221705980823,76.786440765848,2019,1124.0,6.0,10.0,3.0,2.0,1.0,2.0,0.0,2.0
73000000,3,86,алматы,43.268446110355,76.945395490341,2020,1440.0,5.0,10.0,3.0,1.0,1.0,2.0,0.0,2.0
50000000,3,86,алматы,43.221572460565,76.786434091249,2021,1124.0,6.0,10.0,3.0,1.0,2.0,1.0,0.0,2.0
59000000,3,103,алматы,43.204927790695,76.877060549887,2004,48.0,15.0,16.0,3.0,1.0,1.0,3.0,0.0,2.0
57500000,3,82,алматы,43.257284843685,76.914186306282,2016,729.0,2.0,13.0,3.0,6.0,2.0,1.0,0.0,2.0
40000000,3,94,алматы,43.22380189776,76.793308650029,2012,92.0,3.0,16.0,3.0,2.0,2.0,1.0,0.0,2.0
21500000,2,47,алматы,43.319710087159,76.987119912992,2023,2663.0,3.0,9.0,3.0,4.0,2.0,2.0,1.0,2.0
31000000,1,46,алматы,43.265953322644,76.898646213588,2008,71.0,4.0,9.0,3.0,2.0,1.0,2.0,1.0,2.0
23500000,1,39,алматы,43.314148,76.910027,2024,2989.0,2.0,5.0,2.0,6.0,2.0,2.0,0.0,2.0
30000000,1,45,алматы,43.214572,76.854825,2016,1401.0,8.0,10.0,3.0,1.0,2.0,2.0,0.0,2.0
26000000,1,40,алматы,43.236152,76.806289,2020,1171.0,16.0,16.0,3.0,1.0,2.0,2.0,0.0,2.0
40000000,2,55,алматы,43.230469366362,76.780980100066,2023,1821.0,3.0,9.0,3.0,1.0,1.0,2.0,0.0,2.0
32000000,2,68,алматы,43.207633425926,76.787427811855,2020,2403.0,8.0,9.0,3.0,5.0,2.0,1.0,0.0,2.0
69000000,3,100,алматы,43.231153,76.904529,2014,2218.0,4.0,10.0,3.0,1.0,1.0,2.0,0.0,2.0
26200000,1,42,алматы,43.234542,76.83084,1983,2479.0,4.0,5.0,2.0,2.0,2.0,1.0,0.0,2.0
21500000,1,29,алматы,43.221633239851,76.886954001568,2025,1959.0,10.0,15.0,3.0,1.0,2.0,2.0,0.0,2.0
73000000,3,118,алматы,43.285601,77.003236,2019,73.0,4.0,5.0,3.0,1.0,2.0,3.0,0.0,2.0
38900000,1,45,алматы,43.209725415453,76.858977466102,2019,1089.0,6.0,12.0,3.0,1.0,1.0,2.0,0.0,2.0
75000000,2,64,алматы,43.214300779984,76.889910411906,2024,1935.0,13.0,13.0,3.0,1.0,1.0,2.0,0.0,2.0
39500000,2,64,алматы,43.247510845296,76.868886455483,2012,3191.0,21.0,21.0,3.0,1.0,1.0,2.0,0.0,2.0
32500000,2,74,алматы,43.238943,76.802903,2010,3426.0,2.0,3.0,3.0,1.0,1.0,2.0,0.0,2.0
28000000,2,42,алматы,43.288354165994,77.004504916754,2020,1549.0,1.0,9.0,3.0,1.0,1.0,2.0,0.0,2.0
72000000,3,90,алматы,43.264647548148,76.963307264544,1971,1601.0,3.0,5.0,1.0,2.0,2.0,2.0,0.0,2.0
22500000,1,40,алматы,43.279852651208,76.822877961313,2015,250.0,8.0,9.0,3.0,2.0,2.0,2.0,0.0,2.0
36881940,2,50,алматы,43.230028241857,76.876761868133,2020,1401.0,15.0,16.0,3.0,4.0,2.0,2.0,0.0,2.0
71500000,3,101,алматы,43.237039015421,76.880350238345,2022,1549.0,11.0,20.0,3.0,1.0,2.0,1.0,0.0,2.0
37000000,3,60,алматы,43.232381,76.898232,1978,1601.0,5.0,5.0,2.0,1.0,2.0,2.0,0.0,2.0
31990000,2,68,алматы,43.276879,76.818264,2014,2403.0,3.0,4.0,3.0,1.0,2.0,1.0,0.0,2.0
24000000,2,43,алматы,43.311265511429,76.896065112787,2016,1101.0,6.0,7.0,3.0,1.0,1.0,2.0,0.0,2.0
36000000,1,41,алматы,43.203382923016,76.902175285705,1990,2504.0,7.0,9.0,2.0,2.0,2.0,2.0,0.0,2.0
27750000,2,63,алматы,43.32013007148,77.019565810865,2024,1866.0,2.0,7.0,3.0,6.0,2.0,2.0,0.0,2.0
83000000,4,86,алматы,43.252021092113,76.897559165955,2022,1323.0,7.0,13.0,3.0,1.0,2.0,2.0,0.0,2.0
59500000,2,60,алматы,43.230754022994,76.881036758423,2020,983.0,10.0,12.0,3.0,1.0,1.0,2.0,0.0,2.0
46000000,2,50,алматы,43.221009696864,76.886923955006,2024,1959.0,6.0,15.0,3.0,1.0,1.0,2.0,0.0,2.0
45000000,2,50,алматы,43.252229459895,76.901961512085,2020,1434.0,5.0,17.0,3.0,1.0,2.0,2.0,0.0,2.0
51500000,2,60,алматы,43.19048,76.854834,2021,1601.0,2.0,3.0,1.0,1.0,2.0,2.0,0.0,2.0
21000000,1,36,алматы,43.299033041842,76.833747510255,2025,3012.0,5.0,5.0,3.0,1.0,3.0,2.0,0.0,2.0
46000000,2,65,алматы,43.240315281502,76.900938685844,1976,1601.0,4.0,6.0,2.0,1.0,2.0,2.0,0.0,2.0
79900000,3,110,алматы,43.233340053264,76.893153860947,2007,350.0,15.0,21.0,3.0,1.0,2.0,3.0,0.0,2.0
20500000,1,28,алматы,43.260036749,76.901961301666,2024,2729.0,2.0,16.0,3.0,1.0,2.0,2.0,0.0,2.0
26000000,1,41,алматы,43.252280219112,76.863031211864,2025,3177.0,1.0,13.0,3.0,6.0,2.0,2.0,0.0,2.0
16000000,1,33,алматы,43.302279583064,76.995248794501,2025,2513.0,4.0,9.0,3.0,6.0,3.0,2.0,0.0,2.0
30000000,2,60,алматы,43.217259,76.776241,2022,1420.0,9.0,10.0,3.0,1.0,1.0,2.0,0.0,2.0
57000000,3,84,алматы,43.168630300862,76.869791596535,2011,120.0,1.0,10.0,3.0,1.0,1.0,3.0,0.0,2.0
43500000,3,75,алматы,43.256047366997,76.886446,1988,1601.0,9.0,9.0,2.0,2.0,1.0,2.0,0.0,2.0
54500000,3,74,алматы,43.202495,76.843902,2005,2318.0,3.0,9.0,3.0,1.0,2.0,1.0,0.0,2.0
25000000,1,50,алматы,43.222515,76.787038,2021,3470.0,9.0,10.0,3.0,1.0,2.0,2.0,0.0,2.0
45500000,2,70,алматы,43.262554353583,76.918500452423,2019,1542.0,4.0,13.0,3.0,1.0,1.0,2.0,0.0,2.0
51500000,3,107,алматы,43.242305,76.833239,2008,1601.0,8.0,9.0,3.0,2.0,2.0,3.0,0.0,2.0
35500000,3,71,алматы,43.266703546156,76.819914404307,2019,1117.0,10.0,12.0,3.0,2.0,1.0,1.0,0.0,2.0
75000000,4,90,алматы,43.218287767447,76.837873037484,1995,1601.0,2.0,5.0,1.0,2.0,1.0,1.0,0.0,2.0
58000000,2,52,алматы,43.17868589415,76.923997856482,2021,1866.0,2.0,3.0,3.0,1.0,1.0,2.0,0.0,2.0
84300000,3,103,алматы,43.250026374631,76.921869912427,2022,1629.0,3.0,10.0,3.0,5.0,2.0,2.0,0.0,2.0
26500000,2,57,алматы,43.323062,76.938656,2024,650.0,6.0,6.0,3.0,5.0,2.0,2.0,0.0,2.0
39500000,2,59,алматы,43.221265337746,76.843412509411,2004,303.0,3.0,9.0,2.0,2.0,2.0,1.0,0.0,2.0
57500000,3,72,алматы,43.23292,76.896776,1990,842.0,3.0,6.0,1.0,1.0,2.0,2.0,0.0,2.0
43500000,3,72,алматы,43.228841,76.842006,1987,1813.0,1.0,9.0,2.0,1.0,2.0,2.0,0.0,2.0
52000000,3,80,алматы,43.23550677062,76.806999244314,2021,1171.0,1.0,16.0,3.0,1.0,1.0,2.0,0.0,2.0
79000000,3,99,алматы,43.26814010261,76.926309714543,2024,2505.0,6.0,12.0,3.0,1.0,2.0,2.0,0.0,2.0
78500000,2,80,алматы,43.183578948913,76.856551668888,2023,1898.0,1.0,3.0,2.0,1.0,1.0,2.0,0.0,2.0
37000000,3,59,алматы,43.229945,76.893812,1961,109.0,4.0,4.0,2.0,1.0,2.0,2.0,0.0,2.0
24500000,2,46,алматы,43.368935,76.987336,1969,619.0,2.0,4.0,2.0,2.0,2.0,2.0,0.0,2.0
44000000,2,62,алматы,43.229268,76.831792,2005,187.0,9.0,10.0,3.0,1.0,1.0,1.0,0.0,2.0
28000000,3,68,алматы,43.365737201163,76.848478533738,1993,2974.0,5.0,5.0,2.0,1.0,1.0,1.0,0.0,2.0
28000000,3,77,алматы,43.33872708589,76.949160269836,1993,2918.0,5.0,5.0,1.0,1.0,2.0,1.0,0.0,2.0
25000000,1,27,алматы,43.290527733264,76.986068804747,2020,934.0,5.0,9.0,3.0,1.0,1.0,2.0,1.0,2.0
35000000,2,46,алматы,43.254520210315,76.863757305955,2024,2388.0,3.0,13.0,3.0,1.0,2.0,2.0,0.0,2.0
35000000,2,70,алматы,43.253644079551,76.825015758479,2013,1766.0,7.0,10.0,3.0,1.0,2.0,1.0,1.0,2.0
48500000,2,76,алматы,43.230697810474,76.831165850807,2014,527.0,5.0,13.0,3.0,2.0,2.0,1.0,1.0,2.0
13500000,1,17,алматы,43.230444,76.866,1968,1681.0,2.0,4.0,2.0,1.0,1.0,1.0,0.0,1.0
42000000,2,60,алматы,43.221009696864,76.886923955006,2023,1959.0,11.0,16.0,3.0,2.0,2.0,2.0,0.0,2.0
38000000,2,52,алматы,43.353499,76.842303,2024,2147.0,12.0,12.0,3.0,1.0,1.0,2.0,0.0,2.0
35000000,1,55,алматы,43.24763163432,76.839712624109,2012,2009.0,4.0,10.0,3.0,2.0,1.0,2.0,0.0,2.0
27500000,2,45,алматы,43.206810821331,76.836487580405,1985,636.0,1.0,5.0,2.0,2.0,1.0,1.0,0.0,2.0
40000000,3,60,алматы,43.2687,76.942941,1971,1513.0,1.0,4.0,2.0,2.0,2.0,2.0,0.0,2.0
20500000,1,34,алматы,43.345855,76.988773,1965,997.0,3.0,3.0,1.0,1.0,1.0,2.0,0.0,2.0
53000000,3,74,алматы,43.222356617402,76.837754431877,1990,2600.0,3.0,9.0,2.0,2.0,2.0,1.0,0.0,2.0
29500000,2,43,алматы,43.265923399601,76.936152034393,1973,1955.0,2.0,5.0,2.0,2.0,2.0,2.0,0.0,2.0
38500000,3,60,алматы,43.269495,76.944477,1969,934.0,4.0,4.0,2.0,1.0,2.0,2.0,0.0,2.0
58000000,3,74,алматы,43.219887,76.846022,2005,1601.0,1.0,9.0,1.0,2.0,1.0,1.0,0.0,2.0
62000000,4,80,алматы,43.241651687434,76.896416338623,1992,2403.0,1.0,5.0,1.0,2.0,2.0,1.0,0.0,2.0
45000000,2,45,алматы,43.230028241857,76.876761868133,2019,1401.0,4.0,16.0,3.0,1.0,2.0,2.0,0.0,2.0
29499995,1,35,алматы,43.248728,76.910916,1984,1196.0,5.0,5.0,1.0,1.0,1.0,2.0,0.0,2.0
52500000,2,62,алматы,43.231074642998,76.885882615934,2014,1171.0,4.0,6.0,2.0,1.0,2.0,2.0,0.0,2.0
40000000,3,56,алматы,43.267920140163,76.941554730158,1969,871.0,4.0,4.0,2.0,2.0,2.0,1.0,0.0,2.0
39500000,3,77,алматы,43.221705980823,76.786440765848,2019,1124.0,5.0,6.0,3.0,1.0,2.0,1.0,0.0,2.0
26000000,2,43,алматы,43.272466903006,76.829214516536,2022,2115.0,3.0,7.0,3.0,1.0,3.0,2.0,0.0,2.0
49000000,2,54,алматы,43.24134,76.940767,1972,3392.0,7.0,9.0,2.0,1.0,2.0,2.0,0.0,2.0
55000000,2,52,алматы,43.253403,76.919585,1987,1601.0,3.0,5.0,1.0,1.0,2.0,1.0,0.0,2.0
23000000,2,42,алматы,43.353296,76.924184,1969,768.0,2.0,3.0,1.0,2.0,1.0,2.0,0.0,2.0
57500000,3,82,алматы,43.25712801158,76.914003916069,2016,729.0,2.0,13.0,3.0,1.0,2.0,2.0,0.0,2.0
30000000,1,41,алматы,43.26067787684,76.814966553984,2017,921.0,4.0,9.0,3.0,1.0,1.0,2.0,0.0,2.0
40000000,2,50,алматы,43.24320617919,76.855535171577,2023,2375.0,4.0,18.0,3.0,1.0,1.0,2.0,0.0,2.0
40000000,2,57,алматы,43.213969588578,76.849968546051,2006,880.0,2.0,9.0,3.0,1.0,2.0,1.0,0.0,2.0
69000000,3,95,алматы,43.264926,76.918336,2020,2108.0,9.0,13.0,3.0,1.0,2.0,3.0,0.0,2.0
59000000,2,56,алматы,43.235986336521,76.879697301868,2020,1549.0,15.0,18.0,3.0,1.0,1.0,1.0,0.0,2.0
75000000,2,83,алматы,43.236930943868,76.887052909439,2025,997.0,8.0,9.0,3.0,1.0,2.0,3.0,0.0,2.0
31000000,1,51,алматы,43.320226174788,77.013046493501,2020,1476.0,1.0,3.0,3.0,1.0,1.0,2.0,0.0,2.0
54000000,3,91,алматы,43.215347361947,76.880843493499,2023,1770.0,11.0,6.0,3.0,1.0,2.0,2.0,0.0,2.0
53500000,3,79,алматы,43.221668,76.848034,1993,1252.0,1.0,9.0,2.0,1.0,2.0,2.0,0.0,2.0
25500000,1,30,алматы,43.230555,76.897962,1962,1152.0,4.0,6.0,2.0,1.0,2.0,2.0,0.0,2.0
36500000,2,55,алматы,43.273110686841,76.814494664603,2024,2147.0,4.0,12.0,3.0,1.0,2.0,2.0,0.0,2.0
56000000,3,93,алматы,43.316733144786,76.975085735321,2019,1244.0,7.0,9.0,3.0,1.0,2.0,3.0,0.0,2.0
28000000,2,46,алматы,43.254702483556,76.909227019079,1976,2444.0,3.0,4.0,2.0,1.0,2.0,2.0,0.0,2.0
15000000,1,21,алматы,43.241051,76.903406,1978,1509.0,3.0,5.0,1.0,1.0,2.0,2.0,0.0,1.0
85000000,3,91,алматы,43.209530115015,76.911673588746,2021,1463.0,8.0,13.0,3.0,1.0,2.0,3.0,1.0,2.0
26000000,2,63,алматы,43.28075964115,76.817521575393,2017,1849.0,5.0,9.0,3.0,2.0,1.0,1.0,0.0,2.0
69900000,3,86,алматы,43.225268048824,76.933566145599,2006,104.0,4.0,13.0,2.0,1.0,1.0,2.0,0.0,2.0
30500000,2,52,алматы,43.25494,76.855364,1976,2274.0,1.0,2.0,1.0,1.0,2.0,1.0,0.0,2.0
29000000,2,56,алматы,43.258197559615,76.820061777958,2024,3014.0,2.0,6.0,3.0,4.0,3.0,2.0,0.0,2.0
30000000,2,70,алматы,43.316459480637,76.896013622082,2022,2007.0,2.0,9.0,3.0,1.0,2.0,2.0,0.0,2.0
24000000,1,40,алматы,43.234965361151,76.82952395284,1982,1171.0,5.0,5.0,2.0,2.0,2.0,2.0,0.0,2.0
43500000,3,64,алматы,43.196946187268,76.905495228408,1976,1601.0,4.0,5.0,2.0,2.0,2.0,2.0,0.0,2.0
59000000,2,53,алматы,43.238544851106,76.932968483232,2020,1577.0,2.0,9.0,3.0,1.0,1.0,1.0,0.0,2.0
70000000,2,70,алматы,43.230028241857,76.876761868133,2019,1401.0,1.0,16.0,3.0,1.0,2.0,2.0,0.0,2.0
23500000,1,44,алматы,43.302307,76.838215,2018,1601.0,4.0,5.0,3.0,1.0,2.0,2.0,0.0,2.0
22000000,1,36,алматы,43.230469366362,76.780980100066,2023,1821.0,3.0,10.0,3.0,1.0,2.0,2.0,0.0,2.0
18500000,1,33,алматы,43.205674123093,76.784360948644,2025,3172.0,7.0,9.0,3.0,6.0,2.0,2.0,0.0,2.0
32500000,3,63,алматы,43.217842775889,76.854946439327,1965,1601.0,2.0,4.0,2.0,1.0,1.0,2.0,0.0,2.0
25500000,2,52,алматы,43.216860983654,76.778129775182,2019,1124.0,9.0,10.0,3.0,1.0,1.0,2.0,0.0,2.0
43500000,3,58,алматы,43.24604450942,76.908692296958,1968,1601.0,2.0,4.0,2.0,1.0,1.0,2.0,0.0,2.0
33000000,3,60,алматы,43.234996,76.85805,1975,939.0,1.0,4.0,2.0,1.0,1.0,2.0,0.0,2.0
24500000,2,62,алматы,43.330243,76.900487,2025,1601.0,3.0,9.0,2.0,1.0,2.0,2.0,0.0,2.0
11849000,1,28,алматы,43.302249442854,76.996462591756,2025,2954.0,9.0,9.0,3.0,1.0,2.0,2.0,0.0,2.0
85000000,3,108,алматы,43.218916088418,76.888275076334,2023,1959.0,4.0,18.0,3.0,1.0,2.0,3.0,0.0,2.0
24800000,2,43,алматы,43.228657,76.864078,1965,324.0,4.0,4.0,2.0,1.0,2.0,2.0,0.0,2.0
60000000,2,60,алматы,43.195581,76.890048,1989,1992.0,2.0,9.0,2.0,4.0,1.0,1.0,0.0,2.0
23500000,1,35,алматы,43.260503549015,76.82140531891,2019,636.0,5.0,12.0,2.0,2.0,2.0,2.0,0.0,2.0
43000000,1,42,алматы,43.223691,76.961545,1978,1601.0,5.0,5.0,1.0,1.0,1.0,2.0,0.0,2.0
25000000,1,45,алматы,43.265595,76.820752,2018,2981.0,11.0,12.0,3.0,1.0,2.0,2.0,0.0,2.0
54000000,2,70,алматы,43.239298,76.861661,2017,260.0,7.0,9.0,3.0,1.0,1.0,2.0,0.0,2.0
36000000,1,37,алматы,43.242810871466,76.855715415892,2023,1601.0,4.0,6.0,2.0,1.0,2.0,2.0,0.0,2.0
39000000,1,36,алматы,43.246790883615,76.907418402383,2023,3019.0,8.0,13.0,3.0,1.0,1.0,2.0,0.0,2.0
25000000,2,41,алматы,43.287859,77.003963,2020,2965.0,1.0,9.0,3.0,1.0,2.0,2.0,0.0,2.0
48000000,3,75,алматы,43.26595,76.900495,2003,1196.0,1.0,9.0,2.0,2.0,1.0,1.0,0.0,2.0
45000000,3,85,алматы,43.323887030511,76.983728348874,2018,1601.0,1.0,5.0,3.0,1.0,1.0,1.0,1.0,2.0
27000000,2,45,алматы,43.229456284999,76.869076525131,1966,1712.0,3.0,4.0,2.0,2.0,2.0,2.0,0.0,2.0
25000000,1,44,алматы,43.348006,76.964761,1993,2691.0,3.0,5.0,1.0,1.0,2.0,2.0,0.0,2.0
26500000,2,45,алматы,43.305530327685,77.003117724909,2023,2874.0,3.0,5.0,3.0,1.0,3.0,2.0,0.0,2.0
20500000,1,45,алматы,43.302568693394,76.839946167723,2014,144.0,4.0,5.0,2.0,1.0,2.0,2.0,0.0,2.0
32500000,1,42,алматы,43.227652475928,76.888654153442,1989,1440.0,5.0,5.0,2.0,2.0,1.0,2.0,0.0,2.0
56000000,2,55,алматы,43.235475185336,76.937574305562,2010,63.0,2.0,15.0,3.0,2.0,2.0,2.0,0.0,2.0
46000000,2,48,алматы,43.233089100824,76.873516097274,2024,1206.0,4.0,16.0,3.0,6.0,2.0,2.0,0.0,2.0
62000000,2,61,алматы,43.240405217908,76.909024952709,2018,984.0,11.0,14.0,3.0,1.0,1.0,2.0,0.0,2.0
34500000,2,44,алматы,43.231096989712,76.832493562958,2019,957.0,6.0,10.0,3.0,1.0,1.0,2.0,0.0,2.0
60200000,2,68,алматы,43.238149635711,76.896212682887,2019,1051.0,7.0,16.0,3.0,1.0,1.0,2.0,0.0,2.0
59999999,2,70,алматы,43.266628687079,76.92680057255,2023,2165.0,12.0,12.0,3.0,1.0,1.0,1.0,0.0,2.0
35000000,2,44,алматы,43.226108,76.903433,1968,1193.0,4.0,4.0,1.0,1.0,2.0,2.0,0.0,2.0
36500000,3,62,алматы,43.317743555463,77.030077690171,2024,936.0,5.0,9.0,2.0,1.0,3.0,2.0,0.0,2.0
28500000,3,57,алматы,43.228388,76.779483,2020,2313.0,3.0,6.0,3.0,1.0,2.0,2.0,0.0,2.0
65000000,3,91,алматы,43.311501925187,76.994303838727,2024,2429.0,4.0,5.0,3.0,1.0,1.0,3.0,0.0,2.0
33000000,2,52,алматы,43.288781772162,76.925386446417,1984,310.0,1.0,3.0,1.0,1.0,2.0,1.0,0.0,2.0
55500000,3,70,алматы,43.238223043859,76.912530018068,1989,321.0,1.0,5.0,1.0,2.0,2.0,1.0,0.0,2.0
79000000,4,144,алматы,43.247510845296,76.868886455483,2012,3191.0,17.0,21.0,3.0,1.0,1.0,3.0,0.0,2.0
38900000,1,45,алматы,43.209725415453,76.858977466102,2019,1089.0,6.0,12.0,3.0,2.0,2.0,2.0,0.0,2.0
39000000,2,43,алматы,43.251796321444,76.897382320034,2023,1853.0,1.0,13.0,3.0,1.0,3.0,2.0,0.0,2.0
55500000,2,54,алматы,43.226717269996,76.937085340764,2020,1475.0,18.0,19.0,3.0,6.0,2.0,2.0,0.0,2.0
34000000,3,62,алматы,43.238247,76.828343,1984,1124.0,5.0,5.0,2.0,2.0,1.0,1.0,0.0,2.0
36000000,2,55,алматы,43.211274,76.871588,1985,296.0,3.0,5.0,2.0,2.0,2.0,1.0,0.0,2.0
30500000,2,44,алматы,43.228815,76.845546,1969,1118.0,4.0,4.0,2.0,2.0,2.0,1.0,0.0,2.0
33500000,2,67,алматы,43.291447807529,76.828060551815,2016,1601.0,3.0,5.0,3.0,1.0,2.0,1.0,0.0,2.0
29500000,2,56,алматы,43.260503549015,76.82140531891,2019,636.0,10.0,12.0,3.0,1.0,2.0,3.0,0.0,2.0
20500000,1,33,алматы,43.317069875164,77.030387001327,2020,3020.0,8.0,12.0,3.0,1.0,1.0,2.0,0.0,2.0
12500000,1,17,алматы,43.291534,77.010386,2019,2191.0,9.0,9.0,3.0,2.0,2.0,2.0,0.0,2.0
41000000,3,70,алматы,43.266703546156,76.819914404307,2022,1117.0,5.0,12.0,3.0,4.0,3.0,1.0,0.0,2.0
66000000,3,74,алматы,43.254624,76.945932,1943,120.0,2.0,3.0,1.0,1.0,2.0,1.0,0.0,2.0
21200000,1,33,алматы,43.245083,76.838826,1974,3020.0,4.0,5.0,2.0,4.0,1.0,2.0,0.0,2.0
29500000,2,40,алматы,43.214,76.887659,1962,1446.0,3.0,3.0,1.0,1.0,2.0,2.0,0.0,2.0
35000000,1,44,алматы,43.243816,76.912937,1986,728.0,2.0,5.0,2.0,2.0,2.0,1.0,0.0,2.0
28000000,1,32,алматы,43.266357,76.951924,1973,661.0,2.0,5.0,2.0,1.0,2.0,2.0,0.0,2.0
21700001,1,31,алматы,43.252497,76.8728,1981,2974.0,1.0,5.0,2.0,1.0,1.0,2.0,0.0,2.0
63000000,3,120,алматы,43.219750173977,76.841610636111,2007,32.0,9.0,12.0,3.0,2.0,1.0,2.0,0.0,2.0
51200000,2,54,алматы,43.179902184047,76.869490602861,2008,19.0,7.0,9.0,3.0,1.0,2.0,2.0,0.0,2.0
70000000,3,85,алматы,43.238684886236,76.909776937046,2014,1.0,3.0,12.0,3.0,1.0,2.0,3.0,0.0,2.0
50700000,3,61,алматы,43.207528,76.903002,1980,346.0,4.0,5.0,2.0,6.0,2.0,2.0,0.0,2.0
16500000,1,33,алматы,43.209059541386,76.7845168711,2025,3172.0,4.0,9.0,3.0,1.0,2.0,2.0,0.0,2.0
27500000,2,45,алматы,43.223443060817,76.849285543452,1965,1689.0,1.0,4.0,2.0,1.0,2.0,2.0,0.0,2.0
29500000,2,45,алматы,43.32013007148,77.019565810865,2023,1866.0,8.0,10.0,3.0,1.0,2.0,2.0,1.0,2.0
45000000,2,72,алматы,43.24181689061,76.876672927687,2012,463.0,16.0,18.0,3.0,1.0,1.0,1.0,0.0,2.0
32000000,2,49,алматы,43.228274905761,76.841358576721,1987,2129.0,1.0,5.0,2.0,2.0,2.0,2.0,0.0,2.0
22000000,1,45,алматы,43.223841127129,76.792911683095,2012,92.0,12.0,16.0,3.0,1.0,2.0,2.0,0.0,2.0
36000000,3,79,алматы,43.32013007148,77.019565810865,2024,1866.0,3.0,7.0,3.0,6.0,2.0,2.0,0.0,2.0
36500000,1,34,алматы,43.236930943868,76.887052909439,2023,997.0,4.0,9.0,3.0,6.0,2.0,2.0,0.0,2.0
29500000,1,44,алматы,43.214847427413,76.850593319855,2006,2080.0,7.0,9.0,3.0,2.0,2.0,2.0,0.0,2.0
85000000,3,98,алматы,43.233894267748,76.875101566839,2019,1206.0,1.0,16.0,3.0,1.0,2.0,2.0,0.0,2.0
46500000,2,62,алматы,43.19623597955,76.911374483467,1992,1481.0,1.0,5.0,1.0,2.0,1.0,1.0,0.0,2.0
25800000,1,41,алматы,43.231264266035,76.797298192978,2023,2599.0,8.0,12.0,3.0,1.0,1.0,1.0,0.0,2.0
29500000,1,41,алматы,43.24155,76.837245,1990,1342.0,13.0,13.0,3.0,2.0,1.0,1.0,0.0,2.0
45000000,3,58,алматы,43.217962,76.864159,1969,353.0,3.0,4.0,2.0,2.0,2.0,1.0,0.0,2.0
36400000,3,74,алматы,43.213213945418,76.79033222271,2018,1064.0,8.0,9.0,3.0,2.0,1.0,1.0,0.0,2.0
42000000,3,78,алматы,43.267144,76.85973,2021,1821.0,6.0,6.0,3.0,1.0,1.0,1.0,1.0,2.0
28000000,2,42,алматы,43.227396,76.86591,1966,1044.0,1.0,4.0,2.0,1.0,2.0,2.0,0.0,2.0
20000000,1,28,алматы,43.301920115579,76.901161596892,2013,1440.0,1.0,5.0,3.0,1.0,1.0,2.0,0.0,2.0
85000000,3,92,алматы,43.230028241857,76.876761868133,2020,1401.0,6.0,16.0,3.0,1.0,1.0,3.0,0.0,2.0
35500000,2,60,алматы,43.214697,76.84948,2006,1431.0,8.0,9.0,3.0,1.0,2.0,1.0,0.0,2.0
45000000,3,76,алматы,43.310482,76.974975,2016,1601.0,8.0,9.0,3.0,1.0,2.0,1.0,0.0,2.0
49999999,3,70,алматы,43.246009,76.840147,1982,1601.0,5.0,5.0,2.0,1.0,1.0,1.0,0.0,2.0
48000000,3,68,алматы,43.303823,76.925397,1991,199.0,3.0,5.0,1.0,1.0,2.0,1.0,0.0,2.0
58000000,3,67,алматы,43.263209614749,76.946182885191,1975,349.0,2.0,8.0,1.0,2.0,2.0,1.0,0.0,2.0
30700000,3,60,алматы,43.237684182026,76.827853478504,1983,985.0,1.0,5.0,2.0,2.0,1.0,1.0,0.0,2.0
33000000,2,55,алматы,43.267282487614,76.854794022802,2023,2204.0,5.0,9.0,3.0,1.0,2.0,2.0,0.0,2.0
40000000,2,61,алматы,43.322524,76.914653,1984,601.0,2.0,5.0,2.0,2.0,2.0,1.0,0.0,2.0
36000000,2,56,алматы,43.208507,76.875882,1990,305.0,5.0,5.0,2.0,1.0,1.0,1.0,0.0,2.0
45000000,2,51,алматы,43.220363411104,76.934475959315,1980,2974.0,2.0,5.0,1.0,1.0,2.0,1.0,0.0,2.0
29500000,1,52,алматы,43.254557570852,76.86411879658,2024,1710.0,1.0,13.0,3.0,1.0,2.0,2.0,0.0,2.0
44500000,3,95,алматы,43.282038,76.997172,2018,1601.0,5.0,5.0,3.0,2.0,2.0,3.0,0.0,2.0
20000000,1,32,алматы,43.216932904133,76.774089624226,2021,3346.0,7.0,10.0,3.0,1.0,1.0,2.0,1.0,2.0
35000000,2,63,алматы,43.312515,76.975577,2015,2568.0,3.0,9.0,3.0,2.0,2.0,1.0,0.0,2.0
40500000,2,98,алматы,43.221764366036,76.795052924552,2012,92.0,4.0,16.0,3.0,1.0,2.0,1.0,0.0,2.0
24800000,2,40,алматы,43.245014372413,76.838536321426,1974,1601.0,4.0,5.0,2.0,1.0,1.0,2.0,0.0,2.0
46000000,2,54,алматы,43.22045593008,76.886983067368,2023,1959.0,14.0,15.0,3.0,1.0,2.0,2.0,0.0,2.0
65000000,2,60,алматы,43.236264444638,76.899491127187,2015,20.0,2.0,14.0,3.0,2.0,1.0,2.0,0.0,2.0
52500000,2,78,алматы,43.269179,76.945986,2022,1440.0,15.0,16.0,3.0,6.0,3.0,2.0,0.0,2.0
32800000,2,45,алматы,43.247848,76.860125,1980,1199.0,3.0,5.0,2.0,1.0,1.0,2.0,0.0,2.0
83000000,4,90,алматы,43.232802,76.904502,1987,41.0,6.0,9.0,3.0,1.0,2.0,1.0,1.0,2.0
55000000,2,75,алматы,43.212901394639,76.843162366478,2013,512.0,16.0,16.0,3.0,1.0,1.0,3.0,0.0,2.0
24800000,1,30,алматы,43.2026,76.900478,1974,1689.0,5.0,5.0,2.0,1.0,2.0,2.0,0.0,2.0
78000000,2,50,алматы,43.246220846814,76.940373132207,1985,485.0,5.0,5.0,1.0,1.0,2.0,1.0,0.0,2.0
46500000,3,70,алматы,43.209322,76.88102,1975,588.0,1.0,5.0,2.0,1.0,1.0,2.0,0.0,2.0
54000000,3,93,алматы,43.248117167872,76.866050572529,2016,810.0,10.0,12.0,3.0,1.0,2.0,2.0,0.0,2.0
39000000,2,56,алматы,43.219151,76.837236,1996,1601.0,6.0,6.0,1.0,1.0,1.0,1.0,0.0,2.0
35000000,2,65,алматы,43.217667,76.773914,2019,3346.0,6.0,10.0,3.0,2.0,2.0,2.0,0.0,2.0
79000000,3,80,алматы,43.331863,77.055949,1979,711.0,5.0,5.0,1.0,1.0,2.0,1.0,0.0,2.0
29500000,2,60,алматы,43.215426944367,76.775701164568,2019,3346.0,4.0,9.0,3.0,2.0,1.0,2.0,0.0,2.0
43000000,3,72,алматы,43.287851170722,77.002476459,2015,73.0,4.0,5.0,3.0,2.0,2.0,3.0,0.0,2.0
45000000,2,69,алматы,43.206025091786,76.863950639509,2016,2233.0,6.0,6.0,3.0,1.0,1.0,2.0,0.0,2.0
37000000,2,43,алматы,43.231757,76.832197,2017,2525.0,4.0,10.0,3.0,1.0,1.0,2.0,0.0,2.0
42500000,2,50,алматы,43.246574,76.889249,1982,2322.0,2.0,5.0,1.0,1.0,2.0,2.0,0.0,2.0
83700000,3,98,алматы,43.19111123958,76.931015378462,2024,1931.0,3.0,4.0,3.0,5.0,2.0,3.0,0.0,2.0
67000000,4,87,алматы,43.227875,76.889383,1991,1777.0,1.0,5.0,2.0,1.0,1.0,2.0,0.0,2.0
31500000,2,59,алматы,43.297497567618,76.995814620644,2024,2960.0,1.0,7.0,3.0,1.0,2.0,2.0,0.0,2.0
12000000,1,12,алматы,43.238805,76.885943,1950,1601.0,4.0,5.0,2.0,2.0,2.0,2.0,0.0,1.0
26000000,1,41,алматы,43.230400278556,76.780453074268,2023,1821.0,5.0,9.0,3.0,1.0,1.0,2.0,1.0,2.0
40000000,3,60,алматы,43.214874,76.859748,1969,2891.0,2.0,4.0,2.0,1.0,3.0,2.0,0.0,2.0
10500000,1,17,алматы,43.20337178924,76.851727678573,2004,997.0,2.0,2.0,3.0,1.0,1.0,2.0,0.0,2.0
25000000,2,36,алматы,43.307203258923,76.899464086153,1978,2618.0,2.0,3.0,2.0,1.0,2.0,2.0,0.0,1.0
25000000,2,57,алматы,43.258905,76.795231,2025,62.0,1.0,12.0,3.0,6.0,2.0,2.0,0.0,2.0
32000000,3,58,алматы,43.230174,76.845815,1963,2328.0,1.0,4.0,2.0,4.0,2.0,2.0,0.0,2.0
30000000,1,45,алматы,43.237931,76.826816,2007,3117.0,6.0,9.0,3.0,1.0,2.0,2.0,0.0,2.0
25000000,1,42,алматы,43.3276,76.924687,1989,2572.0,2.0,5.0,2.0,1.0,2.0,2.0,0.0,2.0
17300000,1,33,алматы,43.209059541386,76.7845168711,2024,3172.0,4.0,9.0,3.0,6.0,2.0,2.0,0.0,2.0
47500000,2,50,алматы,43.243284,76.952903,1967,1101.0,4.0,5.0,1.0,2.0,2.0,1.0,0.0,2.0
32800000,2,57,алматы,43.261103394134,76.823143390351,2018,636.0,7.0,12.0,3.0,1.0,2.0,2.0,0.0,2.0
39500000,1,43,алматы,43.257441,76.936868,2006,1840.0,2.0,7.0,1.0,2.0,2.0,1.0,0.0,2.0
45500000,3,75,алматы,43.212042,76.876663,1989,358.0,6.0,9.0,2.0,2.0,1.0,1.0,0.0,2.0
42000000,1,43,алматы,43.273260581834,76.816778440933,2024,2147.0,4.0,12.0,3.0,1.0,2.0,2.0,0.0,2.0
40500000,3,72,алматы,43.266703546156,76.819914404307,2020,1117.0,3.0,12.0,3.0,1.0,1.0,1.0,0.0,2.0
31500000,2,42,алматы,43.244354,76.902939,1975,1601.0,4.0,6.0,2.0,2.0,1.0,2.0,0.0,2.0
42000000,2,60,алматы,43.168489582843,76.905446084067,2024,2029.0,1.0,3.0,3.0,5.0,2.0,2.0,0.0,2.0
30000000,3,55,алматы,43.22823,76.883697,1979,1601.0,4.0,5.0,1.0,1.0,1.0,1.0,1.0,1.0
75000000,2,74,алматы,43.201056891996,76.899730813728,2023,2080.0,4.0,20.0,3.0,1.0,2.0,2.0,0.0,2.0
34000000,3,60,алматы,43.26423938223,76.951606705885,1974,1324.0,5.0,5.0,2.0,1.0,2.0,1.0,0.0,2.0
85000000,4,90,алматы,43.180064158271,76.86824116834,2015,19.0,1.0,9.0,3.0,1.0,2.0,2.0,0.0,2.0
45000000,2,65,алматы,43.215406,76.862128,1986,199.0,1.0,9.0,2.0,1.0,2.0,2.0,0.0,2.0
70000000,3,90,алматы,43.288447548674,76.949766920982,2022,2236.0,5.0,13.0,3.0,1.0,1.0,3.0,0.0,2.0
37000000,2,39,алматы,43.24157,76.928541,1962,1601.0,3.0,4.0,1.0,1.0,1.0,2.0,0.0,2.0
75000000,3,75,алматы,43.231369406636,76.927533227809,1987,2147.0,3.0,5.0,1.0,2.0,2.0,1.0,0.0,2.0
36500000,2,41,алматы,43.267762,76.941926,1970,1397.0,2.0,4.0,2.0,2.0,1.0,2.0,0.0,2.0
39900000,3,92,алматы,43.304791360814,76.921793281089,2006,1959.0,9.0,9.0,3.0,2.0,2.0,1.0,0.0,2.0
23500000,1,43,алматы,43.324643,76.984129,2016,1622.0,2.0,5.0,3.0,1.0,2.0,2.0,0.0,2.0
10500000,1,21,алматы,43.289388,76.929592,1972,2729.0,4.0,4.0,2.0,2.0,3.0,2.0,0.0,1.0
29500000,2,56,алматы,43.260495709037,76.820772317581,2019,636.0,10.0,12.0,3.0,1.0,1.0,3.0,0.0,2.0
67000000,4,87,алматы,43.227875,76.889383,1991,1959.0,1.0,5.0,2.0,1.0,1.0,1.0,0.0,2.0
75000000,3,115,алматы,43.170108737835,76.913651691989,2023,1222.0,3.0,3.0,3.0,6.0,2.0,2.0,0.0,2.0
65000000,2,62,алматы,43.216628,76.965417,1986,2222.0,2.0,5.0,1.0,1.0,2.0,2.0,0.0,2.0
35500000,2,59,алматы,43.213685,76.792401,2023,2075.0,8.0,12.0,3.0,6.0,3.0,2.0,0.0,2.0
30200000,3,61,алматы,43.317664,76.928685,1983,491.0,5.0,5.0,2.0,1.0,2.0,1.0,0.0,2.0
34800000,3,56,алматы,43.218568318224,76.894735551162,1971,696.0,1.0,4.0,2.0,2.0,2.0,1.0,0.0,2.0
40000000,3,65,алматы,43.208074,76.86521,1967,810.0,3.0,4.0,1.0,2.0,2.0,1.0,0.0,2.0
12300000,1,17,алматы,43.24946970015,76.898880262565,1982,1601.0,4.0,5.0,3.0,2.0,2.0,2.0,0.0,1.0
77000000,3,76,алматы,43.200674256746,76.899601562852,2023,2080.0,18.0,20.0,3.0,1.0,1.0,2.0,0.0,2.0
38500000,2,60,алматы,43.265937,76.8986,2006,71.0,5.0,9.0,3.0,1.0,1.0,1.0,0.0,2.0
22000000,1,37,алматы,43.245109634682,76.79078360493,1962,1601.0,2.0,2.0,1.0,1.0,2.0,2.0,0.0,2.0
26800000,1,35,алматы,43.353532537701,77.006143894548,1990,601.0,2.0,4.0,1.0,1.0,1.0,2.0,0.0,2.0
30900000,3,75,алматы,43.315014,76.896246,2022,2036.0,5.0,5.0,3.0,4.0,3.0,1.0,0.0,2.0
69000000,2,42,алматы,43.2431,76.950846,1960,1601.0,2.0,4.0,1.0,1.0,2.0,2.0,0.0,2.0
65000000,3,72,алматы,43.255987159963,76.923419512902,1967,1091.0,1.0,4.0,1.0,2.0,2.0,1.0,0.0,2.0
40000000,3,59,алматы,43.344734,77.008132,1964,2070.0,2.0,3.0,1.0,2.0,2.0,2.0,0.0,2.0
46000000,3,81,алматы,43.242186023228,76.814216963104,2011,11.0,5.0,9.0,3.0,1.0,1.0,2.0,0.0,2.0
32000000,2,52,алматы,43.337863,76.950343,1987,1849.0,3.0,5.0,2.0,1.0,2.0,1.0,0.0,2.0
42000000,3,58,алматы,43.269429,76.943579,1968,1772.0,4.0,4.0,2.0,2.0,1.0,2.0,0.0,2.0
29500000,1,45,алматы,43.214572,76.854825,2012,203.0,8.0,10.0,3.0,1.0,2.0,2.0,0.0,2.0
32900000,2,53,алматы,43.213278,76.873492,1986,1494.0,1.0,5.0,2.0,2.0,2.0,1.0,0.0,2.0
40500000,3,72,алматы,43.268687319326,76.820189930293,2020,3220.0,3.0,12.0,2.0,1.0,1.0,1.0,0.0,2.0
42000000,3,96,алматы,43.221836639046,76.784082512647,2019,1124.0,6.0,10.0,3.0,1.0,1.0,3.0,1.0,2.0
30500000,2,56,алматы,43.260503549015,76.82140531891,2019,636.0,10.0,12.0,3.0,2.0,2.0,3.0,0.0,2.0
30000000,2,52,алматы,43.333732,76.948906,2015,1083.0,5.0,5.0,3.0,2.0,2.0,1.0,0.0,2.0
25000000,1,46,алматы,43.321128724266,76.982366204401,2016,1601.0,1.0,5.0,3.0,1.0,2.0,2.0,0.0,2.0
61000000,3,90,алматы,43.219191,76.841979,2008,2981.0,6.0,12.0,3.0,1.0,2.0,1.0,0.0,2.0
60000000,4,86,алматы,43.239087,76.929475,1971,1637.0,4.0,4.0,1.0,2.0,2.0,1.0,0.0,2.0
33500000,2,57,алматы,43.266028,76.892141,2014,2999.0,6.0,9.0,3.0,1.0,2.0,1.0,0.0,2.0
40000000,3,58,алматы,43.269737,76.942213,1965,342.0,3.0,4.0,2.0,1.0,2.0,2.0,0.0,2.0
28199000,2,52,алматы,43.343443,76.973313,2024,2905.0,2.0,9.0,2.0,6.0,2.0,2.0,0.0,2.0
36000000,2,70,алматы,43.221705980823,76.786440765848,2019,1124.0,2.0,10.0,3.0,1.0,1.0,2.0,0.0,2.0
55000000,2,62,алматы,43.219887897072,76.88681300871,2023,1072.0,2.0,16.0,3.0,1.0,1.0,2.0,0.0,2.0
39900000,1,44,алматы,43.243063255394,76.855997703657,2023,2375.0,6.0,16.0,2.0,2.0,2.0,2.0,0.0,2.0
28500000,1,43,алматы,43.285367672013,77.001222634249,2020,3255.0,5.0,7.0,3.0,1.0,1.0,2.0,0.0,2.0
34000000,1,42,алматы,43.243803,76.902032,1981,1211.0,2.0,5.0,2.0,1.0,1.0,2.0,0.0,2.0
62000000,2,60,алматы,43.205216710192,76.893489130639,2021,1552.0,10.0,18.0,3.0,1.0,1.0,2.0,0.0,2.0
35000000,2,47,алматы,43.242568,76.929412,1956,3172.0,1.0,2.0,1.0,2.0,2.0,1.0,0.0,2.0
36000000,1,35,алматы,43.220997,76.935691,1980,660.0,4.0,5.0,1.0,1.0,1.0,2.0,0.0,2.0
30500000,2,62,алматы,43.363567,76.995627,1987,1601.0,4.0,5.0,2.0,1.0,2.0,1.0,0.0,2.0
42500000,3,60,алматы,43.19702,76.888862,1977,512.0,2.0,5.0,2.0,2.0,2.0,1.0,0.0,2.0
65000000,4,93,алматы,43.235055,76.874615,1976,1521.0,4.0,8.0,2.0,1.0,2.0,1.0,0.0,2.0
27000000,1,35,алматы,43.261456767987,76.931449203705,1974,1601.0,3.0,5.0,2.0,1.0,2.0,2.0,0.0,2.0
59000000,3,87,алматы,43.212259,76.794548,2022,2075.0,4.0,12.0,3.0,1.0,2.0,3.0,0.0,2.0
22000000,1,47,алматы,43.32013007148,77.019565810865,2025,1866.0,5.0,9.0,3.0,1.0,2.0,2.0,0.0,2.0
52500000,2,44,алматы,43.240405217908,76.909024952709,2020,984.0,12.0,16.0,3.0,1.0,2.0,2.0,0.0,2.0
22300000,1,39,алматы,43.30325485923,76.921597724992,2004,1767.0,5.0,9.0,3.0,1.0,2.0,2.0,0.0,2.0
17200000,1,28,алматы,43.222843,76.784972,2021,3470.0,9.0,10.0,3.0,1.0,2.0,1.0,0.0,2.0
32500000,2,44,алматы,43.196107,76.875936,1977,1199.0,3.0,4.0,2.0,2.0,2.0,2.0,0.0,2.0
30500000,2,43,алматы,43.254815,76.876537,1980,1601.0,2.0,5.0,2.0,1.0,2.0,1.0,0.0,2.0
28000000,2,40,алматы,43.225333,76.930616,1962,3352.0,1.0,3.0,1.0,1.0,2.0,2.0,0.0,2.0
34990000,2,50,алматы,43.225819,76.837164,1986,123.0,2.0,5.0,2.0,1.0,2.0,1.0,0.0,2.0
36000000,1,55,алматы,43.24812947361,76.867152196884,2012,52.0,2.0,15.0,3.0,1.0,1.0,2.0,0.0,2.0
63000000,3,108,алматы,43.2021,76.874714,2011,1601.0,16.0,16.0,3.0,1.0,1.0,3.0,0.0,2.0
65000000,3,103,алматы,43.342217151309,76.994230010678,2016,661.0,9.0,13.0,3.0,1.0,2.0,2.0,0.0,2.0
43500000,4,74,алматы,43.250678,76.870851,1980,109.0,5.0,5.0,2.0,1.0,2.0,1.0,0.0,2.0
37999995,1,46,алматы,43.261221054588,76.901963219573,2019,1601.0,12.0,15.0,3.0,1.0,1.0,2.0,0.0,2.0
50000000,1,53,алматы,43.236697447736,76.897770222931,2015,20.0,4.0,17.0,3.0,1.0,1.0,2.0,0.0,2.0
43000000,2,47,алматы,43.271876683944,76.946355195349,2023,1822.0,6.0,13.0,3.0,1.0,2.0,2.0,0.0,2.0
22000000,1,36,алматы,43.266159217976,76.854025336314,2020,1810.0,1.0,6.0,2.0,1.0,2.0,2.0,1.0,2.0
35000000,1,46,алматы,43.200727,76.841467,2013,512.0,12.0,16.0,3.0,1.0,1.0,2.0,0.0,2.0
25500000,1,40,алматы,43.307687,76.841943,2016,1601.0,1.0,5.0,3.0,1.0,2.0,2.0,1.0,2.0
66000000,2,65,алматы,43.230001519027,76.879882680263,2018,983.0,10.0,12.0,3.0,1.0,1.0,3.0,1.0,2.0
23500000,1,37,алматы,43.232539,76.796758,2025,1601.0,3.0,12.0,3.0,1.0,2.0,2.0,0.0,2.0
43000000,3,80,алматы,43.364252590751,76.994557209314,2007,1601.0,2.0,6.0,2.0,1.0,2.0,2.0,0.0,2.0
18000000,2,36,алматы,43.309301,76.941144,1964,1601.0,1.0,2.0,2.0,2.0,2.0,2.0,0.0,2.0
38500000,2,81,алматы,43.254110367553,76.864158940156,2024,2388.0,13.0,13.0,3.0,1.0,2.0,2.0,0.0,2.0
15000000,1,19,алматы,43.225373,76.861643,1966,41.0,4.0,4.0,2.0,1.0,1.0,1.0,0.0,1.0
38500000,2,58,алматы,43.240733351626,76.856329975583,2017,885.0,1.0,12.0,3.0,2.0,2.0,2.0,0.0,2.0
23300000,1,33,алматы,43.238520478333,76.831768034392,1981,270.0,5.0,5.0,2.0,2.0,2.0,2.0,0.0,2.0
41500000,2,47,алматы,43.26788,76.921929,2024,1298.0,10.0,10.0,3.0,1.0,2.0,2.0,0.0,2.0
33000000,1,48,алматы,43.267947925519,76.955745585319,2008,3131.0,9.0,10.0,3.0,1.0,1.0,2.0,0.0,2.0
33500000,2,55,алматы,43.265927259151,76.854152657681,2022,2204.0,5.0,6.0,3.0,1.0,1.0,2.0,1.0,2.0
70000000,3,90,алматы,43.210847,76.879223,1997,3195.0,1.0,5.0,2.0,1.0,2.0,2.0,0.0,2.0
78000000,3,92,алматы,43.205216710192,76.893489130639,2020,1552.0,11.0,17.0,3.0,2.0,2.0,3.0,0.0,2.0
32200000,1,38,алматы,43.245523,76.896561,1978,223.0,8.0,9.0,2.0,2.0,2.0,2.0,0.0,2.0
70000000,2,70,алматы,43.266302032982,76.926467236087,2023,2165.0,4.0,12.0,3.0,1.0,1.0,2.0,0.0,2.0
40000000,2,51,алматы,43.233340053264,76.893153860947,2008,350.0,10.0,21.0,3.0,2.0,1.0,2.0,0.0,2.0
35000000,1,34,алматы,43.264132172865,76.932888779152,2024,2758.0,5.0,12.0,3.0,1.0,2.0,2.0,0.0,2.0
28000000,2,47,алматы,43.207277505396,76.788254138136,2020,271.0,3.0,10.0,3.0,1.0,1.0,2.0,1.0,2.0
53000000,1,60,алматы,43.260884293516,76.947101643367,2020,1912.0,9.0,12.0,3.0,1.0,1.0,2.0,0.0,2.0
43500000,3,90,алматы,43.242167311841,76.815411652779,2010,1601.0,2.0,9.0,3.0,2.0,2.0,3.0,0.0,2.0
32500000,2,45,алматы,43.200377044055,76.871497929408,1977,758.0,2.0,5.0,2.0,2.0,2.0,1.0,0.0,2.0
25500000,1,31,алматы,43.192702626321,76.904622610809,1976,1601.0,3.0,5.0,2.0,2.0,1.0,2.0,0.0,2.0
20700000,2,46,алматы,43.173656617135,76.799913054092,2023,2069.0,1.0,3.0,3.0,1.0,2.0,2.0,0.0,2.0
25500000,2,58,алматы,43.219715734246,76.796062455936,2012,92.0,1.0,16.0,3.0,2.0,2.0,2.0,0.0,2.0
32000000,2,50,алматы,43.329190252207,76.939827966339,2021,1689.0,3.0,10.0,3.0,1.0,1.0,2.0,0.0,2.0
58000000,2,58,алматы,43.251217,76.939446,1960,1831.0,4.0,4.0,1.0,2.0,2.0,2.0,0.0,2.0
12600000,1,21,алматы,43.209789,76.888584,1976,1341.0,3.0,5.0,1.0,2.0,2.0,2.0,0.0,2.0
52500000,3,72,алматы,43.228353542852,76.836346476196,1987,545.0,3.0,9.0,2.0,1.0,2.0,1.0,0.0,2.0
44000000,2,67,алматы,43.342217151309,76.994230010678,2016,661.0,9.0,12.0,3.0,1.0,1.0,2.0,0.0,2.0
20500000,1,37,алматы,43.279052419585,76.821790888221,2014,760.0,2.0,5.0,3.0,4.0,3.0,2.0,0.0,2.0
42000000,3,65,алматы,43.298314388339,76.872349638956,2023,2166.0,1.0,6.0,3.0,1.0,1.0,3.0,0.0,2.0
38000000,2,50,алматы,43.195643970454,76.920541907962,2023,789.0,3.0,3.0,1.0,6.0,2.0,2.0,0.0,2.0
21900000,2,45,алматы,43.314392870365,76.896888141299,2022,2036.0,3.0,5.0,3.0,6.0,2.0,2.0,0.0,2.0
28000000,2,44,алматы,43.217042,76.869638,1968,1601.0,3.0,4.0,2.0,1.0,2.0,2.0,0.0,2.0
30000000,1,35,алматы,43.217772,76.837586,1994,1601.0,5.0,5.0,1.0,2.0,1.0,2.0,0.0,2.0
37000000,2,44,алматы,43.258827,76.92608,1979,464.0,5.0,5.0,2.0,2.0,1.0,2.0,1.0,2.0
17500000,1,29,алматы,43.273353951209,76.828896952102,2024,2115.0,2.0,7.0,3.0,6.0,3.0,2.0,0.0,2.0
21000000,1,47,алматы,43.32013007148,77.019565810865,2022,1866.0,5.0,9.0,3.0,1.0,2.0,2.0,0.0,2.0
71000000,3,95,алматы,43.21801565685,76.877572612907,2025,3426.0,5.0,9.0,3.0,6.0,2.0,3.0,0.0,2.0
25800000,2,43,алматы,43.223901,76.874274,1968,1601.0,1.0,4.0,2.0,2.0,2.0,2.0,0.0,2.0
37000000,2,63,алматы,43.236499493826,76.881374591824,2024,2555.0,16.0,20.0,3.0,5.0,2.0,2.0,0.0,2.0
40000000,3,60,алматы,43.25002953565,76.896558076057,1977,1601.0,5.0,5.0,2.0,1.0,1.0,2.0,0.0,2.0
36500000,3,75,алматы,43.211959675667,76.792213545963,2019,1064.0,8.0,9.0,3.0,2.0,2.0,1.0,0.0,2.0
51000000,3,82,алматы,43.235625886755,76.807209264942,2020,1171.0,12.0,16.0,3.0,1.0,2.0,3.0,0.0,2.0
68800000,3,85,алматы,43.231198493473,76.875074249725,2017,751.0,1.0,12.0,3.0,1.0,2.0,2.0,0.0,2.0
68000000,2,74,алматы,43.22880093458,76.884156423674,2020,1614.0,10.0,12.0,3.0,1.0,1.0,2.0,0.0,2.0
65000000,3,90,алматы,43.16974607729,76.872367858887,2013,120.0,7.0,10.0,2.0,1.0,2.0,2.0,0.0,2.0
20900000,1,33,алматы,43.319993,76.908446,1982,1564.0,4.0,4.0,2.0,1.0,2.0,2.0,0.0,2.0
40500000,3,57,алматы,43.321926552379,76.90881038183,1985,1601.0,1.0,5.0,2.0,2.0,2.0,1.0,0.0,2.0
38000000,1,47,алматы,43.215347361947,76.880843493499,2023,1770.0,16.0,17.0,3.0,1.0,3.0,2.0,0.0,2.0
19500000,2,38,алматы,43.328905,76.963548,1970,92.0,1.0,3.0,2.0,2.0,1.0,2.0,0.0,2.0
68900000,4,90,алматы,43.210243390287,76.842944230411,1995,1064.0,6.0,9.0,1.0,2.0,2.0,1.0,0.0,2.0
24500000,1,40,алматы,43.233248,76.830436,1983,1125.0,1.0,5.0,2.0,1.0,2.0,2.0,0.0,2.0
23000000,3,56,алматы,43.283396,76.904682,1962,3100.0,2.0,2.0,1.0,2.0,2.0,1.0,0.0,2.0
17500000,1,38,алматы,43.221128225175,76.782937732332,2025,3399.0,7.0,9.0,3.0,1.0,2.0,2.0,0.0,2.0
23500000,1,33,алматы,43.230805,76.865506,1966,1120.0,4.0,5.0,2.0,1.0,2.0,2.0,0.0,2.0
44000000,1,41,алматы,43.205389548674,76.892727675916,2020,2561.0,14.0,17.0,3.0,1.0,2.0,2.0,0.0,2.0
40000000,3,72,алматы,43.274502302328,76.815229655076,2024,2147.0,7.0,12.0,3.0,6.0,2.0,2.0,0.0,2.0
12800000,1,21,алматы,43.209427972247,76.88878420899,1976,2177.0,3.0,5.0,1.0,2.0,2.0,2.0,0.0,1.0
59900000,3,75,алматы,43.260212,76.93871,1965,20.0,2.0,4.0,1.0,1.0,2.0,2.0,0.0,2.0
45000000,2,55,алматы,43.246553545147,76.910714733895,2006,38.0,9.0,9.0,3.0,1.0,2.0,2.0,0.0,2.0
19000000,1,35,алматы,43.311151625878,76.89667387698,2014,818.0,6.0,7.0,3.0,2.0,2.0,2.0,0.0,2.0
50000000,3,110,алматы,43.221426337386,76.795449303732,2012,1601.0,11.0,16.0,3.0,1.0,2.0,2.0,0.0,2.0
62000000,2,72,алматы,43.205127390515,76.885522568695,2016,123.0,2.0,16.0,3.0,1.0,1.0,2.0,0.0,2.0
35000000,3,62,алматы,43.237805546251,76.841244255294,1976,3052.0,2.0,5.0,2.0,6.0,2.0,1.0,0.0,2.0
39000000,2,56,алматы,43.237285422135,76.882590165418,2024,2555.0,4.0,6.0,3.0,1.0,2.0,2.0,0.0,2.0
27000000,1,38,алматы,43.177530890751,76.86448214332,2017,1039.0,4.0,10.0,1.0,1.0,2.0,2.0,0.0,2.0
36500000,3,65,алматы,43.238247,76.828325,1984,2236.0,2.0,5.0,2.0,1.0,2.0,2.0,0.0,2.0
41500000,2,46,алматы,43.221043,76.962641,1965,1601.0,3.0,4.0,2.0,2.0,2.0,2.0,0.0,2.0
85000000,2,54,алматы,43.220879,76.961518,1984,2155.0,3.0,5.0,1.0,1.0,2.0,2.0,0.0,2.0
12000000,1,12,алматы,43.224545,76.873133,1976,1601.0,1.0,5.0,2.0,2.0,2.0,2.0,0.0,2.0
50000000,2,47,алматы,43.200674256746,76.899601562852,2023,2080.0,6.0,20.0,3.0,1.0,2.0,2.0,0.0,2.0
69000000,3,104,алматы,43.216421692117,76.883046710645,2009,109.0,12.0,15.0,3.0,2.0,1.0,3.0,0.0,2.0
35000000,2,54,алматы,43.261872549353,76.821590108274,2019,636.0,14.0,14.0,3.0,1.0,1.0,1.0,0.0,2.0
71500000,2,67,алматы,43.207811,76.894585,2021,1601.0,8.0,10.0,3.0,1.0,2.0,2.0,0.0,2.0
53000000,3,128,алматы,43.222496076124,76.794494553305,2012,92.0,11.0,16.0,3.0,1.0,2.0,3.0,0.0,2.0
26000000,2,46,алматы,43.245904272772,76.809471676463,2024,2691.0,1.0,12.0,3.0,4.0,2.0,2.0,0.0,2.0
68000000,4,98,алматы,43.212975,76.89966,1995,871.0,1.0,9.0,1.0,2.0,2.0,1.0,0.0,2.0
35000000,2,49,алматы,43.251796321444,76.897382320034,2024,1853.0,1.0,13.0,3.0,1.0,3.0,2.0,0.0,2.0
52500000,2,70,алматы,43.259421838792,76.927448301697,2015,630.0,6.0,15.0,3.0,2.0,2.0,2.0,0.0,2.0
32500000,1,42,алматы,43.314890690652,76.989262364681,2024,1023.0,3.0,3.0,3.0,1.0,1.0,2.0,0.0,2.0
65000000,2,79,алматы,43.206632334711,76.884845495224,2015,123.0,7.0,18.0,3.0,1.0,1.0,1.0,1.0,2.0
39500000,1,52,алматы,43.253252546356,76.862528986164,2024,2523.0,7.0,13.0,3.0,1.0,3.0,2.0,0.0,2.0
27500000,2,50,алматы,43.298049,76.832888,2020,2382.0,4.0,5.0,3.0,1.0,2.0,2.0,0.0,2.0
60000000,2,89,алматы,43.21153022797,76.881957426668,2009,88.0,4.0,10.0,1.0,2.0,3.0,1.0,0.0,2.0
36700000,1,33,алматы,43.258595251467,76.959644394637,1990,2965.0,1.0,5.0,2.0,2.0,2.0,2.0,0.0,2.0
27500000,3,65,алматы,43.241340485664,76.810090851075,2011,11.0,10.0,10.0,3.0,1.0,2.0,2.0,0.0,2.0
54000000,3,65,алматы,43.24553,76.89657,1978,2734.0,6.0,9.0,2.0,1.0,2.0,1.0,0.0,2.0
67500000,3,80,алматы,43.218298294283,76.880121253562,2008,534.0,8.0,14.0,3.0,1.0,1.0,3.0,0.0,2.0
43500000,3,66,алматы,43.253057026405,76.882918457672,1980,2505.0,5.0,5.0,2.0,2.0,2.0,1.0,0.0,2.0
34500000,2,71,алматы,43.29856628506,76.872551006775,2022,2166.0,4.0,6.0,3.0,6.0,2.0,3.0,1.0,2.0
31100000,1,41,алматы,43.237285422135,76.882590165418,2020,2555.0,12.0,19.0,2.0,1.0,2.0,2.0,0.0,2.0
38500000,3,68,алматы,43.255156,76.861446,1986,2124.0,2.0,5.0,1.0,2.0,2.0,1.0,0.0,2.0
47000000,2,61,алматы,43.288463,77.005437,2021,2561.0,5.0,9.0,3.0,1.0,2.0,1.0,0.0,2.0
20000000,1,33,алматы,43.359497,76.990857,1989,163.0,3.0,5.0,1.0,1.0,1.0,2.0,0.0,2.0
40000000,1,33,алматы,43.264485738286,76.932980331075,2024,2758.0,4.0,12.0,3.0,1.0,2.0,2.0,0.0,2.0
62000000,3,95,алматы,43.267102151835,76.929931640407,2024,2491.0,9.0,12.0,3.0,6.0,2.0,3.0,0.0,2.0
34000000,2,65,алматы,43.31462635689,76.909034830683,2017,2504.0,2.0,6.0,3.0,1.0,2.0,1.0,0.0,2.0
13000000,1,19,алматы,43.242949,76.839617,2005,487.0,4.0,4.0,1.0,1.0,2.0,2.0,0.0,1.0
33500000,3,59,алматы,43.230591373807,76.783529044318,2020,1814.0,3.0,9.0,3.0,2.0,2.0,1.0,0.0,2.0
78000000,2,74,алматы,43.240184,76.928837,2021,72.0,6.0,6.0,3.0,1.0,2.0,2.0,0.0,2.0
65000000,2,57,алматы,43.201007902678,76.900712418962,2023,2080.0,4.0,20.0,3.0,1.0,2.0,2.0,0.0,2.0
47500000,3,60,алматы,43.23026,76.906451,1983,1601.0,3.0,5.0,2.0,1.0,2.0,2.0,0.0,2.0
12000000,1,18,алматы,43.170251864741,76.875208543655,2016,2815.0,1.0,5.0,3.0,2.0,2.0,2.0,0.0,2.0
35000000,1,40,алматы,43.209506,76.902867,1987,1605.0,5.0,9.0,2.0,1.0,2.0,2.0,0.0,2.0
38500000,3,84,алматы,43.241536698703,76.811021875007,2016,772.0,14.0,16.0,3.0,2.0,2.0,1.0,0.0,2.0
41500000,1,48,алматы,43.242236795555,76.853869734063,2024,2375.0,13.0,16.0,3.0,1.0,2.0,2.0,0.0,2.0
40500000,2,62,алматы,43.258322440143,76.866277456229,2023,2981.0,11.0,12.0,3.0,1.0,2.0,2.0,0.0,2.0
38000000,2,56,алматы,43.261814,76.821561,2018,636.0,11.0,14.0,3.0,1.0,1.0,3.0,1.0,2.0
41500000,3,60,алматы,43.266119359767,76.936404852091,1972,2523.0,4.0,5.0,3.0,1.0,2.0,1.0,0.0,2.0
48000000,2,70,алматы,43.255399,76.821129,2014,3265.0,5.0,9.0,3.0,1.0,2.0,1.0,0.0,2.0
40990000,2,55,алматы,43.238011305107,76.890220096604,2025,3020.0,10.0,10.0,3.0,6.0,2.0,2.0,0.0,2.0
32500000,3,60,алматы,43.234996,76.85805,1975,1976.0,1.0,4.0,2.0,1.0,2.0,2.0,0.0,2.0
60000000,3,89,алматы,43.252895314399,76.886894304171,1980,1601.0,7.0,8.0,1.0,1.0,1.0,1.0,0.0,2.0
63000000,3,63,алматы,43.261591,76.94904,1977,2528.0,3.0,6.0,1.0,1.0,2.0,2.0,0.0,2.0
19500000,2,42,алматы,43.208775176856,76.829192367467,2019,1767.0,1.0,3.0,3.0,1.0,1.0,2.0,0.0,2.0
33000000,1,37,алматы,43.267796317297,76.925256130626,2024,2505.0,12.0,12.0,3.0,6.0,2.0,2.0,0.0,2.0
60000000,2,63,алматы,43.210072608673,76.899199721319,2020,1526.0,5.0,10.0,3.0,1.0,1.0,2.0,0.0,2.0
50000000,3,90,алматы,43.242187,76.825576,2008,967.0,1.0,9.0,3.0,1.0,1.0,2.0,0.0,2.0
72000000,3,95,алматы,43.250383,76.951717,1971,1601.0,5.0,5.0,1.0,1.0,1.0,2.0,0.0,2.0
37000000,2,39,алматы,43.264565,76.937003,1964,1794.0,4.0,4.0,1.0,1.0,1.0,2.0,0.0,2.0
30500000,1,26,алматы,43.267102151835,76.929931640407,2024,2491.0,11.0,12.0,3.0,1.0,1.0,2.0,0.0,2.0
43500000,2,54,алматы,43.268967369064,76.945720911026,2020,1440.0,1.0,9.0,3.0,2.0,1.0,2.0,0.0,2.0
28200000,1,40,алматы,43.22839116113,76.834392635904,1989,3424.0,7.0,9.0,2.0,2.0,2.0,2.0,0.0,2.0
35500000,2,45,алматы,43.224374,76.897702,1963,1580.0,2.0,4.0,1.0,1.0,1.0,2.0,0.0,2.0
27000000,2,48,алматы,43.224144,76.783301,2019,3469.0,3.0,10.0,3.0,1.0,1.0,2.0,1.0,2.0
33000000,2,58,алматы,43.266703546156,76.819914404307,2019,1117.0,6.0,12.0,3.0,2.0,2.0,1.0,0.0,2.0
43500000,3,72,алматы,43.242821716389,76.853308706366,2025,2375.0,2.0,16.0,3.0,6.0,2.0,2.0,0.0,2.0
45500000,4,86,алматы,43.235409,76.825342,1989,1673.0,2.0,5.0,2.0,1.0,2.0,2.0,0.0,2.0
30500000,3,43,алматы,43.231694241514,76.8318697705,2017,1124.0,7.0,10.0,3.0,1.0,2.0,1.0,0.0,2.0
27500000,2,44,алматы,43.232546,76.844782,1963,1717.0,1.0,4.0,2.0,1.0,1.0,2.0,0.0,2.0
40000000,4,88,алматы,43.353971,77.007584,2004,1601.0,4.0,4.0,1.0,1.0,3.0,1.0,0.0,2.0
34000000,3,64,алматы,43.223132,76.786643,2022,1124.0,10.0,10.0,3.0,1.0,2.0,2.0,0.0,2.0
12000000,1,12,алматы,43.213849,76.868578,1967,3240.0,1.0,4.0,1.0,1.0,1.0,1.0,0.0,1.0
63000000,3,70,алматы,43.245723176565,76.939586660049,1984,728.0,5.0,5.0,1.0,4.0,2.0,1.0,0.0,2.0
33000000,2,43,алматы,43.198486,76.87227,1976,2795.0,3.0,5.0,2.0,1.0,2.0,2.0,0.0,2.0
57000000,2,73,алматы,43.231074642998,76.885882615934,2014,601.0,5.0,17.0,3.0,1.0,2.0,2.0,0.0,2.0
35500000,3,54,алматы,43.238386658035,76.831050306252,1982,2691.0,1.0,5.0,2.0,2.0,2.0,2.0,0.0,2.0
50000000,2,58,алматы,43.255005,76.904978,2000,1493.0,6.0,9.0,1.0,1.0,1.0,1.0,0.0,2.0
57000000,3,74,алматы,43.226673,76.845222,2019,983.0,4.0,9.0,3.0,1.0,2.0,2.0,0.0,2.0
28000000,2,38,алматы,43.226705535714,76.913977223551,1960,1601.0,1.0,4.0,1.0,2.0,2.0,2.0,0.0,2.0
34000000,3,68,алматы,43.308212269378,76.936988482799,2024,3210.0,2.0,5.0,3.0,1.0,3.0,2.0,0.0,2.0
41000000,2,57,алматы,43.231096989712,76.832493562958,2017,957.0,7.0,10.0,3.0,1.0,1.0,2.0,0.0,2.0
38000000,3,64,алматы,43.353656,76.934973,1978,1601.0,3.0,4.0,2.0,1.0,2.0,1.0,0.0,2.0
29500000,2,56,алматы,43.260763,76.823285,2019,779.0,10.0,12.0,3.0,1.0,1.0,1.0,0.0,2.0
56700000,3,70,алматы,43.200727,76.841467,1997,349.0,3.0,5.0,2.0,1.0,1.0,1.0,0.0,2.0
24500000,1,32,алматы,43.217539491075,76.855775435513,1977,2128.0,4.0,5.0,2.0,2.0,2.0,2.0,0.0,2.0
35500000,2,46,алматы,43.262264387693,76.931722789024,1988,1601.0,2.0,2.0,2.0,1.0,2.0,2.0,0.0,2.0
23000000,1,32,алматы,43.210189,76.787811,2024,1548.0,3.0,9.0,3.0,1.0,1.0,2.0,0.0,2.0
41000000,3,58,алматы,43.248826934661,76.91886493254,1977,2617.0,2.0,5.0,2.0,2.0,2.0,2.0,0.0,2.0
31000000,3,62,алматы,43.210581173235,76.786658411036,2024,3225.0,4.0,9.0,3.0,6.0,2.0,2.0,0.0,2.0
43500000,2,56,алматы,43.264773552322,76.951640518943,1973,607.0,6.0,8.0,2.0,2.0,2.0,2.0,0.0,2.0
21000000,1,31,алматы,43.217714564372,76.779966836126,2022,3346.0,6.0,10.0,3.0,1.0,1.0,2.0,0.0,2.0
19000000,1,41,алматы,43.358835,76.923897,2010,2458.0,6.0,6.0,3.0,2.0,2.0,2.0,0.0,2.0
43500000,3,70,алматы,43.233817118266,76.900812304636,1963,2913.0,2.0,3.0,1.0,2.0,2.0,1.0,0.0,2.0
11000000,1,23,алматы,43.34438,76.931317,2016,2090.0,1.0,2.0,2.0,1.0,2.0,2.0,0.0,1.0
21500000,2,46,алматы,43.20902968865,76.78515207624,2025,1992.0,4.0,9.0,3.0,1.0,2.0,2.0,0.0,2.0
27500000,2,46,алматы,43.227737,76.849076,1975,880.0,4.0,4.0,2.0,2.0,2.0,2.0,0.0,2.0
20500000,1,33,алматы,43.310233091589,76.94244058202,2021,1751.0,4.0,5.0,3.0,1.0,2.0,1.0,0.0,2.0
27000000,2,42,алматы,43.246528,76.897297,1979,2059.0,5.0,5.0,2.0,2.0,2.0,2.0,0.0,2.0
55000000,3,62,алматы,43.265179638936,76.918001685368,2020,1522.0,6.0,13.0,3.0,1.0,1.0,2.0,1.0,2.0
36500000,3,65,алматы,43.236725520924,76.83761317791,1983,246.0,5.0,5.0,2.0,1.0,2.0,2.0,0.0,2.0
60000000,3,90,алматы,43.169918841181,76.870994567871,2013,120.0,8.0,10.0,3.0,2.0,2.0,3.0,0.0,2.0
29000000,1,32,алматы,43.264133858268,76.950422022449,1973,2498.0,2.0,5.0,2.0,2.0,2.0,2.0,0.0,2.0
62000000,3,62,алматы,43.213825386967,76.878116963493,2023,2558.0,8.0,12.0,3.0,1.0,1.0,2.0,0.0,2.0
57000000,4,91,алматы,43.250022,76.869477,1990,1391.0,5.0,5.0,1.0,1.0,1.0,1.0,0.0,2.0
35000000,2,55,алматы,43.274738380367,76.815118730542,2024,2147.0,6.0,12.0,3.0,6.0,2.0,2.0,0.0,2.0
25000000,2,53,алматы,43.314471068835,76.989506275907,2024,1855.0,1.0,3.0,1.0,6.0,2.0,2.0,0.0,2.0
85000000,3,110,алматы,43.19984,76.899705,2021,203.0,16.0,21.0,3.0,4.0,3.0,1.0,0.0,2.0
21800000,1,31,алматы,43.345357,76.990067,1965,1849.0,2.0,3.0,1.0,2.0,2.0,2.0,0.0,2.0
38000000,2,59,алматы,43.26732636501,76.820006593918,2018,3326.0,9.0,12.0,3.0,1.0,2.0,1.0,0.0,2.0
32000000,2,70,алматы,43.280305,76.821947,2014,2864.0,5.0,5.0,3.0,1.0,2.0,1.0,0.0,2.0
19500000,1,31,алматы,43.221168,76.784694,2019,3469.0,7.0,10.0,3.0,1.0,1.0,2.0,0.0,2.0
54000000,2,70,алматы,43.239298,76.861661,2017,3014.0,7.0,9.0,3.0,1.0,1.0,2.0,0.0,2.0
33500000,3,62,алматы,43.219362937494,76.853945959663,1971,1992.0,4.0,5.0,2.0,2.0,2.0,2.0,0.0,2.0
30000000,2,55,алматы,43.258197559615,76.820061777958,2024,3014.0,2.0,6.0,3.0,6.0,2.0,2.0,0.0,2.0
50000000,2,60,алматы,43.214237,76.875927,1987,2578.0,9.0,9.0,2.0,1.0,1.0,1.0,0.0,2.0
18500000,1,33,алматы,43.208654120515,76.78426076533,2025,3172.0,7.0,9.0,3.0,1.0,2.0,2.0,0.0,2.0
79000000,2,87,алматы,43.208892705111,76.892639683575,2023,2199.0,2.0,16.0,3.0,5.0,2.0,3.0,0.0,2.0
12000000,1,20,алматы,43.170047772424,76.875159067479,2016,23.0,4.0,5.0,3.0,1.0,1.0,2.0,0.0,2.0
25900000,1,35,алматы,43.233597,76.830274,1985,1707.0,5.0,5.0,2.0,1.0,1.0,2.0,0.0,2.0
27200000,1,40,алматы,43.261393015994,76.892009727725,2024,1997.0,12.0,13.0,3.0,1.0,1.0,2.0,0.0,2.0
43000000,2,50,алматы,43.242253,76.832331,2016,2626.0,2.0,10.0,3.0,1.0,2.0,2.0,0.0,2.0
29000000,2,43,алматы,43.232828,76.846695,1968,2839.0,4.0,4.0,2.0,1.0,1.0,2.0,0.0,2.0
22000000,1,33,алматы,43.229915332743,76.870039307865,1966,3417.0,2.0,4.0,2.0,2.0,2.0,2.0,0.0,2.0
30000000,1,48,алматы,43.305535,76.922917,2006,1601.0,4.0,9.0,3.0,2.0,3.0,1.0,0.0,2.0
32500000,2,58,алматы,43.266703546156,76.819914404307,2020,1117.0,10.0,12.0,3.0,1.0,1.0,1.0,0.0,2.0
52000000,2,57,алматы,43.264033,76.962129,1981,1286.0,3.0,5.0,1.0,1.0,1.0,2.0,0.0,2.0
35500000,2,55,алматы,43.211727367305,76.872167471763,1985,2981.0,3.0,5.0,2.0,1.0,2.0,1.0,0.0,2.0
79000000,3,102,алматы,43.206789297499,76.884040832519,2013,123.0,14.0,16.0,3.0,2.0,2.0,3.0,0.0,2.0
26000000,2,50,алматы,43.24739267165,76.806197081648,2025,2691.0,8.0,12.0,3.0,5.0,2.0,2.0,0.0,2.0
57000000,3,71,алматы,43.220421693949,76.956014813491,1965,396.0,3.0,4.0,1.0,1.0,3.0,2.0,0.0,2.0
40000000,1,45,алматы,43.206659531835,76.901376117721,1986,92.0,3.0,5.0,2.0,2.0,2.0,2.0,0.0,2.0
25800000,1,42,алматы,43.218981,76.871875,1964,1601.0,4.0,4.0,1.0,1.0,2.0,2.0,0.0,2.0
45500000,1,44,алматы,43.188568,76.919432,2021,1091.0,2.0,3.0,2.0,5.0,2.0,2.0,0.0,2.0
31000000,2,58,алматы,43.266703546156,76.819914404307,2021,1117.0,8.0,12.0,3.0,2.0,1.0,1.0,0.0,2.0
45000000,2,53,алматы,43.212019617852,76.840096086448,1995,2861.0,4.0,5.0,2.0,2.0,1.0,1.0,0.0,2.0
44000000,3,77,алматы,43.304951,76.923915,2006,177.0,5.0,5.0,3.0,1.0,2.0,1.0,0.0,2.0
36000000,1,38,алматы,43.25712801158,76.914003916069,2015,729.0,4.0,12.0,3.0,1.0,1.0,2.0,0.0,2.0
38000000,2,60,алматы,43.220011750497,76.835405373421,2019,1601.0,10.0,12.0,3.0,1.0,3.0,2.0,1.0,2.0
59000000,4,85,алматы,43.210051,76.880742,1992,723.0,5.0,5.0,2.0,1.0,1.0,1.0,0.0,2.0
34500000,3,57,алматы,43.326984,76.923654,1985,2430.0,4.0,5.0,2.0,4.0,2.0,2.0,0.0,2.0
25100000,1,30,алматы,43.311649,76.895923,2014,818.0,5.0,7.0,3.0,1.0,1.0,2.0,0.0,2.0
46900000,2,56,алматы,43.238242177201,76.873028464566,2012,401.0,5.0,22.0,3.0,1.0,2.0,2.0,0.0,2.0
79300000,3,122,алматы,43.18465,76.938099,2023,2039.0,2.0,3.0,3.0,5.0,2.0,3.0,0.0,2.0
30500000,1,41,алматы,43.220699611227,76.839527365744,1990,2710.0,2.0,9.0,2.0,2.0,2.0,2.0,0.0,2.0
45890000,3,71,алматы,43.20902,76.901403,1991,2523.0,1.0,5.0,2.0,2.0,2.0,1.0,1.0,2.0
48200000,3,74,алматы,43.211385,76.876888,1989,320.0,7.0,9.0,2.0,1.0,1.0,1.0,0.0,2.0
29900000,1,46,алматы,43.287821767999,76.949879573761,2023,2236.0,8.0,13.0,3.0,1.0,2.0,2.0,0.0,2.0
26500000,2,44,алматы,43.219795,76.854358,1965,227.0,4.0,4.0,2.0,2.0,1.0,2.0,0.0,2.0
27000000,2,55,алматы,43.245365714031,76.809755974138,2024,3131.0,7.0,12.0,3.0,6.0,2.0,1.0,0.0,2.0
29000000,2,45,алматы,43.261748644395,76.8972072509,1982,1586.0,4.0,5.0,1.0,1.0,1.0,1.0,0.0,2.0
48000000,2,60,алматы,43.20749737073,76.899136708834,1989,2917.0,8.0,9.0,2.0,2.0,2.0,2.0,0.0,2.0
49000000,3,83,алматы,43.288758,76.987111,2020,636.0,9.0,9.0,3.0,1.0,1.0,1.0,0.0,2.0
35000000,2,69,алматы,43.342217151309,76.994230010678,2018,661.0,8.0,13.0,2.0,2.0,1.0,1.0,0.0,2.0
23000000,2,38,алматы,43.360447,76.941917,1974,2177.0,2.0,2.0,1.0,1.0,2.0,2.0,0.0,2.0
62000000,2,50,алматы,43.236781606194,76.937855410828,2021,1667.0,6.0,10.0,3.0,2.0,1.0,2.0,0.0,2.0
29500000,2,42,алматы,43.209825726894,76.869668746033,1962,2799.0,2.0,4.0,1.0,1.0,2.0,2.0,0.0,2.0
53748000,2,79,алматы,43.229592052419,76.877895906072,2020,1401.0,12.0,16.0,3.0,4.0,3.0,1.0,0.0,2.0
22999999,2,43,алматы,43.252763617273,76.862965458284,2024,2523.0,1.0,13.0,3.0,5.0,2.0,2.0,0.0,2.0
26500000,1,33,алматы,43.246970041536,76.852302446655,2021,2129.0,5.0,10.0,3.0,1.0,2.0,2.0,0.0,2.0
28500000,2,42,алматы,43.205755717905,76.837038355819,1985,2388.0,1.0,5.0,2.0,1.0,2.0,2.0,0.0,2.0
60000000,3,87,алматы,43.188996696989,76.82145786494,2013,1601.0,5.0,6.0,3.0,1.0,1.0,1.0,0.0,2.0
40500000,3,61,алматы,43.267899,76.938395,1973,2936.0,5.0,5.0,2.0,1.0,3.0,1.0,0.0,2.0
32500000,1,44,алматы,43.265549,76.958293,2006,919.0,1.0,6.0,1.0,1.0,2.0,2.0,0.0,2.0
15500000,2,31,алматы,43.253023128841,76.790885860886,2024,1119.0,1.0,3.0,2.0,1.0,2.0,2.0,1.0,2.0
50000000,3,70,алматы,43.261393015994,76.892009727725,2022,1997.0,2.0,12.0,3.0,1.0,1.0,3.0,0.0,2.0
25000000,2,55,алматы,43.36594,76.950235,1986,2588.0,3.0,3.0,2.0,2.0,2.0,1.0,0.0,2.0
70000000,3,99,алматы,43.267315722024,76.925861199209,2024,2505.0,1.0,12.0,3.0,1.0,2.0,3.0,0.0,2.0
58000000,3,90,алматы,43.265179638936,76.918001685368,2021,1522.0,4.0,12.0,3.0,1.0,2.0,3.0,0.0,2.0
55000000,3,89,алматы,43.207633425926,76.787427811855,2023,2403.0,3.0,9.0,3.0,1.0,1.0,3.0,0.0,2.0
35000000,2,69,алматы,43.254023449706,76.818463380287,2018,2526.0,3.0,12.0,3.0,1.0,2.0,2.0,0.0,2.0
50000000,3,85,алматы,43.220940466617,76.785560058991,2020,1124.0,3.0,10.0,3.0,1.0,1.0,1.0,0.0,2.0
29000000,1,37,алматы,43.246771,76.869917,2023,2738.0,2.0,10.0,3.0,1.0,1.0,2.0,0.0,2.0
35000000,2,60,алматы,43.262982,76.820986,2018,636.0,9.0,12.0,3.0,1.0,2.0,3.0,0.0,2.0
29900000,2,44,алматы,43.262641,76.935575,1973,2689.0,4.0,6.0,2.0,1.0,2.0,2.0,0.0,2.0
75000000,3,70,алматы,43.25989,76.948735,1978,1601.0,2.0,5.0,1.0,2.0,1.0,2.0,0.0,2.0
33500000,3,60,алматы,43.224998,76.870528,1975,926.0,3.0,4.0,2.0,2.0,2.0,2.0,0.0,2.0
51500000,2,60,алматы,43.190622744695,76.854049983998,2021,675.0,2.0,3.0,1.0,1.0,2.0,2.0,0.0,2.0
48000000,2,60,алматы,43.233017942592,76.896441136246,1988,1792.0,2.0,9.0,2.0,2.0,2.0,1.0,0.0,2.0
77000000,3,120,алматы,43.238919749944,76.872094351236,2013,401.0,10.0,12.0,3.0,2.0,1.0,3.0,0.0,2.0
39000000,2,56,алматы,43.221009696864,76.886923955006,2024,1959.0,11.0,6.0,3.0,6.0,2.0,2.0,0.0,2.0
46800000,3,73,алматы,43.202495,76.843902,1997,2637.0,4.0,5.0,1.0,2.0,3.0,1.0,0.0,2.0
50000000,3,110,алматы,43.241900104936,76.824517250061,2007,535.0,8.0,9.0,3.0,2.0,2.0,2.0,0.0,2.0
36500000,1,41,алматы,43.252504,76.907179,1973,1689.0,3.0,5.0,1.0,2.0,2.0,2.0,0.0,2.0
46500000,2,70,алматы,43.212810816248,76.843896958251,2015,512.0,16.0,17.0,3.0,1.0,2.0,2.0,0.0,2.0
51500000,3,84,алматы,43.279905,76.82245,2014,225.0,5.0,9.0,3.0,1.0,2.0,1.0,0.0,2.0
55000000,2,78,алматы,43.184025297173,76.855999443199,2024,355.0,1.0,3.0,3.0,1.0,2.0,2.0,0.0,2.0
62000000,2,47,алматы,43.240405217908,76.909024952709,2024,984.0,10.0,16.0,3.0,1.0,1.0,2.0,0.0,2.0
12500000,2,32,алматы,43.349369,76.944145,1970,1420.0,4.0,2.0,1.0,1.0,2.0,2.0,0.0,2.0
48000000,3,69,алматы,43.208047,76.902274,1980,394.0,3.0,5.0,2.0,1.0,1.0,2.0,0.0,2.0
35500000,2,60,алматы,43.236518886345,76.840484374343,1984,1601.0,5.0,9.0,2.0,2.0,2.0,1.0,0.0,2.0
17300000,1,28,алматы,43.221512724336,76.78803351702,2020,3470.0,4.0,10.0,3.0,2.0,2.0,2.0,0.0,2.0
32000000,2,46,алматы,43.232158387984,76.88794617791,1981,349.0,5.0,5.0,2.0,2.0,2.0,1.0,0.0,2.0
48500000,2,50,алматы,43.219810988901,76.893823321633,2020,1727.0,4.0,10.0,3.0,1.0,2.0,2.0,0.0,2.0
30500000,1,40,алматы,43.26207,76.893866,2024,1997.0,11.0,12.0,3.0,1.0,2.0,2.0,0.0,2.0
80000000,4,80,алматы,43.231488,76.951861,1991,1976.0,4.0,9.0,3.0,1.0,1.0,1.0,0.0,2.0
26500000,2,46,алматы,43.324481366063,76.839665931043,2019,1473.0,2.0,5.0,3.0,1.0,1.0,2.0,0.0,2.0
25500000,2,48,алматы,43.252751492488,76.863254358251,2024,410.0,12.0,13.0,3.0,1.0,2.0,2.0,0.0,2.0
55000000,3,70,алматы,43.232483754571,76.889334257008,1990,1777.0,1.0,9.0,2.0,2.0,2.0,1.0,1.0,2.0
26500000,2,45,алматы,43.252280219112,76.863031211864,2025,3177.0,3.0,13.0,3.0,5.0,2.0,2.0,0.0,2.0
45000000,2,54,алматы,43.195125629996,76.894949547496,2012,7.0,17.0,18.0,3.0,2.0,2.0,2.0,0.0,2.0
30220000,1,40,алматы,43.230028241857,76.876761868133,2019,1401.0,4.0,6.0,3.0,1.0,2.0,2.0,0.0,2.0
31000000,1,30,алматы,43.230299,76.904924,1963,1401.0,3.0,4.0,1.0,1.0,2.0,2.0,0.0,2.0
59000000,2,53,алматы,43.238921361421,76.932914839052,2021,1577.0,2.0,9.0,3.0,1.0,1.0,1.0,0.0,2.0
83000000,4,105,алматы,43.218488,76.896633,1971,2765.0,1.0,4.0,1.0,1.0,1.0,3.0,0.0,2.0
19500000,1,40,алматы,43.357666699689,76.923413488083,2008,779.0,2.0,6.0,3.0,2.0,1.0,2.0,0.0,2.0
35000000,1,38,алматы,43.213890900895,76.793153717871,2023,2075.0,4.0,12.0,3.0,1.0,2.0,2.0,0.0,2.0
36500000,2,51,алматы,43.211642,76.871345,1985,2236.0,5.0,5.0,2.0,1.0,1.0,1.0,0.0,2.0
50000000,2,64,алматы,43.264010581214,76.940644215938,1961,2922.0,2.0,4.0,1.0,2.0,1.0,2.0,0.0,2.0
41000000,3,68,алматы,43.258531,76.820743,2025,1846.0,1.0,6.0,2.0,1.0,2.0,2.0,0.0,2.0
28000000,2,38,алматы,43.226562,76.912443,1960,1509.0,1.0,4.0,1.0,2.0,2.0,2.0,0.0,2.0
57000000,2,82,алматы,43.202297684646,76.874411421886,2011,113.0,14.0,16.0,3.0,2.0,2.0,1.0,0.0,2.0
34000000,2,68,алматы,43.313702601469,76.896193254288,2021,1799.0,2.0,9.0,3.0,1.0,2.0,1.0,1.0,2.0
71000000,3,72,алматы,43.247671,76.947379,1959,3245.0,3.0,3.0,1.0,2.0,2.0,1.0,0.0,2.0
31500000,2,52,алматы,43.189224974004,76.829318291628,1985,1462.0,1.0,5.0,1.0,1.0,1.0,1.0,0.0,2.0
49900000,3,63,алматы,43.229445,76.89948,1978,1252.0,2.0,5.0,2.0,2.0,2.0,2.0,0.0,2.0
39900000,3,92,алматы,43.304895178548,76.922372638237,2006,993.0,9.0,9.0,3.0,2.0,2.0,2.0,0.0,2.0
39500000,2,82,алматы,43.243895,76.823222,2011,2062.0,7.0,10.0,3.0,1.0,2.0,1.0,0.0,2.0
63000000,3,65,алматы,43.219782,76.956317,1965,1257.0,4.0,4.0,1.0,1.0,1.0,2.0,0.0,2.0
59000000,3,64,алматы,43.22195,76.893255,1969,303.0,1.0,5.0,1.0,1.0,1.0,2.0,0.0,2.0
27000000,2,43,алматы,43.227204754716,76.780824818963,2022,1124.0,4.0,6.0,3.0,2.0,2.0,2.0,0.0,2.0
80000000,3,100,алматы,43.231074642998,76.885882615934,2014,601.0,7.0,17.0,3.0,1.0,2.0,1.0,0.0,2.0
30500000,1,52,алматы,43.220291576063,76.841524805422,2007,32.0,5.0,12.0,3.0,2.0,2.0,2.0,0.0,2.0
68000000,3,77,алматы,43.195259,76.888772,1990,2236.0,4.0,9.0,2.0,1.0,2.0,1.0,1.0,2.0
85000000,4,202,алматы,43.183585154185,76.838501558169,2007,1119.0,1.0,2.0,2.0,1.0,2.0,3.0,0.0,2.0
15000000,1,32,алматы,43.209059541386,76.7845168711,2025,3172.0,6.0,9.0,3.0,6.0,2.0,2.0,0.0,2.0
65000000,3,75,алматы,43.219854,76.8918,1974,1601.0,3.0,4.0,1.0,1.0,1.0,2.0,0.0,2.0
64500000,2,78,алматы,43.233597364995,76.921806335449,2019,1075.0,9.0,10.0,3.0,1.0,2.0,2.0,0.0,2.0
25500000,1,38,алматы,43.199918,76.841476,1994,1601.0,1.0,5.0,1.0,1.0,2.0,2.0,0.0,2.0
44900000,3,66,алматы,43.222298,76.892447,1986,2021.0,1.0,5.0,2.0,1.0,2.0,2.0,0.0,2.0
25000000,1,40,алматы,43.311682417675,76.89705475066,2015,818.0,5.0,7.0,3.0,2.0,1.0,2.0,1.0,2.0
44500000,2,47,алматы,43.236697447736,76.897770222931,2017,20.0,5.0,17.0,3.0,4.0,2.0,2.0,0.0,2.0
70000000,3,99,алматы,43.267315722024,76.925861199209,2024,2505.0,1.0,12.0,3.0,1.0,2.0,3.0,0.0,2.0
18000000,1,35,алматы,43.337869,76.914599,1974,1601.0,1.0,2.0,2.0,2.0,1.0,2.0,0.0,2.0
51000000,3,74,алматы,43.168667079084,76.905237991299,2023,2029.0,2.0,3.0,3.0,6.0,2.0,2.0,0.0,2.0
19000000,2,37,алматы,43.301979,76.940515,1961,1601.0,1.0,2.0,2.0,1.0,2.0,2.0,0.0,2.0
40000000,1,46,алматы,43.240719407077,76.87066137358,2021,1468.0,19.0,21.0,3.0,1.0,1.0,2.0,0.0,2.0
30000000,2,42,алматы,43.262293,76.932206,1974,2669.0,5.0,5.0,2.0,1.0,1.0,2.0,0.0,2.0
28000000,1,33,алматы,43.24771183422,76.854029477247,2024,3433.0,5.0,10.0,1.0,1.0,2.0,2.0,0.0,2.0
28500000,2,43,алматы,43.225596,76.850001,1962,2014.0,1.0,4.0,2.0,1.0,2.0,2.0,0.0,2.0
43500000,3,64,алматы,43.196567,76.87598,1977,1695.0,4.0,5.0,2.0,1.0,2.0,2.0,0.0,2.0
52000000,4,77,алматы,43.220156471103,76.891561585319,1974,1601.0,1.0,4.0,1.0,2.0,2.0,1.0,0.0,2.0
28500000,2,43,алматы,43.2655259671,76.936155609786,1973,1601.0,2.0,5.0,2.0,1.0,2.0,2.0,0.0,2.0
31000000,3,48,алматы,43.210051,76.863889,1972,92.0,4.0,4.0,2.0,1.0,1.0,1.0,0.0,2.0
26000000,1,45,алматы,43.244893,76.8137,2010,11.0,5.0,9.0,3.0,2.0,1.0,2.0,0.0,2.0
66000000,2,71,алматы,43.230028241857,76.876761868133,2020,1401.0,3.0,16.0,3.0,1.0,1.0,3.0,0.0,2.0
52000000,3,74,алматы,43.192853,76.904709,1977,1745.0,1.0,5.0,2.0,1.0,2.0,2.0,0.0,2.0
52000000,2,60,алматы,43.216786,76.880697,2016,1698.0,14.0,16.0,3.0,1.0,1.0,2.0,0.0,2.0
51000000,3,95,алматы,43.170185839314,76.869857311249,2013,120.0,10.0,10.0,3.0,2.0,2.0,3.0,0.0,2.0
49803827,2,57,алматы,43.209773070335,76.884879333282,2023,2917.0,4.0,12.0,3.0,1.0,2.0,2.0,0.0,2.0
42316800,2,55,алматы,43.231759359007,76.879433403634,2025,3401.0,4.0,9.0,3.0,4.0,3.0,2.0,0.0,2.0
22800000,1,46,алматы,43.321876107961,76.896471667239,2023,2689.0,6.0,8.0,3.0,6.0,2.0,2.0,0.0,2.0
24750000,1,37,алматы,43.271402185771,76.951804212606,2025,2961.0,15.0,16.0,3.0,6.0,2.0,2.0,0.0,2.0
37500000,3,67,алматы,43.240631,76.829574,1993,1601.0,6.0,12.0,3.0,1.0,2.0,1.0,0.0,2.0
55000000,3,72,алматы,43.253201053471,76.904490136245,1985,1855.0,1.0,9.0,2.0,1.0,2.0,1.0,0.0,2.0
45000000,2,45,алматы,43.195607,76.885377,1975,433.0,4.0,5.0,2.0,1.0,2.0,2.0,0.0,2.0
42000000,2,65,алматы,43.24331255684,76.875931342729,2012,463.0,5.0,19.0,3.0,2.0,2.0,2.0,0.0,2.0
45000000,2,60,алматы,43.236644164986,76.853309730824,2022,1634.0,12.0,13.0,3.0,1.0,2.0,2.0,0.0,2.0
35500000,3,72,алматы,43.265943027733,76.820288060321,2019,1117.0,10.0,12.0,3.0,2.0,2.0,1.0,0.0,2.0
36000000,3,68,алматы,43.267142604522,76.81873423234,2020,1117.0,4.0,12.0,3.0,2.0,2.0,1.0,0.0,2.0
78000000,2,87,алматы,43.236539,76.894162,2018,876.0,3.0,21.0,3.0,1.0,2.0,3.0,0.0,2.0
33000000,2,52,алматы,43.221352860755,76.787833387204,2019,1601.0,1.0,5.0,3.0,1.0,1.0,1.0,0.0,2.0
62000000,3,85,алматы,43.258834312787,76.865904959446,2024,2981.0,12.0,12.0,3.0,1.0,1.0,3.0,0.0,2.0
63900000,2,61,алматы,43.261494803805,76.899913108869,2023,1992.0,13.0,15.0,3.0,1.0,1.0,2.0,0.0,2.0
30000000,1,31,алматы,43.226259,76.901672,1961,1601.0,2.0,4.0,1.0,1.0,1.0,2.0,0.0,2.0
48000000,3,90,алматы,43.255537,76.821749,2015,1601.0,1.0,9.0,3.0,1.0,1.0,3.0,0.0,2.0
44000000,2,60,алматы,43.237695,76.886239,2015,349.0,11.0,12.0,3.0,1.0,2.0,1.0,0.0,2.0
21000000,1,35,алматы,43.357878,76.923834,2011,1601.0,4.0,5.0,3.0,2.0,2.0,1.0,0.0,2.0
24500000,1,34,алматы,43.260503549015,76.82140531891,2020,636.0,5.0,12.0,2.0,1.0,1.0,2.0,0.0,2.0
83224050,2,87,алматы,43.226717269996,76.937085340764,2020,1475.0,13.0,19.0,3.0,1.0,2.0,2.0,0.0,2.0
45000000,2,48,алматы,43.258551,76.958688,1992,1834.0,1.0,5.0,1.0,1.0,2.0,1.0,0.0,2.0
52000000,2,60,алматы,43.212024079745,76.855072975159,2021,1820.0,3.0,13.0,3.0,1.0,2.0,2.0,0.0,2.0
23500000,1,40,алматы,43.327701821867,76.923903794967,1985,1601.0,2.0,5.0,2.0,2.0,2.0,1.0,0.0,2.0
24850000,2,44,алматы,43.231114,76.866548,1965,957.0,4.0,4.0,2.0,1.0,2.0,2.0,0.0,2.0
49000000,2,82,алматы,43.218298294283,76.880121253562,2009,534.0,13.0,15.0,3.0,1.0,2.0,1.0,0.0,2.0
32990000,3,61,алматы,43.368920614126,76.940286022793,1983,463.0,1.0,2.0,1.0,1.0,1.0,2.0,0.0,2.0
27000000,2,42,алматы,43.228414,76.913692,1962,1959.0,4.0,4.0,1.0,1.0,2.0,2.0,0.0,2.0
45500000,3,79,алматы,43.269179,76.945986,2022,1440.0,16.0,17.0,3.0,4.0,2.0,3.0,0.0,2.0
43000000,2,53,алматы,43.19285440112,76.808899487924,2020,1109.0,4.0,4.0,3.0,1.0,2.0,2.0,0.0,2.0
36000000,1,35,алматы,43.221095078653,76.935975314155,1980,2459.0,5.0,5.0,1.0,2.0,1.0,2.0,0.0,2.0
31500000,2,44,алматы,43.218937772982,76.867655678573,1979,1777.0,3.0,5.0,2.0,2.0,2.0,2.0,0.0,2.0
36000000,2,60,алматы,43.248688146616,76.8650936706,2016,810.0,8.0,15.0,3.0,1.0,1.0,2.0,0.0,2.0
30000000,1,43,алматы,43.24609031649,76.934640038307,2006,56.0,13.0,13.0,3.0,1.0,2.0,2.0,0.0,2.0
55000000,3,81,алматы,43.225419,76.837928,1990,706.0,1.0,5.0,2.0,2.0,2.0,3.0,0.0,2.0
23307000,2,56,алматы,43.319710087159,76.987119912992,2023,2663.0,2.0,9.0,3.0,6.0,2.0,2.0,0.0,2.0
34500000,1,36,алматы,43.24320617919,76.855535171577,2023,2375.0,7.0,13.0,3.0,2.0,2.0,2.0,0.0,2.0
77000000,4,101,алматы,43.231198493473,76.875074249725,2016,751.0,2.0,12.0,3.0,1.0,1.0,2.0,0.0,2.0
85000000,5,224,алматы,43.207745,76.88358,2008,2417.0,9.0,9.0,3.0,1.0,1.0,3.0,0.0,2.0
17500000,1,27,алматы,43.221705980823,76.786440765848,2019,1124.0,6.0,10.0,3.0,2.0,1.0,2.0,0.0,2.0
40700000,1,48,алматы,43.217048320996,76.878757949272,2025,3426.0,5.0,9.0,3.0,1.0,2.0,2.0,0.0,2.0
46500000,2,72,алматы,43.317526,76.973412,2019,1750.0,4.0,7.0,2.0,1.0,1.0,2.0,0.0,2.0
60000000,3,75,алматы,43.220876502346,76.955401266508,1967,1423.0,3.0,4.0,1.0,1.0,2.0,2.0,0.0,2.0
37000000,2,44,алматы,43.25536,76.920501,1976,957.0,2.0,5.0,2.0,2.0,2.0,2.0,0.0,2.0
39500000,3,63,алматы,43.254230319298,76.876565906746,1980,416.0,2.0,5.0,2.0,2.0,1.0,1.0,0.0,2.0
33900000,1,37,алматы,43.288447548674,76.949766920982,2023,2236.0,6.0,13.0,3.0,1.0,2.0,2.0,0.0,2.0
24200000,1,26,алматы,43.246429385698,76.869117807144,2021,1887.0,6.0,10.0,3.0,2.0,1.0,2.0,0.0,2.0
80000000,3,82,алматы,43.262734269128,76.921496129128,2021,1542.0,9.0,13.0,3.0,1.0,1.0,3.0,0.0,2.0
28500000,2,60,алматы,43.327637678056,76.921197653346,1983,1962.0,5.0,5.0,2.0,2.0,2.0,1.0,0.0,2.0
47000000,2,62,алматы,43.214272941997,76.889320759506,2024,1935.0,4.0,13.0,3.0,1.0,2.0,2.0,0.0,2.0
27500000,2,38,алматы,43.224499,76.889949,1962,1495.0,1.0,4.0,1.0,1.0,2.0,2.0,0.0,2.0
72000000,3,90,алматы,43.264203,76.963485,1971,1241.0,3.0,5.0,1.0,1.0,2.0,2.0,0.0,2.0
55000000,3,92,алматы,43.305332,76.923268,2006,1377.0,2.0,9.0,3.0,1.0,3.0,1.0,0.0,2.0
65000000,1,51,алматы,43.227037903715,76.93836846332,2023,880.0,6.0,15.0,3.0,1.0,2.0,2.0,0.0,2.0
50500000,2,61,алматы,43.206632334711,76.884845495224,2015,123.0,11.0,18.0,3.0,1.0,1.0,2.0,0.0,2.0
26000000,2,48,алматы,43.292629,77.014375,2024,1601.0,5.0,6.0,3.0,1.0,2.0,2.0,0.0,2.0
28500000,2,73,алматы,43.365731834418,76.928858756801,2024,2734.0,6.0,9.0,3.0,6.0,2.0,1.0,0.0,2.0
42000000,2,43,алматы,43.225865,76.932943,1962,1601.0,4.0,1.0,1.0,1.0,1.0,2.0,0.0,2.0
27000000,3,71,алматы,43.291928013961,76.971069823553,1982,317.0,1.0,1.0,3.0,1.0,3.0,1.0,0.0,2.0
46000000,2,68,алматы,43.245294,76.87551,2011,463.0,5.0,18.0,3.0,1.0,2.0,2.0,0.0,2.0
38000000,2,75,алматы,43.227813889451,76.780629286805,2022,3471.0,6.0,6.0,3.0,1.0,1.0,2.0,0.0,2.0
52000000,3,85,алматы,43.213932101605,76.869772982169,1974,1601.0,1.0,5.0,1.0,1.0,3.0,2.0,0.0,2.0
80000000,3,76,алматы,43.244223,76.923124,2021,1324.0,2.0,13.0,3.0,1.0,2.0,2.0,0.0,2.0
25500000,1,41,алматы,43.236022026606,76.80754185886,2020,1171.0,8.0,12.0,3.0,1.0,2.0,2.0,0.0,2.0
41700000,1,47,алматы,43.190785380938,76.931295884882,2023,2428.0,3.0,3.0,3.0,1.0,1.0,2.0,0.0,2.0
32500000,2,74,алматы,43.238943,76.802903,2010,1616.0,2.0,3.0,3.0,2.0,1.0,2.0,0.0,2.0
24500000,1,40,алматы,43.232583533746,76.838380335547,1988,1625.0,4.0,9.0,2.0,4.0,2.0,2.0,0.0,2.0
24500000,2,45,алматы,43.223139,76.872091,1969,1601.0,4.0,6.0,2.0,2.0,1.0,2.0,0.0,2.0
31000000,1,40,алматы,43.232805664554,76.840982988628,1989,1601.0,2.0,9.0,2.0,2.0,1.0,2.0,0.0,2.0
16500000,1,26,алматы,43.221705980823,76.786440765848,2019,1124.0,10.0,10.0,3.0,1.0,1.0,2.0,0.0,2.0
25000000,1,33,алматы,43.262293,76.932206,1974,2059.0,5.0,5.0,2.0,1.0,2.0,2.0,0.0,2.0
40000000,3,62,алматы,43.231475,76.90213,1970,1601.0,1.0,4.0,2.0,1.0,2.0,2.0,0.0,2.0
41000000,2,40,алматы,43.233894267748,76.875101566839,2019,1206.0,4.0,12.0,3.0,1.0,1.0,2.0,0.0,2.0
75000000,3,121,алматы,43.232493715048,76.860843250704,2017,857.0,8.0,10.0,3.0,1.0,1.0,3.0,0.0,2.0
32000000,3,76,алматы,43.221705980823,76.786440765848,2020,1124.0,6.0,6.0,3.0,1.0,1.0,2.0,0.0,2.0
33000000,3,60,алматы,43.238956,76.835457,1984,872.0,4.0,6.0,2.0,1.0,2.0,2.0,0.0,2.0
25500000,2,56,алматы,43.227920782442,76.768884990972,2024,1553.0,1.0,10.0,3.0,1.0,2.0,2.0,0.0,2.0
43000000,3,74,алматы,43.235935434504,76.882439173379,2024,2555.0,19.0,20.0,3.0,6.0,2.0,3.0,0.0,2.0
41500000,1,50,алматы,43.229550142157,76.884118872755,2020,1614.0,8.0,12.0,3.0,1.0,1.0,2.0,0.0,2.0
27500000,2,38,алматы,43.22427931718,76.88997582209,1962,1601.0,1.0,4.0,1.0,1.0,2.0,2.0,0.0,2.0
45000000,2,55,алматы,43.207192680299,76.873564525534,2015,726.0,11.0,12.0,3.0,1.0,2.0,2.0,0.0,2.0
45500000,2,70,алматы,43.288447548674,76.949766920982,2022,2236.0,9.0,13.0,3.0,1.0,2.0,2.0,0.0,2.0
26000000,1,48,алматы,43.362905,76.9941,2007,1601.0,8.0,9.0,3.0,1.0,2.0,2.0,0.0,2.0
50000000,2,52,алматы,43.242241923137,76.906264062975,2022,1694.0,4.0,5.0,3.0,1.0,2.0,2.0,0.0,2.0
48000000,3,58,алматы,43.292479666309,77.008274666841,2022,2021.0,5.0,5.0,2.0,1.0,2.0,2.0,0.0,2.0
40000000,2,43,алматы,43.233111,76.898142,1977,1601.0,4.0,5.0,2.0,1.0,2.0,1.0,0.0,2.0
76500000,3,74,алматы,43.229201031288,76.884124237173,2020,1614.0,9.0,12.0,3.0,1.0,2.0,2.0,0.0,2.0
17500000,1,37,алматы,43.301493787776,76.993388536594,2025,371.0,3.0,9.0,2.0,1.0,2.0,2.0,0.0,2.0
30000000,1,40,алматы,43.227317,76.836041,1989,1601.0,5.0,9.0,2.0,1.0,2.0,2.0,0.0,2.0
15000000,1,17,алматы,43.245911,76.911814,1976,1515.0,4.0,5.0,1.0,1.0,1.0,2.0,0.0,1.0
47000000,2,52,алматы,43.218726672939,76.887202628232,2023,1959.0,5.0,15.0,3.0,1.0,2.0,2.0,0.0,2.0
39500000,1,38,алматы,43.236707383549,76.88754107148,2018,997.0,2.0,9.0,3.0,1.0,1.0,2.0,0.0,2.0
81000000,4,84,алматы,43.240656676915,76.907357511226,1970,1601.0,2.0,4.0,1.0,1.0,1.0,3.0,0.0,2.0
59000000,4,155,алматы,43.239234154083,76.804663994784,2007,2318.0,2.0,3.0,1.0,2.0,2.0,2.0,0.0,2.0
35000000,1,40,алматы,43.199518,76.874426,1977,5.0,7.0,8.0,2.0,1.0,2.0,2.0,0.0,2.0
37600000,1,39,алматы,43.237068217377,76.888495937889,2019,997.0,4.0,9.0,3.0,2.0,2.0,2.0,0.0,2.0
57000000,2,57,алматы,43.197589503608,76.895253761706,2020,1478.0,7.0,6.0,3.0,1.0,2.0,2.0,0.0,2.0
73000000,3,73,алматы,43.244775,76.939572,1966,475.0,3.0,4.0,1.0,1.0,1.0,2.0,0.0,2.0
48000000,2,60,алматы,43.247108471627,76.899118669975,1982,2076.0,7.0,9.0,2.0,2.0,2.0,1.0,0.0,2.0
32500000,2,50,алматы,43.220109912086,76.886635007153,2023,1959.0,5.0,17.0,3.0,1.0,2.0,2.0,0.0,2.0
12500000,1,16,алматы,43.209355,76.86636,1975,2904.0,2.0,9.0,3.0,2.0,2.0,2.0,0.0,2.0
70000000,3,80,алматы,43.260319753362,76.946455973536,1978,864.0,7.0,12.0,1.0,2.0,2.0,1.0,0.0,2.0
28000000,1,34,алматы,43.234542,76.898968,1976,2368.0,3.0,4.0,2.0,1.0,2.0,1.0,0.0,2.0
39500000,2,58,алматы,43.205449283496,76.873434542328,1979,3171.0,6.0,9.0,2.0,2.0,2.0,1.0,0.0,2.0
32000000,2,44,алматы,43.268782807928,76.950214669975,1974,782.0,3.0,5.0,2.0,2.0,2.0,2.0,0.0,2.0
34500000,1,40,алматы,43.231074642998,76.885882615934,2014,601.0,4.0,17.0,3.0,1.0,2.0,2.0,0.0,2.0
50000000,2,61,алматы,43.263048642661,76.920784155063,2020,1542.0,7.0,13.0,3.0,1.0,2.0,2.0,0.0,2.0
51000000,2,58,алматы,43.204379176098,76.893676642181,2017,1004.0,6.0,13.0,3.0,2.0,1.0,2.0,0.0,2.0
19500000,2,38,алматы,43.328905,76.963548,1970,3014.0,1.0,3.0,1.0,2.0,1.0,2.0,0.0,2.0
50000000,3,68,алматы,43.212907330771,76.851728685905,1983,1707.0,2.0,5.0,2.0,1.0,2.0,2.0,0.0,2.0
54000000,2,47,алматы,43.244497527438,76.923689246178,2021,1324.0,9.0,13.0,3.0,1.0,1.0,1.0,0.0,2.0
28000000,2,54,алматы,43.360178,76.991091,1990,1103.0,5.0,5.0,1.0,2.0,1.0,1.0,0.0,2.0
38000000,2,62,алматы,43.244821,76.814401,2010,1206.0,7.0,9.0,3.0,1.0,1.0,2.0,0.0,2.0
36000000,2,42,алматы,43.217588011385,76.878253893997,2025,3426.0,5.0,9.0,3.0,1.0,2.0,2.0,0.0,2.0
26000000,1,30,алматы,43.261463155206,76.90129373797,2024,1992.0,8.0,6.0,3.0,1.0,2.0,2.0,0.0,2.0
35000000,2,59,алматы,43.260503549015,76.82140531891,2019,636.0,11.0,12.0,3.0,1.0,2.0,2.0,0.0,2.0
70000000,3,70,алматы,43.199071,76.886509,1976,2730.0,2.0,8.0,2.0,1.0,2.0,2.0,0.0,2.0
16000000,1,33,алматы,43.360181899055,76.992502557657,2006,2218.0,5.0,5.0,1.0,2.0,2.0,2.0,0.0,2.0
31500000,3,59,алматы,43.237740716521,76.828402373636,1983,2225.0,1.0,5.0,2.0,1.0,1.0,1.0,0.0,2.0
35500000,2,60,алматы,43.222629629246,76.787297016941,2022,3346.0,8.0,10.0,3.0,1.0,2.0,2.0,0.0,2.0
35500000,1,42,алматы,43.244748,76.91565,1991,2981.0,2.0,9.0,1.0,1.0,2.0,2.0,0.0,2.0
60000000,3,90,алматы,43.24086357062,76.856135213739,2018,1853.0,1.0,13.0,3.0,1.0,1.0,2.0,0.0,2.0
12400000,1,15,алматы,43.249201,76.899193,1982,1601.0,2.0,5.0,2.0,1.0,1.0,2.0,0.0,1.0
39500000,3,58,алматы,43.25385,76.919971,1973,338.0,4.0,4.0,2.0,1.0,2.0,2.0,0.0,2.0
54000000,3,70,алматы,43.209824852428,76.859679988744,1991,1601.0,2.0,5.0,1.0,1.0,2.0,1.0,0.0,2.0
21000000,1,35,алматы,43.208168812916,76.789470806271,2020,1785.0,9.0,9.0,3.0,1.0,2.0,2.0,0.0,2.0
26500000,2,43,алматы,43.223322849858,76.872370550926,1967,760.0,4.0,4.0,2.0,2.0,2.0,2.0,0.0,2.0
32000000,2,47,алматы,43.270948254444,76.855801214393,2022,1694.0,2.0,6.0,3.0,1.0,1.0,2.0,0.0,2.0
45000000,3,80,алматы,43.231889,76.79709,2022,2599.0,1.0,12.0,3.0,1.0,1.0,1.0,0.0,2.0
37500000,2,52,алматы,43.249614,76.891512,1985,479.0,1.0,5.0,2.0,2.0,2.0,1.0,0.0,2.0
55000000,3,76,алматы,43.242414142414,76.853925966831,2024,2375.0,11.0,16.0,3.0,5.0,3.0,2.0,0.0,2.0
45000000,3,75,алматы,43.221572460565,76.786434091249,2022,1124.0,2.0,6.0,3.0,1.0,1.0,2.0,0.0,2.0
44000000,4,100,алматы,43.241984,76.833355,1981,1060.0,9.0,9.0,2.0,2.0,2.0,1.0,0.0,2.0
72000000,2,77,алматы,43.232298371068,76.884929770359,2022,1714.0,8.0,17.0,3.0,1.0,1.0,2.0,0.0,2.0
34990000,2,41,алматы,43.322662,76.909703,1982,1601.0,3.0,5.0,2.0,1.0,2.0,2.0,0.0,2.0
23000000,1,38,алматы,43.31240074957,76.986280753792,2024,847.0,9.0,9.0,3.0,1.0,1.0,2.0,0.0,2.0
23000000,1,27,алматы,43.170047772424,76.875159067479,2016,23.0,4.0,5.0,3.0,1.0,2.0,2.0,0.0,2.0
26000000,2,50,алматы,43.357478,76.995753,1996,463.0,5.0,5.0,2.0,1.0,1.0,2.0,0.0,2.0
36200000,2,40,алматы,43.230076,76.926367,1970,1060.0,1.0,4.0,2.0,1.0,2.0,1.0,0.0,2.0
29000000,2,43,алматы,43.218869,76.867348,1979,1126.0,1.0,5.0,2.0,1.0,1.0,2.0,1.0,2.0
70000000,4,117,алматы,43.267059,76.95496,1981,3426.0,2.0,5.0,1.0,2.0,1.0,3.0,0.0,2.0
27500000,2,73,алматы,43.223841127129,76.792911683095,2013,92.0,16.0,17.0,3.0,2.0,2.0,2.0,0.0,2.0
28000000,2,39,алматы,43.230943,76.913934,1960,248.0,1.0,6.0,1.0,2.0,2.0,2.0,0.0,2.0
73000000,2,70,алматы,43.222857,76.955634,2008,487.0,3.0,5.0,3.0,2.0,1.0,1.0,0.0,2.0
44000000,1,41,алматы,43.205216710192,76.893489130639,2020,1552.0,14.0,17.0,3.0,1.0,1.0,2.0,0.0,2.0
75000000,3,100,алматы,43.206632334711,76.884845495224,2015,123.0,14.0,18.0,3.0,2.0,2.0,3.0,0.0,2.0
35000000,1,35,алматы,43.242404,76.903262,1975,2308.0,4.0,5.0,2.0,1.0,2.0,2.0,0.0,2.0
24000000,1,45,алматы,43.302307,76.838215,2019,1072.0,1.0,5.0,3.0,1.0,1.0,2.0,1.0,2.0
36500000,3,57,алматы,43.225819,76.892123,1961,1601.0,2.0,4.0,2.0,2.0,2.0,2.0,0.0,2.0
42700000,2,70,алматы,43.288447548674,76.949766920982,2022,2236.0,4.0,13.0,3.0,1.0,1.0,3.0,0.0,2.0
75000000,2,75,алматы,43.237080120552,76.887637439184,2024,2904.0,8.0,9.0,2.0,1.0,1.0,3.0,0.0,2.0
67000000,2,74,алматы,43.259421838792,76.927448301697,2016,630.0,10.0,16.0,3.0,1.0,2.0,2.0,0.0,2.0
35000000,2,65,алматы,43.245349786092,76.817922238098,2010,1382.0,9.0,9.0,3.0,2.0,2.0,2.0,0.0,2.0
57500000,2,59,алматы,43.25540633206,76.980337534562,2025,2785.0,8.0,13.0,3.0,1.0,2.0,2.0,0.0,2.0
60000000,4,76,алматы,43.231626,76.903397,1976,1601.0,4.0,5.0,1.0,1.0,2.0,2.0,0.0,2.0
33500000,2,93,алматы,43.220255442432,76.795894299519,2013,92.0,15.0,16.0,2.0,2.0,1.0,2.0,1.0,2.0
31500000,1,33,алматы,43.243468456468,76.942017195106,1964,888.0,3.0,4.0,1.0,2.0,2.0,2.0,0.0,2.0
32000000,1,50,алматы,43.25329325034,76.825922649379,2012,578.0,3.0,10.0,2.0,1.0,1.0,2.0,0.0,2.0
24900000,1,32,алматы,43.202412146221,76.88115582936,1973,433.0,2.0,5.0,2.0,2.0,2.0,2.0,0.0,2.0
65000000,3,91,алматы,43.238228469897,76.893919078733,2015,876.0,1.0,17.0,3.0,2.0,2.0,3.0,0.0,2.0
30000000,2,55,алматы,43.258197559615,76.820061777958,2020,3014.0,5.0,6.0,3.0,1.0,2.0,2.0,0.0,2.0
27300000,2,52,алматы,43.258197559615,76.820061777958,2024,3014.0,5.0,6.0,3.0,6.0,2.0,2.0,0.0,2.0
51000000,2,80,алматы,43.219734378988,76.841533279762,2007,2124.0,4.0,12.0,3.0,2.0,2.0,2.0,0.0,2.0
66500000,3,84,алматы,43.230865825915,76.87921781254,2021,983.0,10.0,12.0,3.0,1.0,1.0,3.0,0.0,2.0
44000000,2,55,алматы,43.218298294283,76.880121253562,2018,534.0,11.0,16.0,3.0,2.0,2.0,2.0,0.0,2.0
37000000,2,63,алматы,43.20626,76.873663,1990,2124.0,9.0,9.0,2.0,2.0,2.0,1.0,0.0,2.0
44000000,3,58,алматы,43.243639,76.900172,1978,414.0,3.0,5.0,2.0,2.0,2.0,1.0,0.0,2.0
42500000,2,62,алматы,43.218593139891,76.887058428714,2024,1476.0,19.0,41.0,2.0,1.0,2.0,2.0,0.0,2.0
62500000,2,55,алматы,43.258875774483,76.962394351636,2018,956.0,3.0,11.0,3.0,1.0,1.0,2.0,0.0,2.0
80000000,2,64,алматы,43.240405217908,76.909024952709,2020,984.0,3.0,16.0,3.0,1.0,2.0,2.0,0.0,2.0
25000000,1,36,алматы,43.212190040375,76.840816478504,2003,2070.0,9.0,9.0,3.0,1.0,1.0,2.0,0.0,2.0
50000000,2,48,алматы,43.260264,76.960153,2016,1961.0,13.0,14.0,3.0,1.0,2.0,2.0,0.0,2.0
70000000,3,76,алматы,43.24320617919,76.855535171577,2023,2375.0,13.0,16.0,3.0,1.0,2.0,2.0,0.0,2.0
17700000,1,34,алматы,43.321193,76.913279,1982,3119.0,3.0,3.0,2.0,2.0,2.0,2.0,0.0,2.0
31500000,2,44,алматы,43.218967,76.89401,1970,451.0,1.0,4.0,2.0,1.0,2.0,2.0,0.0,2.0
31000000,2,44,алматы,43.225944,76.893749,1977,1244.0,2.0,4.0,2.0,2.0,1.0,2.0,0.0,2.0
26500000,2,56,алматы,43.272466903006,76.829214516536,2024,2115.0,2.0,7.0,3.0,6.0,2.0,2.0,0.0,2.0
42500000,1,59,алматы,43.198663,76.874974,2015,970.0,10.0,10.0,3.0,1.0,2.0,2.0,0.0,2.0
41000000,3,68,алматы,43.258531,76.820743,2025,289.0,1.0,6.0,2.0,1.0,2.0,2.0,0.0,2.0
44000000,2,72,алматы,43.237285422135,76.882590165418,2024,2555.0,10.0,20.0,3.0,6.0,2.0,2.0,0.0,2.0
44600000,2,48,алматы,43.214272941997,76.889320759506,2022,1935.0,3.0,13.0,3.0,1.0,1.0,2.0,0.0,2.0
47000000,3,88,алматы,43.279741,76.826268,2015,1513.0,3.0,4.0,3.0,1.0,1.0,1.0,0.0,2.0
42000000,3,85,алматы,43.244368,76.813637,2010,1502.0,8.0,16.0,3.0,1.0,1.0,1.0,0.0,2.0
26500000,1,43,алматы,43.319662745599,76.986935437688,2023,2663.0,9.0,9.0,3.0,1.0,3.0,2.0,0.0,2.0
19000000,1,40,алматы,43.356343965867,76.921938781753,2009,1165.0,5.0,6.0,3.0,2.0,2.0,2.0,0.0,2.0
23200000,2,51,алматы,43.336348,76.974274,1954,1601.0,1.0,2.0,1.0,1.0,2.0,2.0,0.0,2.0
21800000,1,32,алматы,43.230647,76.855571,1976,2029.0,1.0,4.0,2.0,1.0,2.0,2.0,0.0,2.0
30500000,1,41,алматы,43.252142800215,76.87927873149,1981,1601.0,3.0,9.0,2.0,1.0,2.0,2.0,0.0,2.0
39500000,2,58,алматы,43.239284,76.861634,1993,328.0,5.0,12.0,3.0,1.0,1.0,1.0,0.0,2.0
35500000,2,49,алматы,43.237285422135,76.882590165418,2024,2555.0,6.0,19.0,3.0,1.0,3.0,1.0,0.0,2.0
23200000,2,44,алматы,43.332364162678,76.920906245369,1989,1601.0,5.0,5.0,1.0,2.0,2.0,1.0,0.0,2.0
52000000,3,72,алматы,43.234713,76.906326,1959,1695.0,3.0,3.0,1.0,1.0,1.0,1.0,0.0,2.0
74000000,3,64,алматы,43.244460578499,76.922947866842,2021,1324.0,3.0,13.0,3.0,1.0,1.0,2.0,0.0,2.0
34000000,2,53,алматы,43.326604598617,76.940052773546,2022,1689.0,4.0,10.0,3.0,1.0,1.0,2.0,0.0,2.0
47300000,2,53,алматы,43.253495,76.921211,1987,2555.0,3.0,5.0,1.0,1.0,2.0,1.0,0.0,2.0
39500000,3,77,алматы,43.325000912336,76.983900560408,2017,1509.0,3.0,5.0,3.0,1.0,1.0,1.0,0.0,2.0
62000000,2,50,алматы,43.188636100812,76.875068554871,2015,731.0,7.0,7.0,3.0,1.0,1.0,2.0,0.0,2.0
17500000,1,40,алматы,43.209059541386,76.7845168711,2025,3172.0,4.0,9.0,3.0,1.0,2.0,2.0,0.0,2.0
39900000,3,95,алматы,43.304938,76.921804,2006,1630.0,9.0,9.0,3.0,1.0,2.0,1.0,0.0,2.0
48500000,2,55,алматы,43.253313711008,76.897783687184,2023,1348.0,2.0,13.0,3.0,1.0,2.0,2.0,0.0,2.0
48000000,3,67,алматы,43.243371498701,76.830168863915,2022,2339.0,6.0,11.0,3.0,1.0,1.0,3.0,0.0,2.0
40000000,1,45,алматы,43.231074642998,76.885882615934,2016,601.0,3.0,16.0,3.0,1.0,1.0,2.0,0.0,2.0
28000000,1,33,алматы,43.216695416825,76.914766464371,1975,1232.0,4.0,5.0,2.0,1.0,2.0,2.0,0.0,2.0
45500000,2,53,алматы,43.221567561175,76.852005747877,2020,1568.0,12.0,13.0,3.0,1.0,1.0,2.0,1.0,2.0
20500000,1,30,алматы,43.208267413869,76.789040385248,2022,2403.0,2.0,10.0,3.0,1.0,2.0,2.0,0.0,2.0
37000000,2,62,алматы,43.212733351926,76.789482904745,2018,1601.0,6.0,9.0,3.0,1.0,2.0,1.0,0.0,2.0
21000000,1,35,алматы,43.230469366362,76.780980100066,2020,1821.0,5.0,9.0,3.0,2.0,1.0,2.0,0.0,2.0
22800000,1,46,алматы,43.321876107961,76.896471667239,2023,2689.0,6.0,8.0,3.0,6.0,2.0,2.0,0.0,2.0
26000000,1,36,алматы,43.197014,76.808454,1989,2052.0,2.0,5.0,1.0,4.0,2.0,2.0,0.0,2.0
42500000,4,98,алматы,43.295156,76.914312,1989,633.0,5.0,5.0,2.0,2.0,2.0,1.0,0.0,2.0
49000000,3,80,алматы,43.230469366362,76.780980100066,2020,1821.0,1.0,9.0,3.0,1.0,3.0,1.0,0.0,2.0
65000000,3,62,алматы,43.259102,76.960799,1987,1770.0,4.0,5.0,1.0,2.0,2.0,1.0,0.0,2.0
57500000,2,55,алматы,43.211365939247,76.897194385529,2020,1125.0,14.0,16.0,3.0,2.0,1.0,2.0,0.0,2.0
28500000,1,41,алматы,43.229087881067,76.835056541545,1989,2820.0,8.0,9.0,2.0,2.0,2.0,2.0,0.0,2.0
36500000,2,44,алматы,43.267979328976,76.921842098182,2024,1298.0,1.0,10.0,3.0,1.0,2.0,2.0,0.0,2.0
28200000,1,39,алматы,43.236454,76.80876,2020,1401.0,13.0,16.0,3.0,1.0,1.0,2.0,0.0,2.0
25900000,1,32,алматы,43.267845804803,76.947416856483,1972,1846.0,2.0,4.0,2.0,2.0,2.0,2.0,0.0,2.0
49900000,4,93,алматы,43.238843107327,76.834052660049,1987,1255.0,8.0,9.0,2.0,2.0,2.0,1.0,0.0,2.0
21000000,1,35,алматы,43.230324044112,76.783371873326,2020,1509.0,5.0,9.0,3.0,1.0,1.0,2.0,0.0,2.0
62700000,3,105,алматы,43.241809986081,76.856408263786,2020,2269.0,9.0,12.0,3.0,1.0,2.0,3.0,0.0,2.0
25000000,1,32,алматы,43.260787905371,76.902096328059,2024,1992.0,8.0,12.0,3.0,1.0,2.0,2.0,0.0,2.0
36500000,2,44,алматы,43.259688089127,76.86582427161,2024,2981.0,8.0,12.0,3.0,1.0,2.0,2.0,0.0,2.0
85000000,3,120,алматы,43.2135415253,76.855604271558,2006,1846.0,4.0,15.0,3.0,1.0,1.0,3.0,1.0,2.0
35599999,2,55,алматы,43.249730933634,76.891020747871,1977,273.0,5.0,5.0,2.0,2.0,2.0,2.0,0.0,2.0
27000000,1,32,алматы,43.230322374918,76.864264982802,1985,2009.0,2.0,5.0,2.0,1.0,2.0,2.0,0.0,2.0
40000000,3,77,алматы,43.241439,76.810278,2022,3346.0,4.0,9.0,3.0,5.0,1.0,2.0,0.0,2.0
9000000,1,24,алматы,43.345816,77.00894,1957,1601.0,2.0,2.0,1.0,1.0,1.0,2.0,0.0,1.0
27000000,1,40,алматы,43.239909968409,76.830985846557,1982,1904.0,8.0,9.0,2.0,2.0,2.0,2.0,0.0,2.0
55000000,3,97,алматы,43.329190252207,76.939827966339,2021,1689.0,2.0,10.0,3.0,1.0,1.0,1.0,0.0,2.0
34900000,3,58,алматы,43.224118,76.898519,1962,1601.0,4.0,4.0,2.0,1.0,1.0,2.0,0.0,2.0
53000000,1,52,алматы,43.227798498906,76.88536594687,2025,607.0,2.0,9.0,3.0,1.0,2.0,2.0,0.0,2.0
39500000,2,57,алматы,43.216353,76.890048,2016,1098.0,1.0,12.0,3.0,2.0,2.0,2.0,0.0,2.0
22000000,1,41,алматы,43.230436704491,76.797593809544,2023,2599.0,9.0,12.0,3.0,1.0,2.0,2.0,0.0,2.0
26500000,2,57,алматы,43.323062,76.938656,2024,1601.0,6.0,6.0,3.0,5.0,2.0,2.0,0.0,2.0
32500000,2,43,алматы,43.261039,76.925118,1975,1158.0,5.0,5.0,2.0,1.0,2.0,2.0,0.0,2.0
27500000,1,36,алматы,43.216786,76.837254,1991,1044.0,1.0,5.0,1.0,1.0,2.0,2.0,0.0,2.0
29000000,3,59,алматы,43.344734,77.008132,1964,292.0,3.0,3.0,1.0,2.0,2.0,2.0,1.0,2.0
80000000,2,55,алматы,43.200977137938,76.965447862715,2022,1774.0,1.0,3.0,3.0,1.0,1.0,2.0,0.0,2.0
42500000,2,60,алматы,43.24320617919,76.855535171577,2024,2375.0,12.0,16.0,3.0,6.0,2.0,2.0,0.0,2.0
25000000,2,57,алматы,43.318619032316,76.986880257466,2024,2663.0,7.0,9.0,3.0,6.0,2.0,2.0,0.0,2.0
34500000,2,50,алматы,43.23699309952,76.882626768892,2024,2555.0,14.0,20.0,3.0,6.0,2.0,2.0,0.0,2.0
38500000,2,47,алматы,43.253003,76.906002,1972,1601.0,3.0,4.0,2.0,1.0,1.0,1.0,0.0,2.0
48000000,2,60,алматы,43.247132,76.898888,1982,1783.0,7.0,9.0,2.0,1.0,2.0,2.0,0.0,2.0
38000000,1,48,алматы,43.211985668029,76.85176598357,2006,1017.0,8.0,9.0,1.0,2.0,1.0,2.0,0.0,2.0
33700000,3,58,алматы,43.347134,76.990902,1967,2380.0,1.0,3.0,1.0,1.0,2.0,1.0,0.0,2.0
49900000,3,63,алматы,43.229445,76.89948,1978,3261.0,2.0,3.0,2.0,1.0,1.0,2.0,0.0,2.0
42800000,3,75,алматы,43.261466,76.821075,2019,636.0,8.0,14.0,3.0,1.0,2.0,3.0,0.0,2.0
23500000,1,32,алматы,43.195732,76.884128,1976,2470.0,5.0,5.0,2.0,2.0,2.0,2.0,0.0,2.0
29500000,2,43,алматы,43.225580839948,76.892509238098,1961,2730.0,3.0,4.0,2.0,2.0,2.0,2.0,0.0,2.0
26000000,1,33,алматы,43.243212,76.930185,1964,1601.0,4.0,4.0,1.0,1.0,2.0,2.0,0.0,2.0
54500000,3,68,алматы,43.244565977207,76.914804392521,1989,1221.0,2.0,9.0,1.0,1.0,2.0,1.0,0.0,2.0
25900000,1,32,алматы,43.267498874409,76.948014989094,1972,796.0,2.0,4.0,2.0,2.0,2.0,2.0,0.0,2.0
40000000,2,47,алматы,43.231073454838,76.832021494171,2020,957.0,2.0,4.0,3.0,2.0,1.0,2.0,0.0,2.0
29000000,2,43,алматы,43.250369030123,76.855703559524,1982,1239.0,2.0,5.0,2.0,2.0,1.0,2.0,0.0,2.0
23300000,1,33,алматы,43.238120431494,76.831113575393,1981,2461.0,5.0,5.0,2.0,2.0,1.0,2.0,0.0,2.0
10000000,1,12,алматы,43.235971954307,76.851791435372,1987,309.0,4.0,4.0,2.0,2.0,2.0,2.0,0.0,1.0
56000000,2,54,алматы,43.211365939247,76.897194385529,2021,1125.0,14.0,16.0,3.0,1.0,2.0,2.0,0.0,2.0
67000000,2,65,алматы,43.211208454686,76.896438703677,2020,1125.0,6.0,16.0,3.0,1.0,1.0,2.0,0.0,2.0
38000000,2,54,алматы,43.24331255684,76.875931342729,2012,463.0,10.0,18.0,3.0,1.0,1.0,2.0,0.0,2.0
54000000,2,87,алматы,43.212400144585,76.980832743642,2020,5.0,3.0,9.0,3.0,5.0,2.0,2.0,0.0,2.0
21500000,2,43,алматы,43.205392219512,76.78544727876,2025,123.0,5.0,9.0,3.0,1.0,2.0,2.0,0.0,2.0
67000000,3,80,алматы,43.262875103982,76.964328932541,1975,2136.0,5.0,5.0,1.0,1.0,2.0,2.0,0.0,2.0
61000000,4,74,алматы,43.193215,76.904861,1977,685.0,4.0,5.0,2.0,1.0,2.0,1.0,0.0,2.0
23000000,1,30,алматы,43.212693,76.889482,1972,1855.0,3.0,4.0,2.0,1.0,2.0,1.0,0.0,2.0
29000000,2,58,алматы,43.323030362855,77.029341221209,2022,3385.0,9.0,12.0,2.0,1.0,2.0,1.0,0.0,2.0
35000000,2,45,алматы,43.248859,76.895627,1978,1601.0,1.0,5.0,2.0,1.0,1.0,2.0,0.0,2.0
16500000,1,26,алматы,43.215348473904,76.776248335208,2020,3346.0,5.0,10.0,3.0,1.0,1.0,2.0,0.0,2.0
42000000,2,56,алматы,43.254152,76.946507,1943,2524.0,3.0,3.0,1.0,4.0,2.0,1.0,0.0,2.0
56000000,3,89,алматы,43.231096989712,76.832493562958,2019,957.0,4.0,10.0,3.0,1.0,2.0,2.0,0.0,2.0
28000000,3,57,алматы,43.221705980823,76.786440765848,2020,1124.0,3.0,6.0,3.0,1.0,2.0,2.0,0.0,2.0
40000000,2,60,алматы,43.203119,76.869917,1975,3090.0,1.0,4.0,1.0,4.0,2.0,2.0,0.0,1.0
20900000,1,39,алматы,43.357609,76.925046,2008,1601.0,3.0,6.0,3.0,2.0,1.0,2.0,0.0,2.0
34000000,1,43,алматы,43.240733351626,76.856329975583,2018,885.0,5.0,13.0,3.0,2.0,1.0,2.0,0.0,2.0
35500000,3,56,алматы,43.255203224896,76.909702760696,1972,1601.0,4.0,4.0,2.0,1.0,2.0,1.0,0.0,2.0
39000000,3,68,алматы,43.354273,76.935557,1976,1601.0,3.0,4.0,2.0,2.0,2.0,1.0,0.0,2.0
50500000,3,62,алматы,43.221897,76.932449,1972,779.0,1.0,4.0,2.0,1.0,1.0,2.0,0.0,2.0
55000000,3,98,алматы,43.328322,76.939213,2022,1601.0,5.0,10.0,2.0,1.0,1.0,3.0,0.0,2.0
35000000,3,59,алматы,43.175626600215,76.872963067459,1973,1601.0,3.0,5.0,2.0,1.0,2.0,2.0,0.0,2.0
34000000,1,45,алматы,43.246970041536,76.852302446655,2023,2129.0,9.0,10.0,3.0,2.0,1.0,2.0,0.0,2.0
42500000,2,60,алматы,43.332433,76.945061,2017,1601.0,2.0,5.0,3.0,1.0,2.0,2.0,0.0,2.0
49000000,2,58,алматы,43.217588011385,76.878253893997,2025,3426.0,8.0,9.0,3.0,1.0,2.0,2.0,0.0,2.0
66990000,2,74,алматы,43.259084662339,76.928456812287,2016,630.0,10.0,16.0,3.0,2.0,1.0,1.0,0.0,2.0
59000000,2,62,алматы,43.231074642998,76.885882615934,2016,601.0,2.0,17.0,3.0,1.0,2.0,3.0,0.0,2.0
65500000,3,69,алматы,43.230028241857,76.876761868133,2020,1401.0,14.0,16.0,3.0,6.0,2.0,3.0,0.0,2.0
55500000,3,100,алматы,43.329190252207,76.939827966339,2022,1689.0,9.0,10.0,3.0,1.0,2.0,3.0,0.0,2.0
31500000,1,33,алматы,43.244092,76.941926,1964,253.0,3.0,4.0,1.0,2.0,2.0,2.0,0.0,2.0
30700000,2,66,алматы,43.280935,76.822495,2015,2632.0,4.0,9.0,2.0,1.0,2.0,2.0,0.0,2.0
27000000,1,31,алматы,43.24596923229,76.897375066132,1978,1391.0,5.0,5.0,2.0,1.0,1.0,2.0,0.0,2.0
9000000,1,12,алматы,43.289283265814,76.948006660631,1984,733.0,2.0,3.0,2.0,1.0,2.0,2.0,0.0,1.0
49000000,2,70,алматы,43.244918591496,76.875535269298,2012,463.0,5.0,18.0,3.0,2.0,1.0,1.0,0.0,2.0
60000000,3,86,алматы,43.258975411059,76.866720545818,2024,2981.0,6.0,12.0,3.0,1.0,2.0,3.0,0.0,2.0
47000000,2,70,алматы,43.212915142954,76.845209334823,2015,512.0,14.0,17.0,3.0,1.0,3.0,1.0,0.0,2.0
38000000,2,64,алматы,43.311905,76.975855,2016,1274.0,4.0,9.0,2.0,1.0,1.0,2.0,0.0,2.0
27000000,1,34,алматы,43.252863835727,76.868123930088,1980,2935.0,3.0,5.0,2.0,2.0,1.0,2.0,0.0,2.0
35000000,4,71,алматы,43.336967166579,76.911830502067,1987,1144.0,1.0,5.0,2.0,4.0,2.0,1.0,0.0,2.0
39900000,3,71,алматы,43.253637709799,76.883622683536,1980,3433.0,5.0,5.0,2.0,2.0,1.0,1.0,0.0,2.0
79000000,2,82,алматы,43.208987040848,76.893000254995,2024,2199.0,8.0,16.0,3.0,6.0,2.0,2.0,0.0,2.0
36000000,1,43,алматы,43.24320617919,76.855535171577,2024,2375.0,8.0,9.0,3.0,1.0,1.0,2.0,0.0,2.0
36500000,3,58,алматы,43.254845126729,76.920267491032,1973,3091.0,4.0,4.0,2.0,2.0,2.0,2.0,0.0,2.0
37900000,2,60,алматы,43.222592763779,76.886387708209,2024,1959.0,13.0,16.0,3.0,5.0,2.0,2.0,0.0,2.0
46500000,2,49,алматы,43.203012727103,76.873384364015,2021,1137.0,8.0,12.0,3.0,1.0,1.0,2.0,0.0,2.0
40000000,2,51,алматы,43.249843157778,76.888283837959,1984,3177.0,5.0,5.0,1.0,2.0,2.0,1.0,0.0,2.0
29990000,1,34,алматы,43.268044,76.944729,1971,1601.0,3.0,5.0,2.0,1.0,2.0,2.0,0.0,2.0
54000000,3,59,алматы,43.268040992095,76.945926560772,2020,1440.0,2.0,10.0,3.0,1.0,1.0,2.0,0.0,2.0
70000000,3,75,алматы,43.228913,76.921804,1987,1010.0,11.0,12.0,3.0,1.0,1.0,1.0,0.0,2.0
19500000,2,42,алматы,43.208658,76.829214,2019,715.0,1.0,3.0,1.0,1.0,1.0,2.0,0.0,2.0
59000000,2,70,алматы,43.207867913532,76.913334249548,2005,29.0,2.0,13.0,3.0,1.0,1.0,1.0,0.0,2.0
23500000,1,40,алматы,43.230509,76.782601,2022,2792.0,4.0,9.0,2.0,1.0,2.0,2.0,0.0,2.0
40000000,3,74,алматы,43.256424,76.862775,1991,2718.0,5.0,5.0,1.0,2.0,1.0,1.0,0.0,2.0
38500000,2,54,алматы,43.215071,76.898501,1987,20.0,5.0,5.0,1.0,1.0,2.0,1.0,0.0,2.0
30000000,1,41,алматы,43.196269775592,76.893042390212,1990,260.0,8.0,9.0,2.0,2.0,1.0,2.0,0.0,2.0
73000000,4,150,алматы,43.18893112663,76.81732760083,2008,3399.0,4.0,5.0,3.0,1.0,2.0,3.0,0.0,2.0
62200000,2,62,алматы,43.209050858634,76.893159264863,2024,2199.0,13.0,16.0,3.0,1.0,2.0,2.0,0.0,2.0
20200000,1,45,алматы,43.302452,76.840722,2017,1667.0,1.0,5.0,2.0,1.0,2.0,2.0,0.0,2.0
35500000,1,40,алматы,43.248084,76.911841,1983,1601.0,2.0,5.0,1.0,1.0,1.0,2.0,0.0,2.0
16500000,1,27,алматы,43.213849,76.868578,1967,2225.0,1.0,4.0,1.0,2.0,2.0,2.0,0.0,1.0
27500000,1,44,алматы,43.237453930036,76.826063055859,2007,768.0,7.0,10.0,3.0,1.0,1.0,2.0,0.0,2.0
26000000,2,45,алматы,43.224512,76.894953,1964,745.0,4.0,4.0,1.0,1.0,2.0,2.0,0.0,2.0
55987753,3,129,алматы,43.222006899743,76.794352963685,2012,92.0,6.0,16.0,3.0,1.0,1.0,3.0,0.0,2.0
23880000,1,35,алматы,43.219964658624,76.835465046097,2018,1131.0,4.0,12.0,3.0,2.0,1.0,2.0,0.0,2.0
73900000,3,73,алматы,43.233511365987,76.875086081469,2019,1206.0,7.0,6.0,3.0,1.0,2.0,3.0,0.0,2.0
32000000,3,60,алматы,43.23227,76.852552,1975,1629.0,3.0,4.0,2.0,2.0,2.0,2.0,0.0,2.0
26013960,2,45,алматы,43.273317720405,76.810425023058,2016,3220.0,4.0,6.0,3.0,4.0,2.0,2.0,0.0,2.0
36000000,2,64,алматы,43.248268,76.865515,2016,810.0,12.0,12.0,3.0,2.0,2.0,2.0,0.0,2.0
50000000,2,67,алматы,43.274502302328,76.815229655076,2024,2147.0,3.0,12.0,3.0,1.0,2.0,2.0,0.0,2.0
26000000,2,58,алматы,43.210671525308,76.784366496888,2025,3102.0,3.0,9.0,3.0,6.0,2.0,3.0,0.0,2.0
74990000,2,104,алматы,43.242594,76.905149,2007,1601.0,10.0,13.0,3.0,2.0,1.0,3.0,0.0,2.0
78000000,2,70,алматы,43.223867181315,76.951704455102,2018,786.0,7.0,8.0,3.0,2.0,1.0,2.0,0.0,2.0
27000000,2,44,алматы,43.233997,76.863323,1965,1601.0,1.0,4.0,2.0,2.0,2.0,2.0,0.0,2.0
20000000,1,28,алматы,43.329276712306,76.940686629375,2021,1689.0,7.0,10.0,3.0,1.0,1.0,2.0,0.0,2.0
33499999,2,45,алматы,43.249934662882,76.889987816167,1977,3090.0,2.0,5.0,2.0,2.0,1.0,1.0,0.0,2.0
21500000,1,32,алматы,43.224005466353,76.89215144313,1962,3069.0,4.0,4.0,1.0,1.0,2.0,2.0,0.0,2.0
65000000,3,87,алматы,43.286523046532,77.003767958124,2019,73.0,2.0,5.0,3.0,1.0,1.0,3.0,0.0,2.0
31000000,2,44,алматы,43.231757,76.832197,2017,1124.0,10.0,10.0,3.0,1.0,2.0,2.0,0.0,2.0
65000000,2,70,алматы,43.262554353583,76.918500452423,2019,1542.0,10.0,13.0,3.0,1.0,2.0,2.0,0.0,2.0
17000000,1,40,алматы,43.227157724937,76.769680603866,2025,1553.0,4.0,10.0,3.0,1.0,2.0,2.0,0.0,2.0
36500000,2,44,алматы,43.259688089127,76.86582427161,2024,2981.0,8.0,12.0,3.0,1.0,2.0,2.0,0.0,2.0
79500000,2,60,алматы,43.227714922326,76.940310883752,2024,2031.0,4.0,21.0,3.0,1.0,1.0,2.0,0.0,2.0
62000000,2,70,алматы,43.258938505325,76.963051492845,2018,956.0,13.0,6.0,3.0,1.0,2.0,2.0,0.0,2.0
33900000,2,56,алматы,43.262286,76.821372,2019,636.0,10.0,14.0,3.0,1.0,1.0,3.0,0.0,2.0
32000000,2,40,алматы,43.238293,76.901672,1975,2547.0,3.0,5.0,2.0,1.0,2.0,2.0,0.0,2.0
55000000,2,37,алматы,43.234718045265,76.919986740873,2019,825.0,3.0,16.0,3.0,1.0,2.0,2.0,0.0,2.0
21500000,1,30,алматы,43.249174,76.860583,1981,1601.0,1.0,5.0,2.0,1.0,2.0,2.0,0.0,2.0
19950000,1,32,алматы,43.221705980823,76.786440765848,2020,1124.0,7.0,10.0,3.0,1.0,1.0,2.0,0.0,2.0
60200000,3,90,алматы,43.294492823524,77.019721943916,2022,502.0,3.0,6.0,3.0,1.0,3.0,3.0,0.0,2.0
60000000,3,82,алматы,43.267058984851,76.955883115437,2019,1112.0,8.0,10.0,3.0,1.0,2.0,2.0,0.0,2.0
25500000,1,43,алматы,43.265545867904,76.898602498778,2005,857.0,9.0,6.0,3.0,1.0,2.0,2.0,0.0,2.0
56000000,3,99,алматы,43.240733351626,76.856329975583,2018,885.0,9.0,13.0,3.0,1.0,2.0,1.0,0.0,2.0
81500000,2,86,алматы,43.205216710192,76.893489130639,2020,1552.0,14.0,18.0,3.0,1.0,1.0,3.0,0.0,2.0
58800000,2,83,алматы,43.203956325184,76.871722727203,2015,755.0,8.0,12.0,3.0,1.0,2.0,3.0,1.0,2.0
35500000,2,60,алматы,43.236092624297,76.808679115483,2020,1171.0,13.0,16.0,3.0,1.0,1.0,2.0,0.0,2.0
55000000,3,77,алматы,43.210472,76.845195,1994,512.0,5.0,5.0,2.0,2.0,1.0,1.0,0.0,2.0
70000000,3,65,алматы,43.224052,76.960036,1976,1503.0,2.0,5.0,2.0,1.0,2.0,2.0,0.0,2.0
78000000,3,84,алматы,43.229596308262,76.880000579585,2018,983.0,5.0,12.0,3.0,1.0,1.0,3.0,0.0,2.0
75000000,2,75,алматы,43.207696218244,76.897475754806,2018,1823.0,13.0,14.0,3.0,1.0,1.0,3.0,0.0,2.0
80000000,2,58,алматы,43.231061,76.947055,2019,1392.0,28.0,30.0,3.0,1.0,1.0,2.0,0.0,2.0
47000000,2,40,алматы,43.233894267748,76.875101566839,2023,1206.0,13.0,16.0,3.0,1.0,2.0,2.0,0.0,2.0
60000000,3,87,алматы,43.220472607167,76.84139582936,2016,1601.0,5.0,9.0,3.0,1.0,2.0,1.0,0.0,2.0
62000000,4,80,алматы,43.241651687434,76.896416338623,1992,1601.0,1.0,5.0,1.0,2.0,2.0,1.0,0.0,2.0
22000000,1,32,алматы,43.221705980823,76.786440765848,2019,1124.0,8.0,10.0,3.0,1.0,1.0,2.0,0.0,2.0
40000000,1,40,алматы,43.176741,76.848214,2022,832.0,4.0,6.0,2.0,1.0,2.0,2.0,0.0,2.0
23900000,1,33,алматы,43.327287672164,76.924235321426,1986,2115.0,3.0,5.0,2.0,2.0,2.0,2.0,0.0,2.0
75000000,3,120,алматы,43.221076,76.842617,2010,1493.0,9.0,11.0,3.0,1.0,1.0,1.0,0.0,2.0
38000000,3,69,алматы,43.222264252047,76.784485396611,2021,1446.0,8.0,10.0,3.0,1.0,1.0,2.0,0.0,2.0
54000000,2,62,алматы,43.23667,76.880724,2022,1549.0,7.0,18.0,3.0,1.0,1.0,2.0,0.0,2.0
27000000,1,45,алматы,43.269403,76.820366,2022,1117.0,12.0,13.0,3.0,1.0,1.0,2.0,0.0,2.0
37000000,4,78,алматы,43.365527,76.949903,1992,236.0,1.0,5.0,2.0,1.0,1.0,1.0,0.0,2.0
25500000,1,40,алматы,43.235007224961,76.829356744705,1990,601.0,3.0,5.0,2.0,4.0,2.0,2.0,0.0,2.0
28000000,2,43,алматы,43.194306020053,76.904926148479,1977,163.0,5.0,5.0,2.0,1.0,2.0,2.0,0.0,2.0
36000000,1,46,алматы,43.306388915782,77.004174694567,2024,2874.0,4.0,5.0,3.0,1.0,2.0,2.0,0.0,2.0
45000000,2,64,алматы,43.265179638936,76.918001685368,2024,1522.0,2.0,13.0,3.0,1.0,1.0,1.0,1.0,2.0
22500000,1,40,алматы,43.279721,76.82245,2015,2124.0,8.0,9.0,3.0,1.0,2.0,2.0,0.0,2.0
46000000,2,48,алматы,43.233894267748,76.875101566839,2020,1206.0,4.0,16.0,3.0,4.0,2.0,2.0,0.0,2.0
40000000,3,50,алматы,43.189297,76.931999,1986,210.0,2.0,3.0,1.0,1.0,2.0,2.0,0.0,1.0
45500000,2,52,алматы,43.223704,76.933751,1986,1959.0,3.0,5.0,1.0,1.0,2.0,2.0,0.0,2.0
55000000,3,86,алматы,43.248187186575,76.853275170877,2022,2129.0,9.0,10.0,3.0,1.0,3.0,2.0,0.0,2.0
55987753,3,129,алматы,43.222006899743,76.794352963685,2012,92.0,6.0,16.0,3.0,1.0,1.0,3.0,0.0,2.0
47000000,3,57,алматы,43.239759752211,76.943070223139,1974,2647.0,1.0,5.0,2.0,1.0,2.0,2.0,0.0,2.0
35700000,2,52,алматы,43.324249,76.922244,1985,2650.0,4.0,5.0,2.0,2.0,2.0,1.0,0.0,2.0
16000000,1,21,алматы,43.219158,76.919576,1978,2079.0,1.0,5.0,1.0,1.0,2.0,2.0,0.0,1.0
25500000,2,75,алматы,43.221832,76.795015,2012,1601.0,16.0,16.0,3.0,1.0,2.0,1.0,0.0,2.0
32000000,2,42,алматы,43.230989,76.860601,1966,2965.0,2.0,4.0,2.0,1.0,2.0,2.0,0.0,2.0
43500000,3,72,алматы,43.251847,76.878891,1981,1601.0,2.0,9.0,2.0,1.0,2.0,1.0,0.0,2.0
27500000,1,42,алматы,43.223239472935,76.843070642853,1991,3251.0,9.0,9.0,2.0,2.0,2.0,2.0,0.0,2.0
83000000,3,100,алматы,43.233894267748,76.875101566839,2019,1206.0,13.0,16.0,3.0,1.0,2.0,1.0,0.0,2.0
60000000,3,70,алматы,43.227284,76.884541,1989,1601.0,1.0,5.0,2.0,1.0,2.0,1.0,0.0,2.0
53000000,2,48,алматы,43.26101397057,76.935785792394,2019,1461.0,4.0,15.0,3.0,1.0,1.0,2.0,0.0,2.0
45000000,2,65,алматы,43.265179638936,76.918001685368,2025,1522.0,8.0,12.0,2.0,6.0,2.0,3.0,0.0,2.0
22500000,1,33,алматы,43.35637,76.977131,1995,912.0,1.0,5.0,1.0,1.0,2.0,2.0,0.0,2.0
23350000,1,46,алматы,43.297969490553,76.832912672311,2025,3245.0,5.0,5.0,3.0,5.0,2.0,2.0,0.0,2.0
69000000,3,108,алматы,43.200727,76.841467,2009,1493.0,2.0,11.0,3.0,1.0,1.0,3.0,0.0,2.0
27000000,1,46,алматы,43.254389009243,76.818288320719,2018,1083.0,10.0,12.0,3.0,1.0,1.0,2.0,1.0,2.0
35000000,1,35,алматы,43.242404,76.903262,1975,2138.0,4.0,5.0,1.0,2.0,2.0,2.0,0.0,2.0
48000000,3,90,алматы,43.326625545701,76.940695259345,2021,1601.0,6.0,10.0,3.0,1.0,2.0,1.0,0.0,2.0
39500000,2,57,алматы,43.216353,76.890048,2016,1078.0,1.0,12.0,3.0,1.0,2.0,1.0,0.0,2.0
53000000,2,68,алматы,43.241064,76.903415,1974,1601.0,4.0,5.0,1.0,1.0,2.0,1.0,0.0,2.0
61500000,2,90,алматы,43.248938,76.866782,2017,52.0,6.0,12.0,3.0,1.0,1.0,2.0,0.0,2.0
19000000,1,40,алматы,43.227920782442,76.768884990972,2024,1553.0,5.0,10.0,3.0,6.0,2.0,2.0,0.0,2.0
32000000,1,47,алматы,43.247510845296,76.868886455483,2012,3191.0,4.0,6.0,3.0,1.0,2.0,2.0,0.0,2.0
42000000,2,52,алматы,43.214585,76.893408,1985,3177.0,4.0,5.0,2.0,1.0,2.0,2.0,0.0,2.0
20000000,1,20,алматы,43.262689029865,76.899061558798,2005,1601.0,4.0,5.0,3.0,1.0,1.0,1.0,0.0,1.0
77000000,2,68,алматы,43.240607912996,76.883240573521,2022,1812.0,5.0,12.0,3.0,1.0,2.0,2.0,0.0,2.0
57500000,3,78,алматы,43.21427,76.853711,2005,1117.0,5.0,9.0,1.0,1.0,2.0,1.0,0.0,2.0
43000000,3,59,алматы,43.26874888244,76.940776711638,1969,1601.0,2.0,4.0,2.0,1.0,1.0,1.0,0.0,2.0
83000000,4,90,алматы,43.232802,76.904502,1987,1494.0,6.0,9.0,3.0,1.0,2.0,1.0,1.0,2.0
51000000,2,52,алматы,43.237104,76.896606,1990,1601.0,3.0,5.0,1.0,2.0,2.0,2.0,0.0,2.0
75000000,2,60,алматы,43.204379176098,76.893676642181,2017,1004.0,11.0,13.0,3.0,1.0,1.0,2.0,0.0,2.0
41000000,3,63,алматы,43.252497,76.8728,1980,1542.0,2.0,5.0,2.0,2.0,2.0,1.0,0.0,2.0
33500000,2,44,алматы,43.249971717729,76.88956678737,1977,299.0,2.0,5.0,2.0,1.0,1.0,1.0,0.0,2.0
45000000,1,45,алматы,43.23623,76.879134,2022,1549.0,17.0,20.0,3.0,1.0,2.0,2.0,0.0,2.0
67500000,3,101,алматы,43.230028241857,76.876761868133,2020,1401.0,12.0,16.0,3.0,6.0,2.0,3.0,0.0,2.0
38000000,1,51,алматы,43.219945736847,76.841869892329,2007,32.0,5.0,12.0,3.0,1.0,1.0,2.0,0.0,2.0
32500000,2,60,алматы,43.210620427515,76.788881536421,2023,3225.0,5.0,9.0,3.0,1.0,2.0,2.0,0.0,2.0
40900000,1,44,алматы,43.212361690883,76.855745637842,2021,1820.0,12.0,13.0,3.0,1.0,1.0,2.0,1.0,2.0
65000000,2,62,алматы,43.216628,76.965417,1986,1601.0,2.0,5.0,1.0,1.0,2.0,2.0,0.0,2.0
42500000,4,98,алматы,43.295156,76.914312,1989,2524.0,5.0,5.0,2.0,2.0,2.0,1.0,0.0,2.0
39000000,3,79,алматы,43.189931706866,76.822148136973,2015,1601.0,1.0,3.0,3.0,2.0,2.0,2.0,0.0,2.0
32500000,2,67,алматы,43.242634,76.815299,2010,11.0,5.0,9.0,3.0,1.0,2.0,2.0,0.0,2.0
25000000,2,46,алматы,43.341979414814,76.985154447634,1988,1547.0,2.0,9.0,2.0,1.0,1.0,1.0,0.0,2.0
40000000,2,51,алматы,43.264617,76.962973,1977,2329.0,4.0,5.0,1.0,4.0,2.0,2.0,0.0,2.0
20000000,1,43,алматы,43.356567,76.920932,2010,1601.0,2.0,5.0,3.0,1.0,2.0,2.0,0.0,2.0
33000000,2,47,алматы,43.267748,76.955472,2008,1890.0,10.0,10.0,3.0,1.0,2.0,2.0,0.0,2.0
37000000,2,51,алматы,43.250492817392,76.883036513038,1989,1601.0,3.0,5.0,2.0,2.0,2.0,1.0,0.0,2.0
37000000,2,55,алматы,43.268662240173,76.936841949737,2011,1461.0,10.0,10.0,3.0,2.0,1.0,2.0,0.0,2.0
75000000,3,72,алматы,43.208698,76.863485,1979,1401.0,1.0,5.0,1.0,2.0,1.0,2.0,0.0,2.0
29000000,1,33,алматы,43.237281966133,76.904266479053,1976,1601.0,2.0,5.0,2.0,1.0,2.0,2.0,0.0,2.0
37000000,1,35,алматы,43.229584484436,76.949142457672,1992,225.0,4.0,6.0,1.0,2.0,2.0,2.0,0.0,2.0
35000000,3,70,алматы,43.229596,76.769458,2022,250.0,1.0,10.0,2.0,1.0,1.0,2.0,0.0,2.0
17500000,1,23,алматы,43.243446183927,76.882582872353,1977,1124.0,3.0,4.0,2.0,1.0,2.0,2.0,0.0,2.0
42000000,2,47,алматы,43.274575,76.946076,2023,1822.0,4.0,13.0,3.0,1.0,1.0,2.0,0.0,2.0
33000000,1,41,алматы,43.251796321444,76.897382320034,2023,1853.0,12.0,13.0,3.0,6.0,2.0,2.0,0.0,2.0
57000000,2,75,алматы,43.204927790695,76.877060549887,2010,48.0,8.0,15.0,3.0,1.0,2.0,2.0,0.0,2.0
26000000,1,45,алматы,43.194301605225,76.783302307129,2012,92.0,14.0,16.0,3.0,1.0,2.0,2.0,0.0,2.0
29500000,2,70,алматы,43.272466903006,76.829214516536,2022,2115.0,6.0,7.0,3.0,5.0,2.0,1.0,1.0,2.0
26500000,1,45,алматы,43.221572460565,76.786434091249,2020,1124.0,4.0,9.0,3.0,1.0,2.0,2.0,0.0,2.0
84990000,3,95,алматы,43.218337368091,76.87840946212,2025,3426.0,7.0,10.0,3.0,1.0,2.0,2.0,0.0,2.0
69900000,3,116,алматы,43.248943183087,76.867520659942,2012,52.0,7.0,13.0,3.0,1.0,1.0,3.0,0.0,2.0
36900000,2,56,алматы,43.269714681654,76.95272967361,1978,1483.0,4.0,5.0,1.0,2.0,2.0,2.0,0.0,2.0
66000000,4,95,алматы,43.197053,76.873196,1978,1527.0,4.0,9.0,2.0,1.0,2.0,1.0,0.0,2.0
25000000,1,30,алматы,43.218744,76.864069,1974,193.0,2.0,4.0,2.0,2.0,1.0,2.0,0.0,2.0
52500000,3,70,алматы,43.200628,76.895294,1989,630.0,4.0,5.0,1.0,1.0,2.0,2.0,0.0,2.0
80000000,2,76,алматы,43.187959298235,76.869671333842,2008,103.0,3.0,7.0,3.0,1.0,2.0,2.0,0.0,2.0
44000000,2,55,алматы,43.236644164986,76.853309730824,2021,1634.0,13.0,13.0,3.0,1.0,1.0,2.0,0.0,2.0
50000000,2,56,алматы,43.214542618084,76.890674575946,2022,1935.0,11.0,13.0,3.0,1.0,1.0,2.0,0.0,2.0
28500000,2,43,алматы,43.21009118296,76.868624846557,1962,303.0,4.0,4.0,1.0,1.0,2.0,2.0,0.0,2.0
10000000,1,14,алматы,43.186846,76.831819,1989,1601.0,2.0,2.0,1.0,4.0,3.0,1.0,0.0,1.0
35000000,2,43,алматы,43.249023,76.918704,1977,2024.0,3.0,5.0,2.0,2.0,2.0,2.0,0.0,2.0
38500000,3,60,алматы,43.269620440442,76.944106855155,1969,335.0,4.0,4.0,2.0,1.0,2.0,2.0,0.0,2.0
46500000,3,70,алматы,43.168667079084,76.905237991299,2025,2029.0,1.0,3.0,3.0,1.0,2.0,2.0,0.0,2.0
27000000,1,33,алматы,43.231776925122,76.902149460921,1972,1436.0,3.0,4.0,2.0,1.0,1.0,2.0,0.0,2.0
36000000,2,58,алматы,43.265566545747,76.821520960537,2017,1117.0,2.0,12.0,3.0,1.0,2.0,2.0,0.0,2.0
45500500,2,57,алматы,43.262726,76.946094,1977,1601.0,2.0,8.0,2.0,1.0,1.0,1.0,0.0,2.0
25000000,2,44,алматы,43.282733,76.91583,1987,1601.0,5.0,5.0,1.0,1.0,2.0,1.0,0.0,2.0
34500000,3,58,алматы,43.249621,76.856065,1980,670.0,4.0,5.0,2.0,2.0,2.0,1.0,0.0,2.0
27000000,1,39,алматы,43.288455087187,76.988109140778,2020,934.0,8.0,9.0,3.0,1.0,1.0,2.0,1.0,2.0
64000000,2,82,алматы,43.213500595428,76.888013962993,2018,996.0,10.0,12.0,3.0,1.0,2.0,2.0,0.0,2.0
57000000,2,65,алматы,43.229079763727,76.954517597206,1992,1601.0,9.0,10.0,3.0,2.0,2.0,2.0,0.0,2.0
18000000,1,32,алматы,43.290051,76.929071,1990,1601.0,1.0,5.0,1.0,2.0,2.0,2.0,0.0,2.0
33000000,2,53,алматы,43.33964,76.984192,1986,1601.0,1.0,5.0,1.0,2.0,2.0,2.0,0.0,2.0
58000000,3,74,алматы,43.219887,76.846022,2005,1634.0,1.0,9.0,1.0,2.0,1.0,1.0,0.0,2.0
31500000,2,45,алматы,43.261872205576,76.918946704368,1973,1504.0,4.0,5.0,2.0,1.0,2.0,1.0,0.0,2.0
43500000,3,75,алматы,43.256082654912,76.886467457672,1988,3013.0,9.0,9.0,2.0,2.0,1.0,2.0,0.0,2.0
16500000,1,30,алматы,43.392261,77.005284,1963,2213.0,4.0,4.0,2.0,1.0,2.0,2.0,1.0,2.0
35990000,2,51,алматы,43.211438798175,76.871405609787,1985,337.0,3.0,5.0,2.0,2.0,2.0,1.0,0.0,2.0
36000000,2,48,алматы,43.247693662514,76.854381455279,2024,3433.0,2.0,10.0,3.0,1.0,2.0,2.0,0.0,2.0
64000000,4,92,алматы,43.195752,76.887362,1976,2652.0,7.0,8.0,2.0,2.0,2.0,2.0,0.0,2.0
38860000,2,58,алматы,43.166862574852,76.877039725619,2024,2286.0,3.0,3.0,3.0,1.0,2.0,2.0,0.0,2.0
32500000,3,76,алматы,43.227157724937,76.769680603866,2024,1553.0,1.0,10.0,3.0,5.0,2.0,2.0,0.0,2.0
21000000,1,31,алматы,43.210145429049,76.787599508126,2023,3225.0,2.0,9.0,3.0,1.0,3.0,2.0,0.0,2.0
33000000,2,48,алматы,43.317192,77.030895,2023,1088.0,10.0,12.0,2.0,1.0,1.0,2.0,0.0,2.0
46000000,4,82,алматы,43.184545,76.805346,1988,2129.0,2.0,5.0,2.0,1.0,2.0,1.0,0.0,2.0
44000000,3,87,алматы,43.329499038902,76.940064839696,2021,1689.0,8.0,10.0,3.0,1.0,1.0,2.0,0.0,2.0
61000000,3,80,алматы,43.231050600665,76.875535601705,2016,751.0,12.0,12.0,3.0,1.0,1.0,3.0,0.0,2.0
22000000,2,45,алматы,43.221705980823,76.786440765848,2019,1124.0,10.0,10.0,3.0,1.0,1.0,2.0,0.0,2.0
32000000,2,45,алматы,43.210413,76.861823,1967,854.0,1.0,4.0,2.0,1.0,1.0,2.0,0.0,2.0
32800000,2,57,алматы,43.220363387007,76.841908957008,2009,1146.0,11.0,11.0,3.0,1.0,2.0,2.0,0.0,2.0
71000000,3,79,алматы,43.28881622453,77.005354635118,2022,2561.0,6.0,9.0,3.0,1.0,1.0,3.0,1.0,2.0
53000000,2,62,алматы,43.233833,76.899004,1969,1601.0,4.0,5.0,1.0,1.0,2.0,2.0,0.0,2.0
33500000,2,43,алматы,43.244702,76.901807,1978,193.0,3.0,5.0,2.0,2.0,2.0,2.0,0.0,2.0
39000000,2,48,алматы,43.253003,76.906002,1972,819.0,3.0,4.0,2.0,1.0,1.0,1.0,0.0,2.0
18500000,1,25,алматы,43.207633425926,76.787427811855,2022,2403.0,4.0,10.0,3.0,1.0,2.0,2.0,0.0,2.0
40000000,2,38,алматы,43.231198493473,76.875074249725,2017,751.0,4.0,12.0,3.0,1.0,2.0,2.0,0.0,2.0
79000000,4,86,алматы,43.197539,76.90858,1992,617.0,3.0,5.0,1.0,1.0,2.0,2.0,0.0,2.0
19500000,1,30,алматы,43.242929,76.810871,2022,123.0,6.0,10.0,3.0,1.0,2.0,2.0,0.0,2.0
46000000,2,48,алматы,43.237006172166,76.888239041725,2019,997.0,4.0,9.0,3.0,1.0,1.0,2.0,0.0,2.0
48000000,2,41,алматы,43.258715,76.93535,1966,755.0,1.0,4.0,1.0,1.0,1.0,2.0,0.0,2.0
9500000,1,13,алматы,43.242338,76.92422,1978,1446.0,5.0,5.0,2.0,1.0,2.0,3.0,0.0,1.0
27900000,1,52,алматы,43.217575076539,76.774316342349,2022,3346.0,9.0,10.0,3.0,1.0,1.0,2.0,0.0,2.0
47000000,3,63,алматы,43.24532574878,76.869997909484,2020,1418.0,1.0,13.0,3.0,1.0,1.0,1.0,0.0,2.0
25500000,2,52,алматы,43.208343,76.788296,2020,854.0,9.0,10.0,3.0,1.0,1.0,2.0,0.0,2.0
48000000,1,48,алматы,43.230028241857,76.876761868133,2019,1401.0,2.0,16.0,2.0,1.0,2.0,2.0,0.0,2.0
29900000,1,40,алматы,43.214272941997,76.889320759506,2022,1935.0,12.0,13.0,3.0,1.0,2.0,2.0,0.0,2.0
42000000,1,42,алматы,43.23403904445,76.873371345691,2019,1206.0,15.0,16.0,3.0,1.0,2.0,2.0,0.0,2.0
41000000,3,59,алматы,43.285116,77.004395,2019,1379.0,2.0,5.0,3.0,1.0,2.0,2.0,0.0,2.0
35900000,2,45,алматы,43.259435833267,76.933448256275,1968,1625.0,4.0,5.0,1.0,2.0,2.0,1.0,0.0,2.0
37500000,3,76,алматы,43.311748,76.975298,2016,210.0,8.0,9.0,3.0,1.0,2.0,1.0,0.0,2.0
40000000,3,59,алматы,43.236485835261,76.899979370805,1973,1078.0,3.0,4.0,2.0,2.0,2.0,2.0,0.0,2.0
34000000,2,51,алматы,43.308565318862,76.936918008939,2022,3210.0,3.0,6.0,2.0,1.0,1.0,2.0,0.0,2.0
22500000,1,41,алматы,43.230469366362,76.780980100066,2019,1821.0,9.0,9.0,3.0,1.0,1.0,2.0,0.0,2.0
38000000,3,68,алматы,43.187523,76.825468,1990,2530.0,3.0,5.0,1.0,1.0,2.0,2.0,0.0,2.0
56500000,2,70,алматы,43.24320617919,76.855535171577,2023,2375.0,8.0,12.0,3.0,1.0,1.0,1.0,0.0,2.0
36000000,2,46,алматы,43.250094,76.923861,1966,2218.0,3.0,4.0,1.0,1.0,2.0,2.0,0.0,2.0
25900000,2,44,алматы,43.201143901867,76.842912264872,1970,601.0,1.0,4.0,1.0,2.0,2.0,2.0,0.0,2.0
61000000,3,90,алматы,43.17913357348,76.923533926547,2022,2003.0,2.0,3.0,3.0,6.0,2.0,2.0,0.0,2.0
79500000,2,57,алматы,43.228239866,76.940054704099,2022,2031.0,9.0,21.0,3.0,1.0,2.0,2.0,0.0,2.0
17000000,1,33,алматы,43.21024324568,76.784558885105,2025,3172.0,4.0,9.0,3.0,1.0,2.0,2.0,0.0,2.0
25000000,1,44,алматы,43.348006,76.964761,1993,2974.0,3.0,5.0,1.0,1.0,2.0,2.0,0.0,2.0
19900000,1,44,алматы,43.320771325293,76.90026112123,2023,2027.0,4.0,6.0,3.0,6.0,2.0,2.0,0.0,2.0
48500000,2,55,алматы,43.24134,76.940767,1972,535.0,7.0,9.0,2.0,2.0,2.0,2.0,0.0,2.0
35500000,2,58,алматы,43.220528556949,76.86828956679,1977,1622.0,6.0,9.0,2.0,1.0,2.0,1.0,0.0,2.0
35000000,3,65,алматы,43.321429,76.9183,1985,1481.0,4.0,5.0,2.0,2.0,2.0,1.0,0.0,2.0
32500000,1,45,алматы,43.306176881777,77.003849118126,2023,2874.0,3.0,5.0,2.0,1.0,2.0,2.0,0.0,2.0
35000000,2,54,алматы,43.265897,76.819926,2018,1770.0,8.0,12.0,3.0,1.0,1.0,2.0,0.0,2.0
25800000,1,42,алматы,43.219000617104,76.872357797622,1964,349.0,4.0,4.0,1.0,2.0,2.0,2.0,0.0,2.0
51000000,3,82,алматы,43.23560885082,76.807500789862,2020,1171.0,12.0,12.0,3.0,1.0,1.0,3.0,0.0,2.0
28000000,2,44,алматы,43.252978757687,76.873205864838,1980,1832.0,1.0,5.0,2.0,1.0,2.0,1.0,0.0,2.0
50000000,2,64,алматы,43.264236,76.940722,1961,144.0,2.0,4.0,1.0,1.0,1.0,2.0,0.0,2.0
37000000,2,52,алматы,43.251118,76.922882,1962,1171.0,1.0,3.0,1.0,1.0,2.0,1.0,0.0,2.0
80000000,3,90,алматы,43.19285440112,76.808899487924,2022,1109.0,1.0,4.0,3.0,1.0,2.0,3.0,0.0,2.0
60000000,2,75,алматы,43.236178795692,76.893379033738,2015,876.0,11.0,17.0,3.0,2.0,2.0,2.0,0.0,2.0
28500000,1,32,алматы,43.255104520144,76.908788071977,1970,2565.0,3.0,4.0,2.0,1.0,1.0,2.0,0.0,2.0
46500000,3,67,алматы,43.265654,76.821408,2017,1417.0,3.0,12.0,3.0,1.0,1.0,1.0,0.0,2.0
33000000,3,60,алматы,43.236303,76.837443,1990,2974.0,5.0,5.0,2.0,1.0,2.0,2.0,0.0,2.0
34999999,2,58,алматы,43.323434556235,77.03106880188,2022,1181.0,4.0,6.0,2.0,1.0,2.0,2.0,0.0,2.0
65000000,2,65,алматы,43.211324626916,76.97913970942,2019,5.0,1.0,4.0,3.0,1.0,2.0,1.0,0.0,2.0
53000000,2,55,алматы,43.260435,76.948771,1975,942.0,2.0,9.0,3.0,2.0,1.0,2.0,0.0,2.0
43490000,2,46,алматы,43.187241170933,76.919915811931,2020,1091.0,2.0,3.0,3.0,1.0,2.0,2.0,0.0,2.0
45500000,4,86,алматы,43.235293294934,76.825738966934,1989,1601.0,2.0,5.0,2.0,1.0,2.0,1.0,0.0,2.0
71000000,2,77,алматы,43.211365939247,76.897194385529,2020,1125.0,12.0,16.0,3.0,1.0,2.0,2.0,0.0,2.0
43000000,2,45,алматы,43.219427,76.955787,1966,2760.0,5.0,5.0,1.0,1.0,1.0,2.0,0.0,2.0
35000000,3,59,алматы,43.261586549275,76.915053720237,1971,706.0,4.0,4.0,2.0,2.0,2.0,1.0,0.0,2.0
19000000,2,42,алматы,43.309268,76.940021,1960,2525.0,1.0,2.0,2.0,1.0,2.0,2.0,0.0,2.0
31000000,1,48,алматы,43.213396,76.848905,2006,1970.0,2.0,9.0,3.0,1.0,1.0,2.0,0.0,2.0
41700000,3,70,алматы,43.234963,76.825324,1990,1601.0,4.0,5.0,2.0,1.0,1.0,1.0,0.0,2.0
30000000,2,36,алматы,43.303541,76.923079,2005,1822.0,9.0,9.0,2.0,2.0,2.0,2.0,0.0,2.0
40000000,3,62,алматы,43.231475,76.90213,1970,1829.0,1.0,4.0,2.0,1.0,2.0,2.0,0.0,2.0
60200000,2,67,алматы,43.238210414367,76.896260364418,2019,3433.0,7.0,16.0,3.0,1.0,2.0,2.0,0.0,2.0
35280000,3,73,алматы,43.313180983591,76.896672248622,2024,2878.0,4.0,9.0,3.0,4.0,2.0,2.0,0.0,2.0
21000000,1,36,алматы,43.276558989807,76.82396968785,2014,2903.0,1.0,5.0,3.0,1.0,1.0,2.0,0.0,2.0
41500000,3,76,алматы,43.220816917587,76.786278585319,2019,67.0,1.0,6.0,3.0,2.0,2.0,1.0,0.0,2.0
73000000,2,77,алматы,43.212400144585,76.980832743642,2016,5.0,4.0,5.0,3.0,1.0,2.0,2.0,0.0,2.0
52500000,2,57,алматы,43.195147,76.889347,1987,1210.0,6.0,9.0,2.0,2.0,2.0,1.0,0.0,2.0
38000000,3,55,алматы,43.247165,76.922756,1970,2728.0,2.0,4.0,2.0,1.0,2.0,1.0,0.0,2.0
21800000,1,31,алматы,43.345357,76.990067,1965,3131.0,2.0,3.0,1.0,2.0,2.0,2.0,0.0,2.0
38000000,3,53,алматы,43.293611358511,77.009040541166,2021,2021.0,3.0,5.0,3.0,1.0,2.0,2.0,0.0,2.0
49000000,3,62,алматы,43.235193,76.877678,1978,265.0,5.0,5.0,2.0,1.0,2.0,2.0,0.0,2.0
64000027,2,90,алматы,43.233582967982,76.892212085449,2008,350.0,10.0,21.0,3.0,1.0,2.0,2.0,0.0,2.0
75000000,2,75,алматы,43.197653635309,76.895454056869,2021,1478.0,7.0,14.0,3.0,1.0,1.0,2.0,0.0,2.0
30000000,2,52,алматы,43.252280219112,76.863031211864,2025,3177.0,6.0,13.0,3.0,4.0,2.0,2.0,0.0,2.0
70000000,3,82,алматы,43.255370266723,76.904284416452,2005,1601.0,9.0,10.0,1.0,2.0,1.0,3.0,0.0,2.0
58900000,3,83,алматы,43.221009696864,76.886923955006,2023,1959.0,15.0,18.0,3.0,1.0,2.0,2.0,0.0,2.0
23238000,1,41,алматы,43.25721547783,76.819582824246,2024,3014.0,3.0,6.0,3.0,6.0,3.0,2.0,0.0,2.0
47000000,3,67,алматы,43.16974607729,76.872367858887,2013,120.0,8.0,9.0,3.0,1.0,2.0,2.0,0.0,2.0
38000000,2,65,алматы,43.221705980823,76.786440765848,2021,1124.0,10.0,10.0,3.0,1.0,1.0,2.0,1.0,2.0
54000000,2,66,алматы,43.221567561175,76.852005747877,2020,1568.0,3.0,13.0,3.0,1.0,2.0,2.0,0.0,2.0
28500000,2,47,алматы,43.209362,76.786445,2024,3225.0,9.0,9.0,3.0,1.0,2.0,2.0,0.0,2.0
23000000,1,30,алматы,43.226853850167,76.898817144844,1962,2377.0,2.0,3.0,1.0,2.0,2.0,2.0,0.0,2.0
26000000,2,44,алматы,43.206444,76.863269,1973,1721.0,1.0,5.0,2.0,2.0,2.0,2.0,0.0,2.0
35000000,1,47,алматы,43.230189904702,76.841682910838,2019,1474.0,9.0,10.0,3.0,1.0,2.0,2.0,0.0,2.0
75000000,3,95,алматы,43.205216710192,76.893489130639,2020,1601.0,4.0,6.0,2.0,1.0,2.0,2.0,0.0,2.0
36500000,2,54,алматы,43.232043548933,76.838051449416,1988,1601.0,4.0,9.0,2.0,1.0,2.0,1.0,0.0,2.0
18000000,1,32,алматы,43.290170519002,76.929875662704,1990,3370.0,1.0,5.0,1.0,4.0,2.0,2.0,0.0,2.0
29000000,2,49,алматы,43.26662334007,76.855454161893,2021,205.0,6.0,6.0,3.0,1.0,1.0,2.0,0.0,2.0
15100000,1,20,алматы,43.239711,76.884955,1979,1162.0,1.0,5.0,2.0,1.0,1.0,2.0,0.0,1.0
80000000,3,99,алматы,43.166540421425,76.908761722733,2023,2559.0,2.0,3.0,3.0,1.0,2.0,2.0,0.0,2.0
35000000,2,44,алматы,43.252292653953,76.896563546395,2021,1323.0,13.0,13.0,3.0,6.0,2.0,2.0,0.0,2.0
10000000,1,12,алматы,43.245405,76.838161,1982,2301.0,3.0,8.0,1.0,1.0,2.0,2.0,0.0,1.0
31000000,2,56,алматы,43.250974,76.81379,2016,1601.0,9.0,9.0,3.0,1.0,2.0,1.0,1.0,2.0
37000000,2,55,алматы,43.229746227002,76.867518424988,2018,1148.0,7.0,7.0,3.0,2.0,1.0,2.0,0.0,2.0
55700000,2,70,алматы,43.212184609208,76.845531903391,2014,1394.0,12.0,17.0,2.0,1.0,2.0,2.0,0.0,2.0
26000000,1,42,алматы,43.234542,76.83084,1983,2077.0,4.0,5.0,2.0,1.0,2.0,1.0,0.0,2.0
29000000,1,43,алматы,43.26067787684,76.814966553984,2017,921.0,6.0,14.0,3.0,1.0,1.0,2.0,0.0,2.0
72000000,2,59,алматы,43.230187678466,76.939114198105,2023,1072.0,5.0,6.0,3.0,6.0,2.0,2.0,0.0,2.0
43600000,2,50,алматы,43.245479794248,76.869882493618,2020,1418.0,11.0,13.0,3.0,1.0,1.0,1.0,0.0,2.0
29500000,2,40,алматы,43.249752,76.882835,1987,2939.0,9.0,9.0,2.0,1.0,2.0,2.0,0.0,2.0
11500000,1,24,алматы,43.34438,76.931317,2016,1601.0,2.0,2.0,2.0,1.0,2.0,2.0,0.0,2.0
35000000,3,60,алматы,43.235409,76.838161,1982,1601.0,4.0,5.0,2.0,1.0,2.0,2.0,0.0,2.0
20500000,1,31,алматы,43.237866,76.859137,1977,1777.0,2.0,5.0,1.0,1.0,1.0,2.0,0.0,1.0
49000000,3,74,алматы,43.211385,76.876888,1989,406.0,7.0,9.0,2.0,1.0,1.0,1.0,0.0,2.0
29500000,3,59,алматы,43.254226988691,76.885167129955,1978,2599.0,4.0,6.0,2.0,1.0,2.0,2.0,0.0,2.0
40000000,2,62,алматы,43.243041,76.812344,2015,881.0,10.0,16.0,3.0,4.0,1.0,2.0,0.0,2.0
23000000,1,31,алматы,43.210145429049,76.787599508126,2023,3225.0,3.0,9.0,3.0,1.0,1.0,2.0,0.0,2.0
58000000,2,82,алматы,43.203956325184,76.871722727203,2015,755.0,10.0,12.0,3.0,2.0,1.0,3.0,0.0,2.0
53000000,2,50,алматы,43.208754034838,76.911344321593,2019,1157.0,5.0,13.0,3.0,1.0,2.0,2.0,0.0,2.0
25000000,2,50,алматы,43.228388,76.779483,2023,3471.0,1.0,6.0,2.0,1.0,2.0,2.0,0.0,2.0
38000000,3,64,алматы,43.255368125285,76.876541279762,1982,692.0,1.0,5.0,2.0,2.0,2.0,2.0,0.0,2.0
80000000,4,127,алматы,43.16974607729,76.872367858887,2011,120.0,10.0,10.0,3.0,1.0,2.0,3.0,0.0,2.0
13500000,1,27,алматы,43.286043169847,76.967378625656,1968,2177.0,2.0,2.0,1.0,1.0,2.0,2.0,0.0,2.0
31500000,1,32,алматы,43.221668,76.961338,1988,2329.0,5.0,5.0,2.0,1.0,2.0,2.0,0.0,2.0
57000000,2,84,алматы,43.229250947289,76.844679423933,2022,2119.0,5.0,7.0,3.0,6.0,2.0,3.0,0.0,2.0
44500000,2,55,алматы,43.195284759151,76.929727129949,2019,576.0,2.0,8.0,3.0,1.0,2.0,2.0,0.0,2.0
50000000,3,93,алматы,43.305325,76.921103,2007,1601.0,9.0,9.0,2.0,1.0,2.0,1.0,0.0,2.0
16000000,1,18,алматы,43.230431,76.865982,1966,959.0,1.0,4.0,2.0,1.0,2.0,2.0,0.0,1.0
22300000,1,33,алматы,43.228305216758,76.861336932541,1966,926.0,3.0,4.0,2.0,2.0,2.0,2.0,0.0,2.0
68000000,2,56,алматы,43.230025690219,76.935260295868,2020,1325.0,8.0,8.0,3.0,1.0,2.0,2.0,0.0,2.0
35000000,2,44,алматы,43.226108,76.903433,1968,2218.0,4.0,4.0,1.0,1.0,2.0,2.0,0.0,2.0
81000000,3,97,алматы,43.229999741801,76.94923770319,2021,1190.0,5.0,19.0,3.0,1.0,2.0,2.0,0.0,2.0
33500000,2,65,алматы,43.353198,76.843219,2025,1601.0,4.0,6.0,2.0,1.0,2.0,2.0,0.0,2.0
27499999,2,44,алматы,43.224124,76.895267,1961,1500.0,4.0,4.0,1.0,1.0,1.0,2.0,0.0,2.0
65500000,3,66,алматы,43.233894267748,76.875101566839,2019,1206.0,9.0,16.0,3.0,1.0,2.0,1.0,0.0,2.0
30500000,1,34,алматы,43.214576634939,76.897943100524,1987,1601.0,5.0,5.0,1.0,2.0,2.0,2.0,0.0,2.0
65000000,2,65,алматы,43.250901,76.951125,1979,871.0,5.0,5.0,1.0,1.0,1.0,2.0,0.0,2.0
29000000,1,38,алматы,43.234433248258,76.807051006166,2021,1171.0,2.0,16.0,3.0,1.0,1.0,2.0,0.0,2.0
37500000,3,66,алматы,43.23956171805,76.827431774653,2000,1031.0,11.0,12.0,3.0,2.0,2.0,1.0,0.0,2.0
75000000,4,158,алматы,43.22311930027,76.795078907978,2012,92.0,4.0,16.0,3.0,2.0,2.0,3.0,0.0,2.0
60000000,3,75,алматы,43.250852929603,76.875754544244,1986,463.0,7.0,9.0,2.0,1.0,1.0,1.0,0.0,2.0
60000000,3,90,алматы,43.169812827933,76.872834563255,2013,120.0,8.0,10.0,3.0,2.0,2.0,3.0,0.0,2.0
15500000,1,33,алматы,43.346073439449,76.864277628305,1993,880.0,5.0,5.0,3.0,1.0,2.0,1.0,0.0,2.0
75000000,3,85,алматы,43.230154739059,76.87928789851,2018,983.0,7.0,12.0,3.0,1.0,2.0,3.0,0.0,2.0
80000000,4,101,алматы,43.229922448915,76.879963874815,2019,983.0,11.0,12.0,3.0,1.0,1.0,3.0,0.0,2.0
22000000,1,30,алматы,43.217279,76.854583,1968,1601.0,1.0,5.0,2.0,2.0,1.0,2.0,0.0,2.0
48000000,2,60,алматы,43.232980681047,76.896982942466,1988,1889.0,2.0,9.0,2.0,2.0,2.0,1.0,0.0,2.0
44000000,1,41,алматы,43.205652292184,76.893322833679,2020,1552.0,14.0,17.0,3.0,1.0,2.0,2.0,0.0,2.0
23750000,2,52,алматы,43.323095,76.89524,2025,2007.0,8.0,9.0,3.0,6.0,2.0,2.0,0.0,2.0
26000000,1,32,алматы,43.202376826877,76.881670813492,1973,1601.0,2.0,5.0,2.0,2.0,3.0,2.0,0.0,2.0
68000000,3,90,алматы,43.25712801158,76.914003916069,2016,729.0,11.0,12.0,3.0,1.0,2.0,2.0,0.0,2.0
37500000,3,71,алматы,43.296731189066,76.977935147716,2021,1428.0,2.0,9.0,3.0,1.0,2.0,1.0,0.0,2.0
28700000,2,52,алматы,43.239983760726,76.828182264424,1997,1601.0,1.0,12.0,3.0,1.0,2.0,1.0,0.0,2.0
24000000,2,42,алматы,43.352705036843,76.924387421951,1968,1601.0,4.0,6.0,2.0,1.0,2.0,2.0,0.0,2.0
49500000,3,58,алматы,43.288618195627,77.006006431029,2021,2561.0,7.0,9.0,3.0,1.0,2.0,2.0,0.0,2.0
62000000,2,70,алматы,43.210950349329,76.948025455408,2017,461.0,7.0,7.0,3.0,1.0,2.0,2.0,0.0,2.0
48000000,3,75,алматы,43.279905,76.82245,2014,225.0,5.0,9.0,3.0,1.0,1.0,3.0,0.0,2.0
39500000,2,51,алматы,43.230644917769,76.841259121814,2019,1474.0,8.0,10.0,3.0,1.0,2.0,2.0,0.0,2.0
39900000,4,66,алматы,43.255307,76.902903,1974,1601.0,1.0,4.0,1.0,1.0,2.0,1.0,0.0,2.0
57000000,3,75,алматы,43.213709914702,76.902371168604,1988,1601.0,2.0,9.0,2.0,1.0,1.0,2.0,0.0,1.0
48000000,2,72,алматы,43.24331255684,76.875931342729,2011,463.0,10.0,19.0,3.0,2.0,2.0,1.0,0.0,2.0
36000000,3,66,алматы,43.253509785082,76.817351163266,2025,3238.0,12.0,12.0,3.0,1.0,2.0,2.0,0.0,2.0
42000000,3,89,алматы,43.322774,76.982871,2016,1329.0,1.0,5.0,3.0,4.0,2.0,1.0,0.0,2.0
50000000,3,80,алматы,43.221693152911,76.886535498645,2025,1959.0,7.0,14.0,3.0,1.0,2.0,3.0,0.0,2.0
42000000,1,45,алматы,43.267572382989,76.926955913384,2023,2165.0,2.0,12.0,3.0,1.0,2.0,2.0,0.0,2.0
27500000,2,45,алматы,43.239068,76.837586,1981,416.0,5.0,5.0,2.0,2.0,2.0,2.0,0.0,2.0
23500000,1,30,алматы,43.249647,76.898941,1982,468.0,3.0,5.0,2.0,1.0,2.0,2.0,0.0,1.0
60000000,3,104,алматы,43.214092,76.855328,2000,2177.0,5.0,6.0,1.0,2.0,3.0,1.0,0.0,2.0
40000000,3,60,алматы,43.228963062798,76.871596536385,1966,1124.0,2.0,4.0,2.0,2.0,2.0,2.0,0.0,2.0
22000000,1,30,алматы,43.316424,76.914761,1986,2047.0,1.0,5.0,2.0,1.0,1.0,2.0,0.0,2.0
45500000,3,75,алматы,43.253601511727,76.867793669384,1985,633.0,8.0,9.0,2.0,1.0,2.0,1.0,0.0,2.0
32000000,2,46,алматы,43.223658318921,76.89773952911,1983,1601.0,5.0,6.0,1.0,1.0,2.0,2.0,0.0,2.0
38000000,2,62,алматы,43.241617904605,76.823719303762,2008,706.0,8.0,9.0,3.0,1.0,1.0,1.0,0.0,2.0
31700000,2,48,алматы,43.221009696864,76.886923955006,2023,1959.0,15.0,15.0,3.0,1.0,2.0,2.0,0.0,2.0
43000000,2,52,алматы,43.242466594589,76.855993578853,2023,2375.0,15.0,18.0,3.0,1.0,2.0,2.0,0.0,2.0
24500000,2,44,алматы,43.22329,76.86185,1965,92.0,1.0,4.0,2.0,1.0,1.0,2.0,0.0,2.0
75000000,3,72,алматы,43.208698,76.863485,1979,3262.0,1.0,5.0,1.0,2.0,1.0,2.0,0.0,2.0
22000000,2,42,алматы,43.244249,76.815111,2010,1323.0,10.0,10.0,3.0,1.0,2.0,2.0,0.0,2.0
52500000,3,67,алматы,43.24320617919,76.855535171577,2023,2375.0,11.0,18.0,3.0,1.0,2.0,2.0,0.0,1.0
33500000,3,62,алматы,43.219053,76.852975,1971,1401.0,4.0,5.0,2.0,2.0,2.0,2.0,0.0,2.0
31000000,1,36,алматы,43.203012727103,76.873384364015,2021,1137.0,7.0,12.0,3.0,1.0,1.0,2.0,0.0,2.0
54500000,2,95,алматы,43.243485568875,76.875818990302,2007,640.0,18.0,20.0,3.0,1.0,1.0,1.0,0.0,2.0
43500000,2,43,алматы,43.216365806459,76.900631502145,2023,1987.0,2.0,13.0,3.0,1.0,2.0,2.0,0.0,2.0
50000000,3,70,алматы,43.261393015994,76.892009727725,2022,1997.0,2.0,12.0,3.0,1.0,1.0,3.0,0.0,2.0
55000000,2,75,алматы,43.259421838792,76.927448301697,2015,630.0,15.0,16.0,3.0,1.0,2.0,2.0,0.0,2.0
61000000,2,78,алматы,43.215347361947,76.880843493499,2023,1770.0,8.0,12.0,3.0,1.0,1.0,2.0,0.0,2.0
27000000,1,36,алматы,43.24247,76.837281,1984,1601.0,7.0,9.0,2.0,1.0,1.0,2.0,0.0,2.0
59000000,2,80,алматы,43.203548203113,76.871915846252,2016,755.0,7.0,12.0,3.0,1.0,2.0,2.0,0.0,2.0
29000000,2,36,алматы,43.259797349307,76.922206478127,1976,1564.0,1.0,5.0,1.0,2.0,2.0,1.0,0.0,1.0
30000000,2,52,алматы,43.365527,76.949903,1992,2031.0,2.0,5.0,2.0,1.0,2.0,1.0,0.0,2.0
36999999,3,75,алматы,43.309274,76.841207,2016,3487.0,5.0,5.0,3.0,1.0,2.0,1.0,0.0,2.0
45500000,4,75,алматы,43.265179638936,76.918001685368,2020,1522.0,1.0,13.0,3.0,1.0,1.0,1.0,0.0,2.0
32000000,2,45,алматы,43.227132095818,76.894837196791,1976,1759.0,2.0,4.0,2.0,1.0,2.0,2.0,0.0,2.0
53000000,2,63,алматы,43.234602,76.919962,2020,825.0,16.0,16.0,3.0,1.0,1.0,2.0,0.0,2.0
48500000,2,50,алматы,43.255665597323,76.964523196057,2020,1431.0,5.0,12.0,3.0,1.0,1.0,2.0,1.0,2.0
49000000,4,84,алматы,43.248367,76.857556,1992,1601.0,5.0,5.0,2.0,1.0,2.0,1.0,0.0,2.0
31000000,2,61,алматы,43.217147,76.773932,2021,73.0,2.0,10.0,3.0,1.0,2.0,2.0,0.0,2.0
74800000,3,93,алматы,43.170241568993,76.910204886954,2023,2066.0,3.0,3.0,3.0,1.0,2.0,1.0,0.0,2.0
29500000,1,37,алматы,43.211405144448,76.844612896819,1993,1249.0,4.0,5.0,2.0,1.0,3.0,2.0,0.0,2.0
24400000,1,40,алматы,43.256141,76.820159,2018,2070.0,6.0,9.0,3.0,1.0,2.0,2.0,0.0,2.0
65000000,3,91,алматы,43.23720638941,76.893759907419,2015,876.0,1.0,17.0,3.0,1.0,2.0,3.0,0.0,2.0
26700000,2,45,алматы,43.219335,76.868444,1970,1255.0,4.0,4.0,2.0,1.0,2.0,2.0,0.0,2.0
47000000,3,73,алматы,43.22733,76.833131,1989,2086.0,4.0,5.0,2.0,2.0,2.0,1.0,0.0,2.0
40000000,3,69,алматы,43.255217645033,76.877152860015,1978,328.0,1.0,5.0,2.0,2.0,2.0,1.0,0.0,2.0
37000000,2,75,алматы,43.242883,76.817015,2010,1391.0,7.0,12.0,3.0,1.0,1.0,1.0,0.0,2.0
53900000,2,82,алматы,43.203999,76.871354,2015,755.0,12.0,12.0,3.0,1.0,1.0,2.0,0.0,2.0
43500000,2,53,алматы,43.206989301205,76.885757446289,2015,123.0,13.0,13.0,3.0,2.0,2.0,2.0,0.0,2.0
29990000,1,34,алматы,43.268044,76.944729,1971,1601.0,3.0,5.0,2.0,1.0,2.0,2.0,0.0,2.0
22500000,1,31,алматы,43.1974756267,76.875878676388,1977,2377.0,4.0,5.0,2.0,1.0,2.0,2.0,0.0,2.0
35000000,1,55,алматы,43.217147,76.773932,2023,3346.0,8.0,10.0,2.0,1.0,1.0,2.0,0.0,2.0
36000000,2,62,алматы,43.31893,76.916728,2018,1302.0,8.0,9.0,3.0,1.0,1.0,1.0,0.0,2.0
14500000,1,25,алматы,43.170706,76.874301,2016,1601.0,1.0,5.0,3.0,2.0,2.0,2.0,0.0,2.0
13500000,1,20,алматы,43.223962237592,76.900515667991,1987,2797.0,4.0,5.0,2.0,2.0,2.0,2.0,0.0,1.0
23500000,1,33,алматы,43.317861,76.916503,1989,1126.0,1.0,5.0,2.0,2.0,1.0,2.0,1.0,2.0
59000000,4,68,алматы,43.259421838792,76.927448301697,2015,630.0,4.0,16.0,3.0,1.0,2.0,2.0,0.0,2.0
59500000,2,57,алматы,43.22603,76.939644,2020,1420.0,12.0,17.0,3.0,6.0,2.0,2.0,0.0,2.0
27900000,2,52,алматы,43.241630455133,76.832927863754,1998,916.0,6.0,12.0,3.0,4.0,2.0,2.0,0.0,2.0
56500000,3,74,алматы,43.211366,76.876879,1989,1601.0,8.0,9.0,2.0,2.0,2.0,1.0,0.0,2.0
50500000,3,73,алматы,43.227317,76.836041,1986,2611.0,9.0,9.0,2.0,1.0,1.0,2.0,0.0,2.0
29000000,1,33,алматы,43.246846996551,76.869769298853,2023,1833.0,1.0,9.0,3.0,1.0,1.0,2.0,0.0,2.0
26500000,1,45,алматы,43.222291769462,76.847631668647,1995,3392.0,9.0,9.0,2.0,1.0,2.0,2.0,0.0,2.0
85000000,2,80,алматы,43.254350535233,76.957636367879,2009,125.0,9.0,12.0,3.0,2.0,2.0,2.0,0.0,2.0
76000000,3,120,алматы,43.232572,76.860565,2018,857.0,8.0,10.0,3.0,1.0,1.0,3.0,0.0,2.0
51500000,2,60,алматы,43.190622744695,76.854049983998,2021,675.0,2.0,3.0,1.0,1.0,2.0,2.0,0.0,2.0
58000000,2,63,алматы,43.21020871584,76.898405625656,2020,512.0,5.0,10.0,3.0,2.0,2.0,2.0,0.0,2.0
24990000,1,40,алматы,43.210847,76.879223,1969,2728.0,4.0,4.0,1.0,2.0,1.0,1.0,0.0,2.0
49000000,3,68,алматы,43.19942246294,76.881560732336,1975,2845.0,1.0,5.0,2.0,1.0,2.0,1.0,0.0,2.0
59500000,4,72,алматы,43.24204887693,76.897373575393,1980,1770.0,4.0,5.0,1.0,1.0,2.0,1.0,0.0,2.0
27000000,2,52,алматы,43.355131,76.975532,1989,1601.0,2.0,5.0,2.0,2.0,1.0,1.0,0.0,2.0
35000000,2,53,алматы,43.261393015994,76.892009727725,2022,1997.0,8.0,12.0,3.0,1.0,2.0,2.0,1.0,2.0
62000000,2,62,алматы,43.204238267622,76.912078857367,2024,1310.0,3.0,10.0,3.0,6.0,2.0,2.0,0.0,2.0
48000000,2,70,алматы,43.288447548674,76.949766920982,2022,2236.0,10.0,13.0,3.0,1.0,1.0,3.0,0.0,2.0
40000000,3,62,алматы,43.198635003927,76.884794067459,1976,1609.0,3.0,5.0,2.0,1.0,2.0,2.0,0.0,2.0
58000000,4,90,алматы,43.264125,76.950091,1973,103.0,5.0,8.0,2.0,1.0,2.0,1.0,0.0,2.0
23000000,1,35,алматы,43.323659,76.912829,1985,2758.0,4.0,5.0,2.0,2.0,2.0,2.0,0.0,2.0
32800000,2,57,алматы,43.26059482897,76.821385504592,2018,636.0,7.0,12.0,3.0,1.0,2.0,2.0,0.0,2.0
61000000,3,93,алматы,43.214272941997,76.889320759506,2023,1935.0,5.0,13.0,3.0,5.0,2.0,3.0,0.0,2.0
79500000,3,94,алматы,43.204318165776,76.886260293811,2016,756.0,13.0,13.0,3.0,2.0,2.0,3.0,0.0,2.0
76000000,3,90,алматы,43.175065,76.871875,2018,2510.0,4.0,7.0,1.0,1.0,2.0,1.0,0.0,2.0
26500000,1,33,алматы,43.213626,76.873178,1986,1143.0,4.0,5.0,2.0,1.0,1.0,2.0,0.0,2.0
30500000,2,40,алматы,43.214,76.887659,1962,1297.0,3.0,3.0,1.0,1.0,2.0,2.0,0.0,2.0
22500000,1,45,алматы,43.280331,76.81962,2013,1601.0,8.0,9.0,3.0,1.0,2.0,2.0,0.0,2.0
49500000,3,63,алматы,43.229445,76.89948,1978,944.0,2.0,5.0,2.0,1.0,2.0,2.0,0.0,2.0
28700000,1,49,алматы,43.290828186581,77.015231564902,2020,3399.0,4.0,9.0,3.0,2.0,2.0,2.0,0.0,2.0
61000000,3,90,алматы,43.17913357348,76.923533926547,2022,2003.0,2.0,3.0,3.0,6.0,2.0,2.0,0.0,2.0
47000000,3,68,алматы,43.242214477543,76.876306851989,2011,463.0,10.0,19.0,3.0,2.0,2.0,2.0,0.0,2.0
46000000,2,48,алматы,43.255185918441,76.939134635558,1959,1601.0,3.0,3.0,1.0,1.0,2.0,2.0,0.0,2.0
34000000,2,66,алматы,43.300794119199,76.839451789856,2018,1239.0,4.0,5.0,3.0,2.0,3.0,1.0,0.0,2.0
34000000,1,40,алматы,43.24773,76.933158,1990,1601.0,8.0,8.0,1.0,2.0,1.0,2.0,0.0,2.0
29500000,2,42,алматы,43.249915670549,76.882062,1987,150.0,9.0,6.0,2.0,1.0,2.0,2.0,0.0,2.0
36000000,2,59,алматы,43.296108537832,76.979359388297,2024,1428.0,5.0,9.0,3.0,1.0,1.0,2.0,0.0,2.0
25000000,1,34,алматы,43.218621994937,76.839721304229,1990,1181.0,5.0,5.0,1.0,2.0,2.0,2.0,0.0,2.0
35000000,3,60,алматы,43.346268,76.990489,1965,2024.0,1.0,3.0,1.0,1.0,2.0,1.0,0.0,2.0
38500000,3,84,алматы,43.241340485664,76.810090851075,2015,11.0,14.0,16.0,3.0,2.0,2.0,3.0,0.0,2.0
30000000,1,46,алматы,43.254421,76.902193,2006,1070.0,13.0,13.0,3.0,2.0,1.0,2.0,0.0,2.0
30000000,2,50,алматы,43.210145429049,76.787599508126,2024,3225.0,6.0,9.0,3.0,1.0,1.0,2.0,0.0,2.0
43000000,2,75,алматы,43.219552,76.842213,2009,2280.0,9.0,15.0,3.0,2.0,1.0,1.0,0.0,2.0
48500000,2,55,алматы,43.24134,76.940767,1972,1859.0,7.0,9.0,2.0,2.0,1.0,2.0,0.0,2.0
47000000,4,79,алматы,43.256144731131,76.88486916541,1978,2652.0,3.0,5.0,2.0,4.0,2.0,1.0,0.0,2.0
44990000,3,65,алматы,43.227133403786,76.801954611292,2025,3392.0,10.0,12.0,3.0,1.0,2.0,2.0,0.0,2.0
20500000,1,47,алматы,43.321711,77.018938,2024,534.0,5.0,10.0,2.0,6.0,2.0,1.0,0.0,2.0
37000000,2,64,алматы,43.31893,76.916728,2018,1689.0,4.0,9.0,3.0,1.0,1.0,2.0,0.0,2.0
25500000,1,44,алматы,43.313917297514,76.896604293417,2022,1347.0,1.0,5.0,3.0,1.0,1.0,1.0,0.0,2.0
56500000,3,78,алматы,43.225747,76.889249,1987,2455.0,4.0,5.0,1.0,1.0,1.0,1.0,0.0,2.0
22000000,1,35,алматы,43.264151,76.820518,2019,636.0,11.0,12.0,3.0,1.0,2.0,2.0,0.0,2.0
54000000,4,73,алматы,43.231468,76.902112,1973,2623.0,2.0,4.0,2.0,1.0,2.0,1.0,0.0,2.0
59500000,4,71,алматы,43.242477512711,76.897164214979,1980,822.0,4.0,5.0,1.0,1.0,2.0,2.0,0.0,2.0
41000000,3,90,алматы,43.329190252207,76.939827966339,2021,1689.0,10.0,10.0,3.0,1.0,2.0,2.0,0.0,2.0
22000000,1,20,алматы,43.255407516765,76.923413598267,2014,774.0,2.0,9.0,3.0,1.0,2.0,2.0,0.0,2.0
35900000,2,63,алматы,43.303167,76.837667,2017,475.0,2.0,5.0,3.0,1.0,1.0,1.0,0.0,2.0
47900000,2,56,алматы,43.268258300123,76.945978402436,2021,1440.0,7.0,10.0,3.0,1.0,2.0,1.0,0.0,2.0
30000000,2,50,алматы,43.265769411643,76.853191139088,2022,2204.0,1.0,6.0,3.0,1.0,1.0,2.0,0.0,2.0
31500000,1,33,алматы,43.244092,76.941926,1964,2266.0,3.0,4.0,1.0,1.0,1.0,2.0,0.0,2.0
75000000,3,75,алматы,43.219854,76.8918,1974,1420.0,3.0,4.0,1.0,1.0,1.0,2.0,0.0,2.0
49900000,2,61,алматы,43.214348585795,76.889271071624,2024,1935.0,12.0,13.0,3.0,1.0,1.0,2.0,1.0,2.0
52000000,3,74,алматы,43.21766,76.839733,1996,2878.0,8.0,9.0,2.0,2.0,2.0,1.0,0.0,2.0
34500000,2,43,алматы,43.215249,76.899184,1979,1357.0,4.0,5.0,2.0,2.0,1.0,2.0,0.0,2.0
33000000,2,52,алматы,43.185757096038,76.825517413378,2024,2946.0,2.0,3.0,3.0,5.0,2.0,2.0,0.0,2.0
27000000,1,45,алматы,43.265383285426,76.819458315529,2019,1117.0,7.0,12.0,3.0,1.0,2.0,2.0,0.0,2.0
26500000,2,48,алматы,43.241938938475,76.813342861067,2011,11.0,9.0,10.0,3.0,1.0,1.0,2.0,0.0,2.0
22500000,1,45,алматы,43.189435,76.822369,2022,1060.0,9.0,9.0,3.0,4.0,3.0,2.0,0.0,2.0
26700000,2,43,алматы,43.216668,76.859451,1973,335.0,1.0,4.0,2.0,2.0,2.0,2.0,0.0,2.0
31500000,1,33,алматы,43.244092,76.941926,1964,2678.0,3.0,4.0,1.0,2.0,1.0,2.0,0.0,2.0
37500000,2,65,алматы,43.251243,76.826762,2010,1894.0,3.0,9.0,3.0,1.0,2.0,1.0,0.0,2.0
41500000,1,50,алматы,43.229201031288,76.884124237173,2020,1614.0,8.0,12.0,3.0,1.0,2.0,2.0,0.0,2.0
53000000,3,93,алматы,43.263779521686,76.898934907398,2008,3071.0,9.0,10.0,3.0,2.0,1.0,1.0,0.0,2.0
25453350,3,58,алматы,43.230324044112,76.783371873326,2025,1509.0,3.0,9.0,3.0,1.0,2.0,2.0,0.0,2.0
35000000,2,51,алматы,43.316241,76.925199,1989,961.0,3.0,5.0,1.0,1.0,2.0,1.0,0.0,2.0
22500000,1,36,алматы,43.31752,76.93111,1984,1777.0,5.0,5.0,2.0,1.0,2.0,2.0,0.0,2.0
27000000,1,42,алматы,43.224492739657,76.783098338587,2019,3469.0,5.0,10.0,3.0,1.0,1.0,2.0,1.0,2.0
29000000,2,43,алматы,43.250022,76.855607,1982,1601.0,2.0,5.0,2.0,2.0,2.0,2.0,0.0,2.0
39500000,2,57,алматы,43.216353,76.890048,2016,328.0,1.0,12.0,3.0,2.0,2.0,2.0,0.0,2.0
35000000,2,57,алматы,43.265956,76.820563,2019,3228.0,1.0,12.0,3.0,2.0,2.0,1.0,0.0,2.0
14500000,1,20,алматы,43.198311261523,76.873665348477,1976,111.0,2.0,6.0,1.0,1.0,1.0,2.0,0.0,1.0
46000000,3,68,алматы,43.214776,76.900343,1979,886.0,5.0,5.0,2.0,2.0,1.0,2.0,0.0,2.0
24700000,1,39,алматы,43.253077480445,76.815537411535,2025,3238.0,7.0,12.0,3.0,1.0,2.0,2.0,0.0,2.0
60000000,4,80,алматы,43.234267,76.88217,1986,1532.0,3.0,5.0,2.0,1.0,1.0,1.0,0.0,2.0
40000000,2,49,алматы,43.218052680978,76.890834815623,2020,1750.0,12.0,14.0,3.0,1.0,2.0,4.0,0.0,2.0
19000000,1,30,алматы,43.245385,76.904861,1984,1440.0,4.0,5.0,1.0,1.0,1.0,2.0,0.0,1.0
67500000,2,85,алматы,43.234678505129,76.938064213391,2008,63.0,10.0,15.0,3.0,1.0,2.0,3.0,0.0,2.0
27000000,2,43,алматы,43.234831,76.852058,1971,2959.0,4.0,4.0,2.0,1.0,2.0,2.0,0.0,2.0
43500000,3,88,алматы,43.2769711987,76.819731289688,2013,1376.0,3.0,4.0,2.0,2.0,1.0,1.0,0.0,2.0
30500000,2,44,алматы,43.271339,76.944773,1966,1601.0,3.0,5.0,2.0,2.0,2.0,2.0,0.0,2.0
9500000,1,14,алматы,43.209697,76.886922,1973,1890.0,3.0,4.0,2.0,2.0,1.0,2.0,0.0,1.0
79000000,3,90,алматы,43.264203,76.963485,1971,2126.0,4.0,5.0,1.0,2.0,2.0,1.0,0.0,2.0
35000000,3,60,алматы,43.230509,76.782592,2022,153.0,7.0,9.0,3.0,1.0,1.0,1.0,0.0,2.0
45000000,2,65,алматы,43.274502302328,76.815229655076,2025,2147.0,8.0,12.0,3.0,1.0,3.0,2.0,0.0,2.0
35500000,3,55,алматы,43.246273828357,76.889959728836,1977,885.0,5.0,6.0,2.0,2.0,2.0,1.0,0.0,2.0
73000000,3,103,алматы,43.180064158271,76.86824116834,2008,19.0,8.0,9.0,3.0,1.0,2.0,3.0,0.0,2.0
32000000,2,50,алматы,43.35618,76.94772,1990,2981.0,5.0,5.0,1.0,2.0,1.0,1.0,0.0,2.0
43000000,1,45,алматы,43.232298371068,76.884929770359,2022,1714.0,11.0,6.0,3.0,2.0,2.0,2.0,0.0,2.0
38000000,2,60,алматы,43.213841094684,76.853923178663,2005,2618.0,7.0,9.0,2.0,1.0,2.0,1.0,0.0,2.0
33500000,3,62,алматы,43.255180988945,76.910050253967,1972,3308.0,4.0,4.0,2.0,4.0,2.0,2.0,0.0,2.0
21500000,1,30,алматы,43.345245,76.987659,1988,1098.0,2.0,9.0,3.0,2.0,3.0,2.0,0.0,2.0
39000000,2,44,алматы,43.261564,76.934955,1960,1126.0,4.0,4.0,1.0,2.0,2.0,2.0,0.0,2.0
29000000,1,34,алматы,43.246049,76.920824,1977,788.0,1.0,5.0,2.0,1.0,1.0,2.0,0.0,2.0
45000000,3,77,алматы,43.326931,76.920672,1992,1772.0,1.0,5.0,2.0,2.0,2.0,1.0,0.0,2.0
60000000,2,79,алматы,43.262552293758,76.917973704713,2019,1542.0,9.0,13.0,3.0,1.0,1.0,2.0,1.0,2.0
79000000,3,99,алматы,43.267796317297,76.925256130626,2024,2505.0,2.0,12.0,3.0,6.0,3.0,3.0,0.0,2.0
48000000,3,84,алматы,43.242128194793,76.877433379777,2011,463.0,9.0,18.0,3.0,2.0,2.0,1.0,0.0,2.0
50000000,4,75,алматы,43.215321,76.856424,1972,1516.0,3.0,4.0,2.0,1.0,2.0,2.0,0.0,2.0
22000000,1,26,алматы,43.260036749,76.901961301666,2024,2729.0,3.0,16.0,3.0,1.0,2.0,2.0,0.0,2.0
26000000,1,43,алматы,43.313578,76.97714,2016,756.0,5.0,9.0,3.0,2.0,2.0,2.0,0.0,2.0
25000000,1,30,алматы,43.261387,76.919055,1973,3181.0,1.0,5.0,2.0,1.0,2.0,2.0,0.0,2.0
35000000,3,59,алматы,43.175470400847,76.873167067706,1979,2328.0,3.0,5.0,2.0,1.0,2.0,2.0,0.0,2.0
25500000,1,36,алматы,43.209035838416,76.863756856483,1978,1206.0,4.0,5.0,1.0,1.0,2.0,2.0,0.0,2.0
25500000,1,37,алматы,43.260448661291,76.821791557008,2019,636.0,3.0,12.0,3.0,2.0,2.0,2.0,0.0,2.0
25000000,1,40,алматы,43.279603,76.827346,2015,2779.0,1.0,4.0,3.0,1.0,1.0,2.0,0.0,2.0
25800000,2,40,алматы,43.260356,76.813027,2018,1206.0,8.0,9.0,3.0,2.0,1.0,2.0,1.0,2.0
47000000,2,66,алматы,43.206168,76.863961,2015,1601.0,6.0,6.0,3.0,1.0,2.0,2.0,0.0,2.0
42000000,2,53,алматы,43.217109632327,76.88161884243,2022,1817.0,1.0,10.0,3.0,1.0,2.0,2.0,0.0,2.0
83000000,3,77,алматы,43.197309220898,76.894640553642,2020,1478.0,12.0,14.0,3.0,1.0,2.0,2.0,0.0,2.0
33500000,2,43,алматы,43.221214,76.889895,1977,241.0,4.0,5.0,2.0,2.0,1.0,2.0,0.0,2.0
60000000,3,62,алматы,43.182679448981,76.844165123163,2022,2167.0,3.0,3.0,3.0,1.0,1.0,1.0,0.0,2.0
40000000,3,66,алматы,43.244702,76.901807,1978,1401.0,1.0,5.0,2.0,2.0,2.0,1.0,0.0,2.0
50000000,2,68,алматы,43.285975,76.992779,2021,545.0,2.0,7.0,2.0,1.0,1.0,2.0,0.0,2.0
39500000,2,58,алматы,43.206079105223,76.873123406082,1979,2100.0,6.0,9.0,2.0,2.0,2.0,1.0,0.0,2.0
57000000,2,49,алматы,43.244335,76.935521,1985,1483.0,1.0,5.0,1.0,1.0,1.0,1.0,0.0,2.0
35500000,1,40,алматы,43.239961343223,76.82779041468,1990,2869.0,4.0,6.0,2.0,1.0,2.0,2.0,0.0,2.0
38900000,2,55,алматы,43.226673,76.845222,2019,1165.0,8.0,10.0,3.0,1.0,2.0,2.0,0.0,2.0
60000000,3,84,алматы,43.221009696864,76.886923955006,2025,1959.0,2.0,6.0,3.0,1.0,2.0,2.0,0.0,2.0
31500000,1,33,алматы,43.244092,76.941926,1964,2728.0,3.0,4.0,1.0,2.0,2.0,2.0,0.0,2.0
39500000,3,73,алматы,43.25643,76.862802,1990,2236.0,5.0,5.0,2.0,1.0,2.0,1.0,0.0,2.0
27000000,2,38,алматы,43.224499,76.889949,1962,292.0,1.0,4.0,1.0,2.0,1.0,2.0,0.0,2.0
49500000,2,50,алматы,43.236687773386,76.888340369766,2018,997.0,9.0,9.0,3.0,1.0,2.0,2.0,0.0,2.0
21000000,2,50,алматы,43.307136,76.8994,1980,1601.0,3.0,3.0,2.0,1.0,2.0,2.0,0.0,1.0
11500000,1,35,алматы,43.24489471552,76.803956143387,2013,2090.0,1.0,2.0,3.0,2.0,1.0,1.0,0.0,2.0
25000000,2,53,алматы,43.305811,76.925217,2006,192.0,6.0,6.0,3.0,2.0,2.0,1.0,0.0,2.0
55000000,2,65,алматы,43.230852529962,76.875666481443,2016,751.0,5.0,12.0,3.0,1.0,1.0,3.0,0.0,2.0
30000000,2,41,алматы,43.233669,76.901744,1964,1701.0,1.0,4.0,1.0,1.0,3.0,2.0,0.0,2.0
30500000,2,44,алматы,43.270477323394,76.940242472213,1966,1940.0,3.0,5.0,2.0,2.0,2.0,2.0,0.0,2.0
29700000,2,45,алматы,43.221378,76.855418,1965,1401.0,4.0,4.0,2.0,1.0,2.0,2.0,0.0,2.0
30000000,2,42,алматы,43.234648,76.858203,1962,722.0,2.0,4.0,2.0,2.0,1.0,2.0,0.0,2.0
23000000,1,33,алматы,43.249542,76.860511,1980,880.0,5.0,5.0,2.0,1.0,2.0,2.0,0.0,2.0
12000000,1,15,алматы,43.242778,76.840389,1976,1601.0,1.0,5.0,1.0,4.0,3.0,2.0,0.0,2.0
42000000,2,90,алматы,43.243934,76.917024,2008,577.0,19.0,19.0,3.0,2.0,2.0,2.0,0.0,2.0
24500000,1,32,алматы,43.196192,76.876394,1980,1601.0,5.0,5.0,2.0,1.0,2.0,2.0,0.0,2.0
53000000,2,70,алматы,43.169955343567,76.910242674013,2023,2066.0,3.0,3.0,3.0,6.0,2.0,2.0,0.0,2.0
21000000,1,31,алматы,43.225348803452,76.867099349876,1968,1601.0,1.0,4.0,2.0,1.0,2.0,2.0,0.0,2.0
16500000,1,28,алматы,43.319166,76.840434,2017,1717.0,5.0,5.0,3.0,1.0,2.0,2.0,0.0,2.0
31000000,3,59,алматы,43.220471759086,76.784947831667,2020,265.0,1.0,10.0,3.0,1.0,1.0,2.0,0.0,2.0
23000000,2,56,алматы,43.227157724937,76.769680603866,2024,1553.0,9.0,10.0,3.0,6.0,2.0,3.0,0.0,2.0
44900000,3,97,алматы,43.362905,76.994109,2007,1601.0,5.0,9.0,3.0,2.0,2.0,1.0,0.0,2.0
11500000,1,14,алматы,43.266416,76.935305,1983,1812.0,3.0,5.0,1.0,1.0,2.0,2.0,0.0,1.0
61000000,3,80,алматы,43.231050600665,76.875535601705,2016,751.0,12.0,12.0,3.0,1.0,1.0,3.0,0.0,2.0
38000000,3,63,алматы,43.255790058515,76.880558780425,1980,2374.0,5.0,5.0,2.0,1.0,1.0,1.0,0.0,2.0
23900000,1,38,алматы,43.320008231304,76.89719969382,2023,2027.0,4.0,8.0,3.0,1.0,1.0,2.0,0.0,2.0
36000000,2,56,алматы,43.221572460565,76.786434091249,2022,1124.0,5.0,6.0,3.0,1.0,1.0,2.0,0.0,2.0
49900000,3,115,алматы,43.24331255684,76.875931342729,2012,463.0,17.0,18.0,3.0,2.0,2.0,3.0,0.0,2.0
30500000,1,34,алматы,43.214737500488,76.898538550926,1987,1124.0,5.0,5.0,1.0,2.0,1.0,2.0,0.0,2.0
18600000,1,38,алматы,43.221128225175,76.782937732332,2025,3399.0,2.0,9.0,3.0,1.0,2.0,2.0,0.0,2.0
22000000,2,43,алматы,43.322486850959,77.018409478962,2024,1866.0,4.0,10.0,3.0,6.0,2.0,2.0,0.0,2.0
11490000,1,26,алматы,43.227354285108,76.769003839902,2025,1124.0,1.0,12.0,3.0,5.0,2.0,2.0,0.0,2.0
20000000,1,38,алматы,43.288175420935,77.002457442957,2019,193.0,1.0,9.0,3.0,1.0,1.0,2.0,0.0,2.0
61000000,4,95,алматы,43.222541,76.83791,1991,248.0,9.0,9.0,2.0,1.0,1.0,1.0,0.0,2.0
22000000,2,42,алматы,43.319868,76.840596,2019,1542.0,5.0,5.0,3.0,2.0,3.0,2.0,0.0,2.0
40800000,3,68,алматы,43.319710087159,76.987119912992,2024,2663.0,2.0,9.0,3.0,1.0,2.0,2.0,1.0,2.0
53000000,3,66,алматы,43.262554353583,76.918500452423,2019,1542.0,7.0,13.0,3.0,1.0,2.0,2.0,0.0,2.0
36200000,3,67,алматы,43.329273,76.965219,1992,2308.0,1.0,5.0,1.0,2.0,2.0,1.0,0.0,2.0
45000000,2,72,алматы,43.250974,76.81379,2016,578.0,9.0,9.0,3.0,1.0,2.0,2.0,0.0,2.0
44500000,2,55,алматы,43.194727434583,76.931100420965,2019,576.0,2.0,8.0,3.0,1.0,2.0,2.0,0.0,2.0
20000000,1,31,алматы,43.212603778913,76.786528587407,2024,3417.0,4.0,4.0,3.0,1.0,2.0,2.0,0.0,2.0
43000000,2,61,алматы,43.267116648719,76.925238943702,2024,1601.0,12.0,12.0,3.0,6.0,2.0,2.0,0.0,2.0
30000000,2,65,алматы,43.281559,76.817662,2013,1601.0,1.0,9.0,3.0,1.0,1.0,1.0,1.0,2.0
33000000,2,45,алматы,43.266580451429,76.951559219574,1973,1154.0,5.0,5.0,2.0,1.0,3.0,2.0,0.0,2.0
34900000,2,45,алматы,43.248570057182,76.895657457672,1978,939.0,1.0,5.0,2.0,1.0,1.0,2.0,0.0,2.0
40000000,2,48,алматы,43.229359190882,76.876878704133,2025,1401.0,3.0,16.0,3.0,1.0,2.0,2.0,0.0,2.0
39000000,2,67,алматы,43.24331255684,76.875931342729,2012,463.0,12.0,19.0,3.0,2.0,1.0,2.0,0.0,2.0
48000000,3,60,алматы,43.230330606431,76.906982077384,1983,2328.0,3.0,5.0,2.0,2.0,2.0,1.0,0.0,2.0
41500000,2,59,алматы,43.216353,76.890048,2015,3.0,6.0,12.0,3.0,1.0,3.0,1.0,0.0,2.0
40000000,3,63,алматы,43.219867,76.87413,1974,2034.0,1.0,5.0,2.0,1.0,2.0,1.0,0.0,2.0
48000000,1,48,алматы,43.230028241857,76.876761868133,2019,1401.0,2.0,16.0,2.0,2.0,2.0,2.0,0.0,2.0
35000000,3,58,алматы,43.176173621383,76.872802589423,1966,3244.0,4.0,4.0,2.0,2.0,1.0,2.0,0.0,2.0
43000000,3,70,алматы,43.274502302328,76.815229655076,2024,2147.0,6.0,12.0,3.0,1.0,2.0,2.0,0.0,2.0
30000000,2,45,алматы,43.237643,76.836014,1983,1601.0,5.0,5.0,2.0,2.0,2.0,2.0,0.0,2.0
42000000,3,59,алматы,43.241176,76.921633,1962,2301.0,4.0,4.0,1.0,4.0,2.0,1.0,0.0,2.0
53000000,1,39,алматы,43.240405217908,76.909024952709,2022,984.0,11.0,14.0,3.0,1.0,2.0,2.0,0.0,2.0
75500000,4,105,алматы,43.252799,76.910467,1976,630.0,5.0,5.0,1.0,1.0,1.0,2.0,0.0,2.0
35500000,2,50,алматы,43.24238630703,76.876381954007,2012,463.0,14.0,19.0,3.0,1.0,2.0,2.0,0.0,2.0
66000000,3,92,алматы,43.209375,76.882412,2008,475.0,7.0,10.0,3.0,2.0,1.0,1.0,1.0,2.0
21000000,2,50,алматы,43.221705980823,76.786440765848,2019,1124.0,6.0,6.0,3.0,6.0,1.0,2.0,0.0,2.0
50900000,3,75,алматы,43.228243,76.837964,1987,2077.0,3.0,9.0,2.0,1.0,1.0,1.0,0.0,2.0
56000000,3,71,алматы,43.260447483795,76.916198593918,1978,1388.0,3.0,8.0,2.0,2.0,2.0,1.0,0.0,2.0
32500000,2,56,алматы,43.297497567618,76.995814620644,2025,2960.0,2.0,9.0,3.0,1.0,2.0,2.0,0.0,2.0
70000000,2,65,алматы,43.233894267748,76.875101566839,2019,1206.0,4.0,12.0,3.0,1.0,2.0,2.0,0.0,2.0
58500000,3,75,алматы,43.268821943984,76.947355162081,2017,1794.0,13.0,16.0,3.0,1.0,1.0,2.0,0.0,2.0
80500000,2,73,алматы,43.227276440024,76.940733169686,2024,2031.0,11.0,21.0,3.0,6.0,2.0,2.0,0.0,2.0
27900000,1,34,алматы,43.24771183422,76.854029477247,2025,3433.0,7.0,10.0,3.0,1.0,1.0,2.0,0.0,2.0
30500000,2,53,алматы,43.242305,76.833239,2000,1601.0,1.0,12.0,3.0,1.0,2.0,1.0,0.0,2.0
65000000,3,89,алматы,43.218298294283,76.880121253562,2008,534.0,5.0,16.0,3.0,1.0,2.0,2.0,0.0,2.0
24500000,2,46,алматы,43.368935,76.987336,1969,1601.0,2.0,4.0,2.0,1.0,2.0,2.0,0.0,2.0
35000000,1,47,алматы,43.230189904702,76.841682910838,2019,1474.0,9.0,10.0,3.0,1.0,2.0,2.0,0.0,2.0
34500000,3,65,алматы,43.239941,76.859658,1978,1601.0,2.0,5.0,2.0,2.0,2.0,1.0,0.0,2.0
23000000,1,33,алматы,43.220038,76.870842,1975,282.0,2.0,2.0,2.0,2.0,2.0,2.0,0.0,2.0
21500000,1,41,алматы,43.327259,76.924741,1985,939.0,1.0,5.0,2.0,2.0,2.0,1.0,0.0,2.0
80000000,3,105,алматы,43.235630925078,76.937092745678,2008,63.0,9.0,10.0,3.0,2.0,2.0,2.0,0.0,2.0
20500000,2,41,алматы,43.209059541386,76.7845168711,2025,3172.0,1.0,9.0,3.0,1.0,2.0,2.0,0.0,2.0
37000000,2,44,алматы,43.250271363923,76.896496271164,1978,789.0,4.0,5.0,2.0,1.0,2.0,2.0,0.0,2.0
28500000,3,76,алматы,43.365731834418,76.928858756801,2024,2734.0,9.0,9.0,3.0,6.0,2.0,2.0,0.0,2.0
44000000,2,55,алматы,43.236644164986,76.853309730824,2021,1634.0,13.0,13.0,3.0,1.0,1.0,2.0,0.0,2.0
30500000,2,44,алматы,43.241058,76.889967,1983,70.0,5.0,5.0,1.0,4.0,2.0,2.0,0.0,2.0
52500000,2,44,алматы,43.240634338746,76.910974843269,2020,1124.0,12.0,16.0,3.0,1.0,2.0,2.0,0.0,2.0
70000000,3,92,алматы,43.215347361947,76.880843493499,2023,1770.0,10.0,15.0,3.0,5.0,2.0,2.0,0.0,2.0
33500000,2,52,алматы,43.206063,76.835538,1992,1967.0,5.0,5.0,2.0,2.0,2.0,2.0,0.0,2.0
37000000,1,33,алматы,43.200628,76.895294,1989,2869.0,5.0,5.0,1.0,2.0,1.0,2.0,0.0,2.0
55000000,2,60,алматы,43.20994,76.859595,1993,2555.0,4.0,5.0,1.0,1.0,1.0,1.0,0.0,2.0
26000000,1,40,алматы,43.2131,76.87757,1989,193.0,11.0,12.0,3.0,2.0,2.0,2.0,0.0,2.0
47000000,3,80,алматы,43.241688,76.809541,2023,11.0,3.0,9.0,3.0,1.0,1.0,2.0,0.0,2.0
31500000,1,34,алматы,43.244092,76.941926,1964,1773.0,3.0,4.0,1.0,1.0,2.0,2.0,0.0,2.0
31000000,2,51,алматы,43.288401191144,77.004451272573,2020,2691.0,1.0,9.0,3.0,1.0,3.0,2.0,0.0,2.0
36500000,3,56,алматы,43.194041653137,76.906130866409,1978,1198.0,5.0,5.0,2.0,1.0,2.0,2.0,0.0,2.0
36000000,3,76,алматы,43.313578,76.97714,2016,1855.0,2.0,5.0,3.0,2.0,2.0,1.0,1.0,2.0
30000000,2,50,алматы,43.201019725116,76.841783500659,1978,2453.0,1.0,4.0,1.0,1.0,2.0,1.0,0.0,2.0
48000000,1,46,алматы,43.232006238318,76.884004690201,2022,1714.0,2.0,17.0,3.0,1.0,1.0,2.0,0.0,2.0
33900000,1,36,алматы,43.267796317297,76.925256130626,2024,2505.0,6.0,12.0,3.0,1.0,2.0,2.0,0.0,2.0
54000000,3,69,алматы,43.26665041551,76.929558019731,2024,3171.0,8.0,12.0,3.0,1.0,2.0,2.0,0.0,2.0
38000000,1,48,алматы,43.212693622709,76.87087775448,2017,1060.0,15.0,17.0,3.0,2.0,1.0,2.0,0.0,2.0
28000000,2,41,алматы,43.288508,77.003829,2020,1601.0,1.0,9.0,3.0,1.0,1.0,2.0,0.0,2.0
52000000,1,35,алматы,43.223405270081,76.963103141599,1980,1904.0,5.0,5.0,1.0,1.0,1.0,2.0,0.0,2.0
39000000,1,37,алматы,43.228118,76.927903,1988,1428.0,5.0,9.0,1.0,2.0,2.0,2.0,1.0,2.0
70000000,3,75,алматы,43.233894267748,76.875101566839,2019,1206.0,10.0,16.0,3.0,1.0,2.0,2.0,0.0,2.0
27500000,2,68,алматы,43.221705980823,76.786440765848,2020,1124.0,6.0,10.0,3.0,2.0,1.0,2.0,0.0,2.0
45000000,3,62,алматы,43.228276,76.855175,1969,864.0,2.0,4.0,2.0,1.0,2.0,1.0,0.0,2.0
46500000,1,46,алматы,43.240476251966,76.871208544219,2021,3392.0,4.0,6.0,2.0,1.0,2.0,2.0,0.0,2.0
35000000,2,40,алматы,43.230076,76.841844,2019,1601.0,7.0,10.0,3.0,2.0,1.0,2.0,0.0,2.0
23000000,1,31,алматы,43.215978,76.86556,1968,3231.0,3.0,4.0,2.0,1.0,2.0,2.0,0.0,2.0
27000000,2,46,алматы,43.229715,76.84807,1968,2059.0,2.0,4.0,2.0,1.0,1.0,2.0,0.0,2.0
42499999,3,62,алматы,43.218436212484,76.887342775,2023,1959.0,6.0,11.0,3.0,1.0,2.0,2.0,0.0,2.0
36999999,3,63,алматы,43.266304,76.933922,1972,685.0,2.0,4.0,2.0,1.0,1.0,1.0,0.0,2.0
33500000,2,62,алматы,43.30621390683,76.923040965606,2006,508.0,4.0,5.0,3.0,2.0,2.0,1.0,0.0,2.0
48000000,2,60,алматы,43.247202586431,76.899333246696,1982,1601.0,7.0,9.0,2.0,2.0,2.0,1.0,0.0,2.0
38900000,2,65,алматы,43.208425967079,76.861031338618,2005,2066.0,5.0,9.0,3.0,1.0,2.0,2.0,0.0,2.0
38500000,3,53,алматы,43.231757,76.832197,2017,1601.0,7.0,10.0,3.0,1.0,1.0,2.0,1.0,2.0
25500000,2,55,алматы,43.245499974918,76.808356250691,2024,2691.0,11.0,12.0,3.0,1.0,2.0,1.0,0.0,2.0
57000000,2,72,алматы,43.206632334711,76.884845495224,2016,123.0,6.0,16.0,3.0,1.0,1.0,2.0,0.0,2.0
14500000,1,20,алматы,43.203119,76.869917,1975,1601.0,4.0,5.0,3.0,1.0,1.0,2.0,0.0,2.0
75000000,3,88,алматы,43.200674256746,76.899601562852,2023,2080.0,19.0,20.0,3.0,1.0,2.0,3.0,0.0,2.0
37000000,2,63,алматы,43.312495,76.975604,2016,2543.0,7.0,9.0,3.0,1.0,1.0,1.0,0.0,2.0
31000000,2,70,алматы,43.326561969003,77.020007866742,2023,2008.0,3.0,4.0,3.0,6.0,2.0,2.0,0.0,2.0
32000000,1,33,алматы,43.265687,76.965147,2014,1206.0,5.0,9.0,3.0,2.0,2.0,2.0,0.0,2.0
24800000,1,45,алматы,43.245859611749,76.809774582092,2024,2691.0,10.0,12.0,2.0,1.0,2.0,2.0,0.0,2.0
30000000,2,60,алматы,43.279084,76.819593,2014,3305.0,1.0,5.0,3.0,2.0,2.0,2.0,0.0,2.0
31500000,1,30,алматы,43.246460463984,76.935177024524,2019,1179.0,9.0,12.0,3.0,1.0,1.0,2.0,1.0,2.0
48000000,3,77,алматы,43.362754,76.992061,2006,349.0,2.0,5.0,1.0,2.0,1.0,1.0,0.0,2.0
23000000,1,41,алматы,43.228388,76.779483,2019,293.0,4.0,6.0,2.0,1.0,1.0,1.0,0.0,2.0
20000000,1,42,алматы,43.29486,76.941557,2012,3075.0,5.0,5.0,3.0,2.0,3.0,2.0,0.0,2.0
48000000,1,48,алматы,43.260301162626,76.960063593192,2015,709.0,6.0,12.0,3.0,1.0,2.0,2.0,0.0,2.0
73000000,4,85,алматы,43.213637635297,76.900536798885,1989,1828.0,2.0,5.0,2.0,2.0,1.0,1.0,1.0,2.0
35800000,3,60,алматы,43.221353574561,76.863227390213,1969,1601.0,3.0,4.0,2.0,2.0,2.0,2.0,0.0,2.0
58500000,4,75,алматы,43.234292042689,76.881970828953,1975,1421.0,4.0,5.0,2.0,1.0,2.0,1.0,0.0,2.0
58000000,2,55,алматы,43.178061899624,76.924811391207,2020,48.0,2.0,3.0,3.0,1.0,2.0,2.0,0.0,2.0
40000000,3,62,алматы,43.222942,76.785349,2021,1601.0,2.0,10.0,3.0,1.0,1.0,2.0,1.0,2.0
35000000,3,56,алматы,43.218415,76.895636,1971,1601.0,1.0,4.0,2.0,1.0,2.0,1.0,0.0,2.0
45500000,3,59,алматы,43.225549442501,76.895900791852,1962,876.0,4.0,4.0,2.0,2.0,1.0,2.0,0.0,2.0
50000000,1,43,алматы,43.204436181418,76.897387504578,2018,871.0,5.0,12.0,3.0,1.0,1.0,2.0,0.0,2.0
42000000,2,51,алматы,43.237511,76.908293,1977,2555.0,4.0,5.0,1.0,2.0,2.0,1.0,0.0,2.0
42000000,2,43,алматы,43.225865,76.932943,1962,1126.0,4.0,1.0,1.0,1.0,1.0,2.0,0.0,2.0
57000000,2,62,алматы,43.25033,76.957215,1984,1099.0,5.0,5.0,1.0,2.0,1.0,1.0,0.0,2.0
24500000,1,46,алматы,43.27896,76.821767,2013,2075.0,1.0,5.0,3.0,4.0,2.0,2.0,0.0,2.0
42000000,2,94,алматы,43.223841127129,76.792911683095,2013,92.0,12.0,16.0,3.0,1.0,1.0,2.0,0.0,2.0
46500000,2,70,алматы,43.212394906115,76.843886229415,2015,512.0,16.0,17.0,3.0,2.0,1.0,1.0,0.0,2.0
27000000,1,30,алматы,43.228237,76.894333,1981,1601.0,3.0,5.0,1.0,2.0,1.0,2.0,0.0,2.0
37500000,2,60,алматы,43.209938373078,76.78556108135,2024,3225.0,4.0,9.0,3.0,1.0,2.0,2.0,0.0,2.0
25000000,2,44,алматы,43.361443,76.993893,1994,2218.0,1.0,5.0,2.0,1.0,2.0,2.0,0.0,2.0
47000000,3,76,алматы,43.266321518601,76.891963558196,2016,3343.0,2.0,9.0,3.0,1.0,2.0,1.0,0.0,2.0
40000000,2,64,алматы,43.213842670809,76.849431846318,2005,2147.0,1.0,9.0,3.0,1.0,1.0,1.0,0.0,2.0
52000000,1,52,алматы,43.238011305107,76.890220096604,2024,3020.0,7.0,9.0,3.0,1.0,2.0,2.0,0.0,2.0
67000000,4,96,алматы,43.219147758587,76.939090901479,1995,1601.0,1.0,5.0,1.0,1.0,1.0,1.0,0.0,2.0
35000000,2,70,алматы,43.272938291562,76.829100275852,2020,997.0,5.0,7.0,3.0,1.0,2.0,2.0,0.0,2.0
61000000,3,88,алматы,43.22081065743,76.842370100385,2010,529.0,11.0,11.0,3.0,1.0,1.0,3.0,0.0,2.0
67000000,3,66,алматы,43.2136,76.876133,1988,2981.0,7.0,9.0,3.0,1.0,1.0,1.0,0.0,2.0
34000000,2,47,алматы,43.219684052644,76.842007789024,2008,209.0,10.0,12.0,3.0,2.0,2.0,2.0,0.0,2.0
18000000,3,45,алматы,43.311853,76.939096,1963,2031.0,2.0,2.0,2.0,4.0,2.0,2.0,0.0,2.0
34000000,3,58,алматы,43.210862876107,76.861390982803,1969,1527.0,1.0,4.0,2.0,2.0,2.0,2.0,1.0,2.0
48500000,3,84,алматы,43.244354275969,76.814638689127,2010,1601.0,9.0,6.0,2.0,1.0,2.0,2.0,0.0,2.0
22500000,1,36,алматы,43.230469366362,76.780980100066,2019,1821.0,9.0,9.0,3.0,1.0,2.0,2.0,0.0,2.0
24499999,1,31,алматы,43.190807723865,76.90351684607,1976,2760.0,5.0,5.0,2.0,2.0,2.0,2.0,0.0,2.0
30000000,2,50,алматы,43.235731,76.820806,1991,2839.0,5.0,5.0,2.0,1.0,2.0,1.0,0.0,2.0
40500000,3,72,алматы,43.244781,76.838269,1976,1785.0,4.0,9.0,2.0,1.0,2.0,1.0,0.0,2.0
58000000,3,72,алматы,43.250619,76.891072,1989,1124.0,8.0,9.0,2.0,1.0,2.0,2.0,0.0,2.0
23500000,1,36,алматы,43.266344,76.820644,2020,1495.0,11.0,12.0,3.0,6.0,2.0,2.0,0.0,2.0
18000000,2,40,алматы,43.32865,76.964797,1957,1601.0,2.0,2.0,1.0,1.0,2.0,2.0,0.0,2.0
15600000,1,30,алматы,43.334932,76.907763,2015,2274.0,4.0,4.0,2.0,2.0,2.0,2.0,0.0,2.0
35000000,2,42,алматы,43.246856,76.921705,1967,1601.0,4.0,4.0,2.0,1.0,2.0,2.0,0.0,2.0
25000000,1,34,алматы,43.331337987179,76.949954276662,2007,1601.0,2.0,5.0,2.0,1.0,2.0,2.0,0.0,2.0
55000000,3,70,алматы,43.245479794248,76.869882493618,2020,1418.0,7.0,13.0,3.0,1.0,2.0,2.0,0.0,2.0
35500000,3,59,алматы,43.261367,76.915102,1971,996.0,4.0,4.0,2.0,2.0,2.0,1.0,0.0,2.0
28500000,1,46,алматы,43.231096989712,76.832493562958,2020,957.0,8.0,10.0,3.0,1.0,2.0,2.0,0.0,2.0
35000000,2,65,алматы,43.175291961258,76.801068733139,2025,1974.0,4.0,4.0,3.0,1.0,3.0,1.0,0.0,2.0
71000000,3,79,алматы,43.28881622453,77.005354635118,2022,2561.0,6.0,9.0,3.0,1.0,1.0,3.0,1.0,2.0
44500000,2,83,алматы,43.24824223041,76.868593441803,2016,1522.0,4.0,13.0,3.0,1.0,2.0,2.0,0.0,2.0
43000000,2,53,алматы,43.256726,76.911347,1983,1601.0,4.0,5.0,1.0,1.0,1.0,1.0,0.0,2.0
35000000,2,45,алматы,43.214046,76.874076,1987,371.0,5.0,5.0,2.0,1.0,2.0,2.0,0.0,2.0
41000000,3,60,алматы,43.307254,76.990084,2021,1689.0,1.0,10.0,3.0,1.0,1.0,2.0,0.0,2.0
85000000,2,83,алматы,43.236381,76.88076,2021,1601.0,18.0,18.0,3.0,1.0,2.0,2.0,0.0,2.0
27500000,2,62,алматы,43.213914774889,76.789336410704,2019,1064.0,9.0,9.0,3.0,2.0,2.0,2.0,0.0,2.0
50000000,3,74,алматы,43.239508,76.8243,2006,1601.0,2.0,9.0,3.0,1.0,1.0,1.0,0.0,2.0
27500000,2,42,алматы,43.205379,76.837092,1985,1601.0,1.0,5.0,2.0,1.0,2.0,2.0,0.0,2.0
69000000,3,59,алматы,43.264807,76.942016,1973,1601.0,1.0,9.0,3.0,4.0,2.0,1.0,0.0,2.0
37500000,2,54,алматы,43.17879437925,76.923752794737,2022,2003.0,1.0,3.0,3.0,5.0,2.0,2.0,0.0,2.0
37500000,2,66,алматы,43.241517,76.811778,2015,2086.0,9.0,16.0,3.0,1.0,2.0,2.0,1.0,2.0
56646100,1,53,алматы,43.231247539496,76.945520532391,2025,979.0,16.0,33.0,3.0,6.0,2.0,2.0,0.0,2.0
24500000,1,40,алматы,43.317111924364,76.974761511069,2021,1244.0,6.0,7.0,3.0,1.0,1.0,2.0,0.0,2.0
30500000,1,30,алматы,43.221411,76.954888,1964,1601.0,2.0,4.0,1.0,1.0,2.0,2.0,0.0,2.0
28500000,2,44,алматы,43.209769426724,76.869118373016,1962,561.0,4.0,4.0,1.0,1.0,2.0,2.0,0.0,2.0
35000000,3,72,алматы,43.217699,76.778082,2020,349.0,6.0,11.0,3.0,1.0,1.0,2.0,0.0,2.0
40500000,2,55,алматы,43.17913357348,76.923533926547,2022,2003.0,3.0,3.0,3.0,6.0,2.0,2.0,0.0,2.0
26000000,2,63,алматы,43.280548,76.81794,2017,3077.0,5.0,9.0,3.0,2.0,1.0,1.0,0.0,2.0
18000000,2,45,алматы,43.311682,76.938925,1963,768.0,2.0,2.0,2.0,4.0,2.0,2.0,0.0,2.0
75000000,2,71,алматы,43.236440964573,76.937336080835,2021,1667.0,10.0,10.0,3.0,1.0,1.0,2.0,0.0,2.0
80000000,4,95,алматы,43.195561,76.888575,1989,2375.0,6.0,9.0,2.0,4.0,2.0,1.0,0.0,2.0
40000000,2,68,алматы,43.325187,77.021867,2023,1601.0,2.0,4.0,3.0,1.0,2.0,2.0,1.0,2.0
35000000,1,47,алматы,43.288447548674,76.949766920982,2022,2236.0,4.0,13.0,3.0,1.0,1.0,2.0,0.0,2.0
33500000,3,60,алматы,43.224998,76.870528,1975,1935.0,3.0,4.0,2.0,2.0,2.0,2.0,0.0,2.0
32000000,2,63,алматы,43.294755,76.941135,2015,1601.0,2.0,6.0,3.0,1.0,2.0,2.0,0.0,2.0
57000000,3,85,алматы,43.170298994872,76.871190827645,2013,120.0,8.0,10.0,3.0,1.0,2.0,3.0,0.0,2.0
35000000,3,54,алматы,43.293337811974,77.008923761423,2021,2021.0,3.0,5.0,3.0,1.0,2.0,2.0,1.0,2.0
68000000,2,65,алматы,43.233945257662,76.874768972921,2021,1206.0,9.0,12.0,3.0,1.0,2.0,2.0,0.0,2.0
39500000,2,55,алматы,43.217345,76.838557,1992,2711.0,2.0,9.0,2.0,1.0,1.0,2.0,0.0,2.0
52000000,3,60,алматы,43.213922,76.865111,1967,2328.0,2.0,4.0,2.0,1.0,1.0,2.0,0.0,2.0
24900000,1,32,алматы,43.26504100982,76.946537813488,1972,2266.0,2.0,4.0,2.0,2.0,2.0,2.0,0.0,2.0
17500000,1,28,алматы,43.221705980823,76.786440765848,2020,1124.0,4.0,10.0,3.0,1.0,2.0,2.0,0.0,2.0
45000000,2,54,алматы,43.195647405955,76.893873933617,2012,7.0,17.0,17.0,3.0,1.0,2.0,2.0,0.0,2.0
70000000,3,87,алматы,43.258322440143,76.866277456229,2023,2981.0,2.0,12.0,3.0,1.0,1.0,2.0,0.0,2.0
31000000,2,52,алматы,43.235961,76.822252,1990,2974.0,2.0,5.0,2.0,4.0,2.0,1.0,0.0,2.0
32000000,1,31,алматы,43.228602334952,76.926127791886,1970,758.0,4.0,4.0,2.0,2.0,1.0,2.0,0.0,2.0
33000000,3,60,алматы,43.207633425926,76.787427811855,2021,2403.0,4.0,10.0,3.0,2.0,2.0,2.0,0.0,2.0
34500000,1,48,алматы,43.214819466228,76.874148845673,2017,1060.0,7.0,17.0,3.0,2.0,2.0,2.0,0.0,2.0
34500000,2,44,алматы,43.231096989712,76.832493562958,2019,957.0,6.0,10.0,3.0,1.0,1.0,2.0,0.0,2.0
32500000,2,48,алматы,43.211616644302,76.82944546612,2024,3104.0,4.0,7.0,3.0,6.0,2.0,2.0,0.0,2.0
56000000,2,58,алматы,43.202760176594,76.89849162937,2016,875.0,6.0,10.0,3.0,2.0,2.0,2.0,0.0,2.0
47500000,3,57,алматы,43.25170805836,76.90920828836,1978,1601.0,5.0,5.0,1.0,2.0,2.0,2.0,0.0,2.0
39000000,2,45,алматы,43.223598689278,76.896990537643,2019,1241.0,12.0,13.0,3.0,1.0,1.0,2.0,0.0,2.0
38000000,3,75,алматы,43.213914774889,76.789336410704,2018,1064.0,8.0,9.0,3.0,2.0,3.0,1.0,0.0,2.0
48500000,2,55,алматы,43.24134,76.940767,1972,1206.0,7.0,9.0,2.0,2.0,1.0,2.0,0.0,2.0
59000000,2,70,алматы,43.207247921222,76.912218450597,2005,29.0,2.0,13.0,2.0,1.0,2.0,3.0,0.0,2.0
27800000,1,45,алматы,43.258197559615,76.820061777958,2024,3014.0,1.0,6.0,3.0,1.0,1.0,2.0,0.0,2.0
28000000,1,49,алматы,43.25375701751,76.818198193499,2018,1083.0,7.0,9.0,3.0,1.0,1.0,2.0,0.0,2.0
23500000,1,38,алматы,43.227386936536,76.80276428194,2025,3392.0,2.0,12.0,3.0,6.0,2.0,2.0,0.0,2.0
22500000,2,48,алматы,43.24739267165,76.806197081648,2024,2691.0,11.0,12.0,3.0,6.0,2.0,2.0,0.0,2.0
21500000,1,30,алматы,43.241340485664,76.810090851075,2023,11.0,1.0,8.0,3.0,1.0,1.0,2.0,0.0,2.0
12500000,1,20,алматы,43.181799182106,76.815093139333,2014,1171.0,2.0,4.0,1.0,1.0,1.0,2.0,0.0,2.0
22500000,1,40,алматы,43.230014352671,76.783748139769,2020,1821.0,9.0,9.0,3.0,1.0,1.0,2.0,0.0,2.0
19600000,1,35,алматы,43.270510961306,76.860428855156,1989,1601.0,3.0,3.0,1.0,1.0,2.0,2.0,0.0,2.0
31500000,2,56,алматы,43.228992,76.840946,1989,2403.0,9.0,9.0,2.0,1.0,2.0,1.0,0.0,2.0
32500000,2,68,алматы,43.253679,76.825127,2010,764.0,9.0,10.0,3.0,1.0,2.0,1.0,0.0,2.0
18000000,2,37,алматы,43.384294,77.000056,1970,452.0,1.0,2.0,1.0,2.0,2.0,2.0,0.0,2.0
21000000,3,45,алматы,43.311118,76.938018,1962,2854.0,2.0,2.0,2.0,1.0,1.0,2.0,0.0,2.0
29000000,1,42,алматы,43.222916310584,76.892117635581,1975,3100.0,5.0,5.0,1.0,1.0,2.0,2.0,0.0,2.0
47500000,2,51,алматы,43.233998954137,76.927012033065,1985,1661.0,4.0,5.0,1.0,2.0,2.0,1.0,0.0,2.0
84000000,3,78,алматы,43.208602059143,76.88996462735,2019,953.0,11.0,12.0,3.0,1.0,1.0,1.0,0.0,2.0
45000000,3,62,алматы,43.233143,76.899265,1972,1601.0,1.0,4.0,2.0,1.0,2.0,1.0,0.0,2.0
15500000,1,31,алматы,43.311606030677,76.896287638881,2014,818.0,2.0,7.0,3.0,2.0,1.0,2.0,0.0,2.0
36000000,1,45,алматы,43.233774,76.887802,1987,1623.0,5.0,5.0,2.0,1.0,2.0,1.0,0.0,2.0
30500000,1,32,алматы,43.199202,76.892806,1984,2100.0,5.0,5.0,1.0,2.0,1.0,2.0,0.0,2.0
20000000,1,22,алматы,43.230455253052,76.798001310384,2022,2599.0,3.0,12.0,3.0,1.0,1.0,2.0,0.0,2.0
50500000,3,71,алматы,43.224394,76.845177,1991,2519.0,6.0,9.0,2.0,2.0,2.0,1.0,0.0,2.0
40500000,3,58,алматы,43.265943,76.935916,1972,3192.0,4.0,5.0,2.0,1.0,2.0,1.0,0.0,2.0
64000000,2,84,алматы,43.268967369064,76.945720911026,2020,1440.0,9.0,16.0,3.0,1.0,2.0,1.0,0.0,2.0
50000000,1,46,алматы,43.26101397057,76.935785792394,2019,1461.0,13.0,15.0,3.0,1.0,1.0,2.0,0.0,2.0
25500000,1,47,алматы,43.221705980823,76.786440765848,2020,1124.0,4.0,9.0,3.0,1.0,1.0,2.0,0.0,2.0
50000000,2,50,алматы,43.236848,76.956658,1986,2223.0,5.0,9.0,2.0,1.0,1.0,1.0,0.0,2.0
15500000,1,20,алматы,43.214539,76.868515,1979,396.0,4.0,4.0,1.0,1.0,2.0,2.0,0.0,2.0
30500000,2,35,алматы,43.196029690453,76.875039380286,1984,1601.0,4.0,5.0,1.0,2.0,2.0,2.0,0.0,2.0
65000000,2,68,алматы,43.211168,76.979143,2019,5.0,1.0,4.0,3.0,2.0,1.0,1.0,0.0,2.0
38500000,2,68,алматы,43.207454968335,76.79055953019,2018,1785.0,2.0,9.0,3.0,1.0,1.0,2.0,1.0,2.0
76000000,3,110,алматы,43.212810816248,76.843896958251,2014,512.0,12.0,17.0,3.0,2.0,1.0,3.0,0.0,2.0
60000000,3,69,алматы,43.1815445035,76.866313761973,2021,1630.0,3.0,4.0,3.0,6.0,2.0,3.0,0.0,2.0
37900000,2,60,алматы,43.323796366648,76.91425574736,1985,1601.0,2.0,5.0,2.0,2.0,2.0,1.0,0.0,2.0
31000000,2,56,алматы,43.228992,76.840946,1989,2075.0,9.0,6.0,2.0,1.0,2.0,1.0,0.0,2.0
60000000,2,74,алматы,43.239541,76.896013,1974,758.0,5.0,7.0,1.0,1.0,2.0,3.0,0.0,2.0
32000000,2,44,алматы,43.199870322649,76.884909348548,1973,1601.0,4.0,5.0,2.0,1.0,2.0,2.0,0.0,2.0
26000000,2,42,алматы,43.321344,76.918884,1984,1601.0,5.0,5.0,2.0,1.0,2.0,2.0,0.0,2.0
80000000,3,110,алматы,43.24320617919,76.855535171577,2023,2375.0,6.0,12.0,3.0,1.0,2.0,1.0,0.0,2.0
20500000,1,40,алматы,43.356324,76.921579,2008,1601.0,3.0,6.0,3.0,1.0,1.0,2.0,0.0,2.0
19500000,1,39,алматы,43.281447,76.819979,2016,3380.0,6.0,9.0,3.0,1.0,2.0,2.0,0.0,2.0
72000000,2,77,алматы,43.232298371068,76.884929770359,2022,1714.0,8.0,17.0,3.0,1.0,1.0,2.0,0.0,2.0
45000000,2,50,алматы,43.229971,76.927184,1987,2140.0,3.0,5.0,1.0,1.0,1.0,1.0,0.0,2.0
32000000,1,35,алматы,43.215925,76.966234,1983,1032.0,4.0,5.0,1.0,1.0,2.0,2.0,0.0,2.0
40000000,3,60,алматы,43.2687,76.942941,1971,2183.0,1.0,4.0,2.0,2.0,2.0,2.0,0.0,2.0
85000000,3,105,алматы,43.230463596816,76.876432081727,2019,1401.0,4.0,16.0,3.0,1.0,1.0,2.0,0.0,2.0
23500000,1,31,алматы,43.245771861894,76.908825628311,1964,123.0,1.0,4.0,1.0,1.0,2.0,2.0,0.0,2.0
19000000,1,36,алматы,43.31236168932,76.897063649572,2025,1397.0,3.0,10.0,2.0,1.0,2.0,2.0,0.0,2.0
23000000,1,45,алматы,43.311557613535,76.896314898147,2014,2161.0,2.0,6.0,3.0,1.0,2.0,2.0,0.0,2.0
33500000,2,46,алматы,43.238746,76.908446,1974,463.0,2.0,5.0,2.0,1.0,1.0,2.0,0.0,2.0
22400000,1,40,алматы,43.295894789845,76.977642002208,2020,1428.0,8.0,9.0,3.0,2.0,2.0,2.0,0.0,2.0
23000000,2,40,алматы,43.3585665448,76.979039670077,1950,3172.0,1.0,2.0,1.0,1.0,1.0,2.0,0.0,2.0
50500000,3,68,алматы,43.23390861718,76.878791435973,1980,3251.0,4.0,5.0,2.0,2.0,2.0,2.0,0.0,2.0
12800000,1,18,алматы,43.213212,76.868048,1964,2102.0,4.0,4.0,1.0,1.0,1.0,2.0,0.0,1.0
25500000,1,30,алматы,43.261494803805,76.899913108869,2025,1992.0,3.0,12.0,3.0,6.0,2.0,2.0,0.0,2.0
55000000,3,76,алматы,43.237285422135,76.882590165418,2024,2555.0,3.0,22.0,3.0,6.0,3.0,3.0,0.0,2.0
10500003,1,13,алматы,43.254835,76.913234,1978,1495.0,4.0,5.0,2.0,1.0,2.0,2.0,0.0,1.0
53000000,3,74,алматы,43.222107857053,76.838634196429,1990,2539.0,3.0,9.0,2.0,2.0,3.0,1.0,1.0,2.0
59999999,3,99,алматы,43.196659,76.824202,2010,2542.0,1.0,3.0,3.0,2.0,1.0,2.0,0.0,2.0
45000000,3,73,алматы,43.238572535236,76.831016424606,1983,1124.0,4.0,9.0,2.0,1.0,1.0,2.0,0.0,2.0
25000000,1,35,алматы,43.324761,76.91636,1986,1124.0,5.0,5.0,2.0,1.0,2.0,2.0,0.0,2.0
39000000,3,78,алматы,43.357681,76.995016,2007,777.0,4.0,6.0,3.0,1.0,1.0,1.0,0.0,2.0
15000000,1,22,алматы,43.209747559958,76.879288984131,1972,678.0,2.0,4.0,1.0,1.0,2.0,2.0,0.0,1.0
25000000,1,39,алматы,43.29662721609,76.976615488475,2021,1428.0,7.0,9.0,3.0,1.0,2.0,2.0,0.0,2.0
42500000,2,41,алматы,43.234341410365,76.875573635624,2019,1206.0,12.0,6.0,3.0,1.0,1.0,2.0,0.0,2.0
18500000,1,29,алматы,43.329190252207,76.939827966339,2021,1689.0,1.0,10.0,3.0,1.0,2.0,2.0,0.0,2.0
25000000,1,37,алматы,43.297664771908,76.895389647147,2021,1537.0,2.0,8.0,3.0,1.0,1.0,2.0,0.0,2.0
30500000,2,43,алматы,43.227718,76.893489,1961,1442.0,3.0,4.0,2.0,1.0,2.0,2.0,0.0,2.0
23500000,1,29,алматы,43.22218,76.896372,1961,1599.0,4.0,4.0,1.0,4.0,2.0,2.0,0.0,2.0
31000000,2,53,алматы,43.242305,76.833239,1994,1601.0,11.0,12.0,3.0,2.0,2.0,1.0,0.0,2.0
35500000,2,55,алматы,43.211274,76.871588,1985,349.0,3.0,5.0,2.0,1.0,2.0,1.0,0.0,2.0
62000000,2,57,алматы,43.227276440024,76.940733169686,2025,2031.0,18.0,21.0,3.0,6.0,2.0,2.0,0.0,2.0
27000000,2,41,алматы,43.24155,76.837245,1990,2287.0,1.0,12.0,3.0,1.0,2.0,2.0,0.0,2.0
48500000,2,50,алматы,43.219810988901,76.893823321633,2020,1727.0,4.0,10.0,3.0,1.0,2.0,2.0,0.0,2.0
35500000,2,58,алматы,43.268326,76.821587,2018,1601.0,2.0,12.0,3.0,2.0,1.0,1.0,0.0,2.0
30500000,2,54,алматы,43.239107500095,76.825185234111,2001,463.0,3.0,7.0,3.0,1.0,2.0,1.0,0.0,2.0
18000000,1,32,алматы,43.302678507733,76.986367558196,1990,1124.0,1.0,5.0,1.0,4.0,2.0,2.0,0.0,2.0
65000000,2,76,алматы,43.253410340054,76.901717137262,2025,2994.0,8.0,6.0,3.0,1.0,2.0,3.0,0.0,2.0
43500000,3,60,алматы,43.245466901031,76.920713260207,1977,1777.0,2.0,5.0,2.0,1.0,2.0,2.0,0.0,2.0
36881000,2,50,алматы,43.229517523358,76.877305820088,2020,1401.0,16.0,6.0,3.0,4.0,3.0,1.0,0.0,2.0
56000000,3,82,алматы,43.214671,76.897468,1973,2380.0,5.0,5.0,1.0,1.0,1.0,2.0,0.0,2.0
38500000,2,45,алматы,43.246147,76.897342,1979,944.0,2.0,5.0,2.0,2.0,2.0,1.0,0.0,2.0
26500000,2,62,алматы,43.320819147118,76.899999770575,2023,2027.0,5.0,8.0,3.0,1.0,2.0,2.0,0.0,2.0
56000000,3,104,алматы,43.241471,76.824354,2006,535.0,6.0,9.0,3.0,1.0,1.0,1.0,0.0,2.0
27500000,2,45,алматы,43.234391,76.855463,1965,1601.0,1.0,4.0,2.0,2.0,2.0,2.0,0.0,2.0
31000000,1,36,алматы,43.199413882011,76.870310224132,1980,1050.0,3.0,5.0,1.0,2.0,1.0,2.0,0.0,2.0
28000000,1,31,алматы,43.250087,76.889985,1978,2435.0,4.0,5.0,2.0,1.0,3.0,2.0,0.0,2.0
37000000,1,40,алматы,43.214272941997,76.889320759506,2024,1935.0,8.0,13.0,3.0,6.0,2.0,2.0,0.0,2.0
25550000,2,53,алматы,43.231344,76.803091,1990,2322.0,5.0,5.0,2.0,1.0,3.0,1.0,0.0,2.0
55000000,3,82,алматы,43.23581471136,76.806939075878,2020,1171.0,4.0,16.0,3.0,1.0,1.0,1.0,0.0,2.0
79500000,2,70,алматы,43.230608,76.93491,2021,1325.0,4.0,10.0,3.0,1.0,1.0,2.0,0.0,2.0
33500000,2,66,алматы,43.24171949146,76.810702415685,2014,11.0,13.0,16.0,3.0,1.0,2.0,2.0,0.0,2.0
67000000,3,105,алматы,43.267710650552,76.927304827844,2024,2165.0,4.0,12.0,3.0,6.0,2.0,3.0,0.0,2.0
34000000,2,47,алматы,43.249765,76.900621,1981,2831.0,5.0,5.0,1.0,1.0,2.0,2.0,0.0,2.0
25500000,1,32,алматы,43.190993,76.903424,1976,349.0,4.0,5.0,2.0,1.0,2.0,2.0,0.0,2.0
68000000,3,68,алматы,43.229058,76.955095,1991,2555.0,3.0,9.0,3.0,1.0,1.0,1.0,0.0,2.0
71000000,2,77,алматы,43.230130627709,76.883341670455,2022,1714.0,12.0,15.0,3.0,2.0,1.0,2.0,0.0,2.0
49500000,2,60,алматы,43.206632334711,76.884845495224,2015,123.0,9.0,18.0,3.0,1.0,2.0,2.0,0.0,2.0
33000000,2,55,алматы,43.259776205774,76.816174931367,2017,921.0,1.0,8.0,3.0,2.0,1.0,2.0,0.0,2.0
37900000,2,55,алматы,43.266554,76.900792,2008,71.0,3.0,9.0,3.0,1.0,2.0,2.0,0.0,2.0
62000000,2,61,алматы,43.241079777853,76.909818886577,2018,984.0,11.0,15.0,1.0,1.0,1.0,2.0,0.0,2.0
28000000,2,43,алматы,43.193836997103,76.90492346627,1977,321.0,5.0,5.0,2.0,2.0,2.0,2.0,0.0,2.0
47500000,1,48,алматы,43.204616774175,76.890903106123,2014,72.0,7.0,20.0,3.0,2.0,1.0,2.0,0.0,2.0
14500000,1,25,алматы,43.170706,76.874301,2016,997.0,1.0,5.0,2.0,1.0,1.0,2.0,0.0,2.0
60000000,2,65,алматы,43.214522421881,76.892049908802,2019,1189.0,5.0,12.0,3.0,1.0,2.0,2.0,0.0,2.0
31700000,1,41,алматы,43.224353154474,76.839421568123,1991,779.0,2.0,9.0,2.0,1.0,2.0,2.0,0.0,2.0
34000000,2,60,алматы,43.342217151309,76.994230010678,2016,661.0,5.0,13.0,3.0,1.0,2.0,2.0,0.0,2.0
68000000,3,68,алматы,43.229058,76.955113,1991,3172.0,3.0,9.0,3.0,1.0,1.0,1.0,0.0,2.0
60000000,2,93,алматы,43.236945523852,76.882767792339,2009,41.0,5.0,16.0,3.0,2.0,2.0,3.0,0.0,2.0
59000000,2,70,алматы,43.207867913532,76.913334249548,2005,29.0,2.0,13.0,3.0,2.0,2.0,1.0,0.0,2.0
62500000,3,70,алматы,43.25712801158,76.914003916069,2016,729.0,8.0,12.0,3.0,1.0,2.0,1.0,0.0,2.0
32800000,3,72,алматы,43.345731,77.003326,1959,1601.0,1.0,3.0,1.0,1.0,2.0,1.0,0.0,2.0
12000000,1,18,алматы,43.170106671947,76.874982041681,2016,23.0,1.0,5.0,3.0,1.0,2.0,2.0,0.0,2.0
44500000,3,75,алматы,43.22153,76.786984,2019,1124.0,6.0,6.0,3.0,1.0,1.0,3.0,0.0,2.0
78000000,3,120,алматы,43.216421692117,76.883046710645,2012,109.0,8.0,14.0,3.0,2.0,2.0,3.0,0.0,2.0
49000000,2,55,алматы,43.24134,76.940767,1972,640.0,4.0,6.0,2.0,1.0,2.0,2.0,0.0,2.0
80000000,2,132,алматы,43.24224,76.895276,2006,1579.0,1.0,10.0,3.0,1.0,2.0,2.0,0.0,2.0
65000000,3,88,алматы,43.26268,76.919064,2021,1601.0,12.0,13.0,3.0,1.0,2.0,2.0,0.0,2.0
57500000,3,82,алматы,43.25712801158,76.914003916069,2016,729.0,2.0,13.0,3.0,6.0,2.0,1.0,0.0,2.0
28999999,1,31,алматы,43.221411,76.954888,1964,1225.0,2.0,4.0,1.0,1.0,1.0,2.0,0.0,2.0
39500000,3,62,алматы,43.241477027001,76.832961255294,1987,1417.0,3.0,5.0,2.0,2.0,2.0,1.0,0.0,2.0
45000000,2,48,алматы,43.183578948913,76.856551668888,2023,1898.0,1.0,3.0,3.0,1.0,1.0,2.0,0.0,2.0
43000000,2,55,алматы,43.231096989712,76.832493562958,2020,957.0,2.0,9.0,3.0,1.0,2.0,2.0,0.0,2.0
35500000,2,60,алматы,43.23624041411,76.839534872352,1984,1401.0,5.0,9.0,2.0,1.0,2.0,1.0,0.0,2.0
36666666,2,50,алматы,43.262365,76.894665,2024,1997.0,6.0,12.0,3.0,1.0,3.0,2.0,0.0,2.0
45000000,1,40,алматы,43.238674,76.952194,1976,103.0,3.0,5.0,1.0,1.0,2.0,1.0,0.0,2.0
28000000,2,45,алматы,43.226392493477,76.849453,1962,1601.0,4.0,4.0,2.0,1.0,2.0,2.0,0.0,2.0
44000000,3,80,алматы,43.234999656284,76.851998991402,1988,2795.0,5.0,9.0,2.0,2.0,2.0,1.0,0.0,2.0
65000000,2,69,алматы,43.233470192775,76.874220315887,2022,1206.0,10.0,12.0,3.0,1.0,2.0,2.0,0.0,2.0
50000000,3,60,алматы,43.25861,76.96062,1965,1601.0,4.0,4.0,2.0,1.0,1.0,2.0,0.0,2.0
70000000,3,97,алматы,43.237463238691,76.8835295397,2009,41.0,7.0,16.0,3.0,1.0,2.0,1.0,0.0,2.0
25500000,1,35,алматы,43.2409,76.839,2017,957.0,7.0,9.0,3.0,1.0,2.0,2.0,1.0,2.0
40000000,3,69,алматы,43.262581515342,76.894572308079,2024,1997.0,7.0,12.0,3.0,1.0,2.0,1.0,0.0,2.0
38500000,2,55,алматы,43.214972075372,76.898718831814,1987,1715.0,5.0,5.0,1.0,1.0,2.0,1.0,0.0,2.0
62000000,2,89,алматы,43.247510845296,76.868886455483,2012,3191.0,11.0,15.0,3.0,1.0,1.0,3.0,0.0,2.0
52900000,2,60,алматы,43.213500595428,76.888013962993,2018,996.0,10.0,12.0,3.0,2.0,1.0,2.0,0.0,2.0
38000000,3,89,алматы,43.303055,76.838673,2017,2869.0,1.0,5.0,3.0,1.0,2.0,2.0,0.0,2.0
40000000,2,68,алматы,43.325187,77.021867,2023,1465.0,2.0,4.0,3.0,1.0,2.0,2.0,1.0,2.0
39500000,3,63,алматы,43.255261,76.918156,1975,1599.0,4.0,5.0,2.0,2.0,2.0,1.0,0.0,2.0
58000000,2,58,алматы,43.230898027387,76.946927999775,2015,3168.0,15.0,20.0,3.0,6.0,2.0,2.0,0.0,2.0
46000000,2,47,алматы,43.267102151835,76.929931640407,2024,2491.0,8.0,12.0,3.0,1.0,1.0,2.0,0.0,2.0
69500000,3,80,алматы,43.21329199047,76.855037962622,2005,1601.0,5.0,9.0,3.0,1.0,2.0,1.0,0.0,2.0
43500000,3,70,алматы,43.227915,76.88879,1990,2333.0,4.0,5.0,2.0,4.0,2.0,1.0,0.0,2.0
57000000,2,100,алматы,43.233657884307,76.893017068287,2007,350.0,19.0,20.0,3.0,1.0,2.0,2.0,0.0,2.0
26000000,2,60,алматы,43.221512724336,76.78803351702,2020,3470.0,10.0,10.0,3.0,1.0,2.0,2.0,0.0,2.0
52000000,3,65,алматы,43.234726,76.888323,1998,1601.0,9.0,9.0,2.0,2.0,2.0,1.0,0.0,2.0
35500000,3,59,алматы,43.261367,76.915102,1971,1622.0,4.0,4.0,2.0,1.0,2.0,1.0,0.0,2.0
28500000,1,35,алматы,43.248366123468,76.914540109123,1984,2849.0,2.0,9.0,1.0,4.0,2.0,2.0,0.0,2.0
85000000,3,86,алматы,43.171797,76.898762,2023,200.0,3.0,6.0,2.0,1.0,2.0,2.0,0.0,2.0
46000000,2,64,алматы,43.216431,76.883589,2006,109.0,14.0,15.0,3.0,1.0,1.0,2.0,0.0,2.0
55000000,3,65,алматы,43.262227,76.959892,1981,957.0,5.0,5.0,2.0,1.0,2.0,2.0,1.0,2.0
39500000,3,60,алматы,43.214776,76.900343,1979,1421.0,4.0,5.0,2.0,4.0,2.0,1.0,0.0,2.0
29400000,2,51,алматы,43.285929,77.002921,2017,1420.0,3.0,5.0,3.0,1.0,2.0,1.0,0.0,2.0
48000000,2,51,алматы,43.180509,76.868273,2009,2971.0,3.0,9.0,3.0,1.0,1.0,2.0,0.0,2.0
36500000,2,63,алматы,43.302839,76.923286,2003,1546.0,3.0,5.0,2.0,1.0,2.0,2.0,0.0,2.0
16500000,1,24,алматы,43.253567,76.790317,2024,1911.0,1.0,3.0,3.0,1.0,1.0,2.0,0.0,2.0
36000000,2,41,алматы,43.23072,76.893552,1986,1601.0,4.0,5.0,1.0,1.0,2.0,1.0,0.0,2.0
26000000,1,45,алматы,43.269594413429,76.821073817409,2023,1117.0,11.0,12.0,3.0,1.0,1.0,2.0,0.0,2.0
63500000,3,92,алматы,43.213491092955,76.852891498356,2005,2999.0,9.0,9.0,3.0,2.0,2.0,1.0,0.0,2.0
32000000,2,93,алматы,43.222526923812,76.794252787602,2012,92.0,16.0,16.0,3.0,1.0,2.0,2.0,0.0,2.0
36000000,2,45,алматы,43.24199,76.928622,1962,2240.0,1.0,4.0,1.0,1.0,1.0,2.0,0.0,2.0
35500000,2,46,алматы,43.262017399077,76.931009321425,1988,1051.0,2.0,5.0,2.0,1.0,2.0,2.0,0.0,2.0
59500000,2,70,алматы,43.267445229911,76.928134172637,2023,2146.0,5.0,12.0,3.0,1.0,1.0,2.0,0.0,2.0
51000000,2,51,алматы,43.206632334711,76.884845495224,2015,123.0,4.0,16.0,3.0,1.0,1.0,2.0,0.0,2.0
25500000,1,41,алматы,43.236152,76.832367,1983,1601.0,4.0,5.0,2.0,1.0,2.0,2.0,0.0,2.0
35500000,2,64,алматы,43.31893,76.916728,2018,3346.0,6.0,9.0,3.0,2.0,2.0,3.0,0.0,2.0
46000000,2,42,алматы,43.236697447736,76.897770222931,2015,20.0,8.0,17.0,3.0,2.0,2.0,2.0,0.0,2.0
84500000,3,95,алматы,43.259029921077,76.883599502563,1977,1601.0,7.0,7.0,1.0,1.0,1.0,1.0,0.0,2.0
36500000,2,43,алматы,43.267979328976,76.921842098182,2024,1298.0,1.0,10.0,3.0,1.0,2.0,2.0,0.0,2.0
41500000,2,56,алматы,43.267102151835,76.929931640407,2025,2491.0,6.0,12.0,3.0,1.0,2.0,2.0,0.0,2.0
51000000,2,70,алматы,43.233340053264,76.893153860947,2008,350.0,14.0,18.0,3.0,2.0,2.0,1.0,0.0,2.0
58500000,2,60,алматы,43.208505440217,76.896325896167,2021,1481.0,11.0,17.0,3.0,2.0,1.0,2.0,0.0,2.0
28000000,2,44,алматы,43.253928,76.905391,1976,19.0,3.0,4.0,2.0,4.0,1.0,1.0,0.0,2.0
32000000,1,34,алматы,43.260491700861,76.939449746033,1966,1601.0,4.0,4.0,1.0,1.0,2.0,2.0,0.0,2.0
25000000,2,41,алматы,43.287859,77.003963,2020,1209.0,1.0,9.0,3.0,1.0,2.0,2.0,0.0,2.0
60000000,2,75,алматы,43.236421,76.892707,2015,416.0,4.0,6.0,2.0,1.0,2.0,2.0,0.0,2.0
38000000,4,87,алматы,43.33543,76.911697,1978,864.0,1.0,5.0,2.0,1.0,1.0,1.0,0.0,2.0
45000000,3,73,алматы,43.235784,76.850459,1988,2322.0,5.0,5.0,1.0,2.0,2.0,1.0,0.0,2.0
55500000,3,67,алматы,43.212778,76.881748,1991,1908.0,8.0,9.0,2.0,1.0,2.0,1.0,0.0,2.0
28000000,1,40,алматы,43.197200335688,76.872179990074,1978,1677.0,8.0,9.0,2.0,2.0,2.0,2.0,0.0,2.0
34000000,1,38,алматы,43.236743,76.854376,2021,1634.0,6.0,13.0,3.0,1.0,1.0,1.0,0.0,2.0
29000000,2,43,алматы,43.23089,76.855184,1963,1601.0,3.0,4.0,2.0,1.0,1.0,2.0,0.0,2.0
36400000,3,75,алматы,43.213914774889,76.789336410704,2018,1064.0,8.0,9.0,3.0,2.0,1.0,2.0,0.0,2.0
24800000,2,45,алматы,43.221705980823,76.786440765848,2019,1124.0,8.0,10.0,3.0,1.0,2.0,2.0,0.0,2.0
67500000,3,90,алматы,43.191436226172,76.855175287446,2025,719.0,3.0,3.0,3.0,6.0,2.0,2.0,0.0,2.0
60000000,3,70,алматы,43.262554353583,76.918500452423,2019,1542.0,13.0,13.0,3.0,1.0,1.0,3.0,0.0,2.0
20500000,1,39,алматы,43.230185396092,76.784715697943,2024,1509.0,8.0,9.0,3.0,1.0,2.0,2.0,0.0,2.0
10000000,1,20,алматы,43.23080286478,76.796566193779,2020,1542.0,1.0,2.0,3.0,1.0,1.0,2.0,0.0,2.0
41500000,2,48,алматы,43.26665041551,76.929558019731,2024,3171.0,11.0,12.0,3.0,1.0,2.0,2.0,0.0,2.0
50500000,3,66,алматы,43.245018,76.889482,1980,1713.0,4.0,9.0,2.0,1.0,2.0,2.0,0.0,2.0
32000000,3,76,алматы,43.221705980823,76.786440765848,2019,1124.0,6.0,6.0,3.0,1.0,1.0,2.0,0.0,2.0
68000000,3,90,алматы,43.203012727103,76.873384364015,2020,1137.0,4.0,12.0,3.0,1.0,1.0,3.0,0.0,2.0
40000000,3,59,алматы,43.209059,76.901969,1980,377.0,5.0,5.0,2.0,2.0,1.0,1.0,0.0,2.0
41500000,3,64,алматы,43.20992970493,76.862507134661,1989,2059.0,4.0,5.0,1.0,1.0,1.0,1.0,0.0,2.0
44000000,3,80,алматы,43.231955,76.839392,1988,3014.0,5.0,9.0,2.0,1.0,2.0,2.0,0.0,2.0
45000000,3,101,алматы,43.287892930639,76.923144084656,2010,2269.0,7.0,8.0,3.0,5.0,3.0,2.0,0.0,2.0
25000000,1,28,алматы,43.255180344921,76.919151555525,2016,840.0,13.0,13.0,3.0,1.0,1.0,2.0,0.0,2.0
52500000,3,62,алматы,43.261833,76.918462,1973,1673.0,1.0,5.0,2.0,1.0,2.0,2.0,0.0,2.0
37400000,1,54,алматы,43.20166288733,76.810127050002,2025,3300.0,2.0,4.0,3.0,4.0,2.0,1.0,0.0,2.0
24000000,2,42,алматы,43.352957526519,76.925369110451,1968,463.0,1.0,3.0,1.0,2.0,2.0,2.0,0.0,2.0
47000000,2,57,алматы,43.219165771925,76.88824130673,2023,1959.0,11.0,18.0,3.0,1.0,2.0,2.0,0.0,2.0
38000000,2,44,алматы,43.235633,76.916459,1978,193.0,1.0,5.0,2.0,1.0,1.0,2.0,0.0,2.0
44000000,2,51,алматы,43.262713,76.951942,1978,1417.0,3.0,9.0,1.0,1.0,1.0,2.0,0.0,2.0
28000000,2,44,алматы,43.254106,76.918911,1975,349.0,1.0,4.0,2.0,2.0,2.0,2.0,0.0,2.0
21500000,1,36,алматы,43.24490910233,76.838210795378,1975,2007.0,8.0,8.0,2.0,2.0,1.0,2.0,0.0,2.0
28000000,2,52,алматы,43.229432,76.913566,1963,1136.0,1.0,4.0,1.0,1.0,2.0,2.0,0.0,2.0
31900000,2,45,алматы,43.3265980759,77.019893461015,2023,2008.0,2.0,4.0,3.0,1.0,2.0,2.0,0.0,2.0
47000000,2,37,алматы,43.240405217908,76.909024952709,2018,984.0,9.0,13.0,3.0,1.0,2.0,2.0,0.0,2.0
35500000,2,55,алматы,43.211274,76.871588,1985,1846.0,3.0,5.0,2.0,4.0,2.0,1.0,0.0,2.0
75000000,3,110,алматы,43.213515618374,76.855730205951,2008,1942.0,2.0,15.0,3.0,2.0,2.0,3.0,0.0,2.0
69950000,3,110,алматы,43.243934,76.876088,2011,640.0,4.0,20.0,3.0,2.0,2.0,3.0,0.0,2.0
26500000,2,49,алматы,43.293108275045,77.01421350636,2024,3136.0,3.0,6.0,3.0,1.0,2.0,2.0,0.0,2.0
21000000,1,31,алматы,43.226070604325,76.86567241468,1968,1124.0,1.0,4.0,2.0,1.0,2.0,2.0,0.0,2.0
49000000,3,66,алматы,43.201469,76.878972,1986,475.0,5.0,5.0,1.0,1.0,2.0,1.0,0.0,2.0
43000000,2,72,алматы,43.320957,76.899489,2022,2067.0,8.0,8.0,3.0,1.0,2.0,1.0,1.0,2.0
45000000,2,56,алматы,43.170963727851,76.873844129838,2023,2284.0,3.0,4.0,3.0,1.0,1.0,1.0,0.0,2.0
43000000,2,55,алматы,43.232436472437,76.929377366067,1981,261.0,2.0,5.0,1.0,2.0,1.0,2.0,0.0,2.0
38000000,2,60,алматы,43.2497,76.882062,1986,1285.0,5.0,9.0,2.0,4.0,2.0,1.0,0.0,2.0
37980000,2,52,алматы,43.214178,76.90037,1989,309.0,4.0,5.0,2.0,2.0,2.0,1.0,0.0,2.0
80000000,3,95,алматы,43.23586521399,76.938365822364,2008,63.0,10.0,10.0,3.0,1.0,2.0,2.0,0.0,2.0
25000000,1,47,алматы,43.21698157841,76.776398486157,2020,1124.0,3.0,10.0,3.0,1.0,2.0,2.0,0.0,2.0
60000000,3,121,алматы,43.243485568875,76.875818990302,2011,640.0,19.0,20.0,3.0,1.0,2.0,3.0,0.0,2.0
30000000,2,47,алматы,43.24333,76.810691,2023,1348.0,1.0,9.0,3.0,1.0,1.0,2.0,0.0,2.0
36500000,2,58,алматы,43.260574119359,76.821770099336,2019,636.0,4.0,12.0,3.0,1.0,2.0,3.0,0.0,2.0
32500000,2,57,алматы,43.228882166939,76.840860169311,1989,92.0,9.0,9.0,2.0,2.0,2.0,1.0,0.0,2.0
41000000,3,77,алматы,43.281611,76.820483,2013,979.0,9.0,9.0,3.0,1.0,1.0,1.0,0.0,2.0
28500000,1,32,алматы,43.236068883494,76.879193797621,1979,1511.0,2.0,5.0,2.0,2.0,1.0,2.0,0.0,2.0
28500000,2,63,алматы,43.355341,76.924274,2009,2160.0,4.0,6.0,3.0,2.0,2.0,1.0,0.0,2.0
63000000,3,74,алматы,43.271876683944,76.946355195349,2022,1822.0,1.0,13.0,3.0,1.0,1.0,2.0,0.0,2.0
25500000,1,38,алматы,43.304276,76.924229,1997,3272.0,4.0,5.0,1.0,1.0,2.0,2.0,0.0,2.0
31700000,1,41,алматы,43.224310002876,76.839738068786,1991,1171.0,2.0,9.0,2.0,2.0,1.0,2.0,0.0,2.0
74000000,3,83,алматы,43.237767590846,76.896309242407,2020,1051.0,7.0,16.0,3.0,1.0,2.0,3.0,0.0,2.0
15500000,1,20,алматы,43.214136767719,76.867320564086,1978,1401.0,4.0,4.0,1.0,1.0,2.0,2.0,0.0,1.0
43000000,3,59,алматы,43.236848,76.836356,1983,120.0,2.0,5.0,2.0,1.0,1.0,2.0,0.0,2.0
32000000,2,63,алматы,43.360303,76.994881,2007,2222.0,4.0,5.0,3.0,2.0,2.0,1.0,0.0,2.0
31000000,2,60,алматы,43.315854,76.909766,2009,2232.0,7.0,8.0,3.0,1.0,1.0,2.0,0.0,2.0
35500000,2,51,алматы,43.329190252207,76.939827966339,2021,1689.0,3.0,10.0,3.0,1.0,2.0,2.0,0.0,2.0
24000000,1,43,алматы,43.32304332211,76.941276578637,2024,2430.0,4.0,5.0,3.0,1.0,1.0,2.0,0.0,2.0
21000000,1,24,алматы,43.219158,76.919576,1978,1601.0,2.0,5.0,1.0,2.0,1.0,1.0,0.0,1.0
33000000,1,25,алматы,43.223739463212,76.954290635581,2008,70.0,2.0,5.0,3.0,1.0,2.0,2.0,0.0,2.0
39900000,3,71,алматы,43.253512455477,76.883543707346,1980,52.0,5.0,5.0,2.0,1.0,2.0,2.0,0.0,2.0
34000000,2,43,алматы,43.259016184547,76.866608410015,2024,2981.0,2.0,12.0,1.0,2.0,1.0,2.0,0.0,2.0
45000000,2,46,алматы,43.268967369064,76.945720911026,2020,1440.0,8.0,15.0,3.0,1.0,2.0,2.0,0.0,2.0
37000000,2,63,алматы,43.333679464294,76.948143261486,2015,1601.0,2.0,5.0,1.0,1.0,1.0,2.0,0.0,2.0
50500000,3,66,алматы,43.245018,76.889482,1980,2960.0,4.0,9.0,2.0,1.0,2.0,2.0,0.0,2.0
33500000,1,40,алматы,43.252642,76.922055,1987,1440.0,9.0,10.0,2.0,2.0,2.0,2.0,0.0,2.0
17500000,1,32,алматы,43.2374,76.856739,1972,262.0,2.0,4.0,2.0,1.0,2.0,2.0,0.0,2.0
40500000,3,86,алматы,43.253944132837,76.824973565747,2013,1428.0,7.0,9.0,2.0,1.0,2.0,1.0,0.0,2.0
35000000,2,52,алматы,43.275928196922,76.816145181547,2024,2508.0,11.0,12.0,3.0,5.0,2.0,2.0,0.0,2.0
65000000,2,51,алматы,43.264130450969,76.933570504168,2024,2758.0,4.0,12.0,3.0,1.0,1.0,2.0,0.0,2.0
45000000,3,80,алматы,43.266420986861,76.892488588498,2014,2374.0,1.0,9.0,3.0,1.0,2.0,1.0,1.0,2.0
50000000,3,75,алматы,43.245034107742,76.889479161679,1985,193.0,8.0,9.0,2.0,2.0,2.0,1.0,0.0,2.0
23000000,1,39,алматы,43.208087,76.788449,2022,92.0,1.0,6.0,2.0,1.0,2.0,2.0,0.0,2.0
28000000,2,57,алматы,43.329190252207,76.939827966339,2022,1689.0,2.0,10.0,2.0,6.0,2.0,2.0,0.0,2.0
53500000,2,49,алматы,43.22801048334,76.884614597403,2025,607.0,4.0,9.0,3.0,6.0,2.0,3.0,0.0,2.0
19500000,1,40,алматы,43.357169994152,76.924105534987,2008,1196.0,2.0,6.0,3.0,2.0,2.0,2.0,0.0,2.0
35800000,3,60,алматы,43.221353574561,76.863227390213,1969,2526.0,3.0,4.0,2.0,2.0,2.0,2.0,0.0,2.0
66500000,2,52,алматы,43.205287,76.912353,2023,1235.0,1.0,21.0,3.0,1.0,1.0,2.0,0.0,2.0
32500000,2,58,алматы,43.266703546156,76.819914404307,2020,1117.0,10.0,12.0,3.0,2.0,2.0,1.0,0.0,2.0
39000000,2,60,алматы,43.229716201248,76.833219398811,1998,1712.0,2.0,9.0,2.0,2.0,1.0,2.0,0.0,2.0
52000000,4,82,алматы,43.234378948921,76.826285679207,1990,2588.0,2.0,5.0,2.0,1.0,1.0,1.0,0.0,2.0
26500000,1,34,алматы,43.24706555248,76.853867017855,2020,2236.0,5.0,10.0,3.0,1.0,1.0,2.0,0.0,2.0
27500000,2,43,алматы,43.194516,76.904843,1977,2241.0,5.0,5.0,2.0,2.0,2.0,2.0,0.0,2.0
27000000,1,33,алматы,43.261203,76.920321,1975,1249.0,1.0,5.0,2.0,2.0,1.0,2.0,0.0,2.0
48000000,3,76,алматы,43.190622744695,76.854049983998,2021,675.0,1.0,4.0,1.0,2.0,2.0,2.0,0.0,2.0
21000000,2,40,алматы,43.345430203785,77.0073708978,1968,1420.0,3.0,3.0,2.0,2.0,2.0,2.0,0.0,2.0
48000000,2,72,алматы,43.287168935685,76.950370949246,2022,2236.0,5.0,13.0,3.0,1.0,1.0,3.0,0.0,2.0
65000000,2,76,алматы,43.197368091569,76.895348656821,2020,1478.0,5.0,16.0,3.0,6.0,2.0,2.0,0.0,2.0
78500000,3,84,алматы,43.230754022994,76.881036758423,2018,983.0,5.0,12.0,3.0,1.0,2.0,1.0,0.0,2.0
37000000,2,63,алматы,43.226982,76.872621,1963,2972.0,1.0,4.0,2.0,1.0,2.0,1.0,0.0,2.0
42500000,2,69,алматы,43.214707168149,76.881203575033,2024,1770.0,11.0,18.0,3.0,6.0,2.0,2.0,0.0,2.0
40500000,2,44,алматы,43.219963012539,76.88717349009,2024,1959.0,11.0,19.0,3.0,1.0,2.0,2.0,0.0,2.0
46000000,2,50,алматы,43.199998640021,76.890745616691,2014,72.0,6.0,25.0,3.0,1.0,2.0,2.0,0.0,2.0
51000000,3,74,алматы,43.192853,76.904709,1976,2837.0,1.0,5.0,2.0,1.0,1.0,2.0,0.0,2.0
53000000,2,60,алматы,43.211396640884,76.848445099606,2021,489.0,3.0,21.0,3.0,1.0,2.0,2.0,0.0,2.0
47000000,2,44,алматы,43.219802,76.954511,1972,1125.0,3.0,4.0,1.0,4.0,2.0,1.0,0.0,2.0
33500000,2,64,алматы,43.274502302328,76.815229655076,2025,2147.0,12.0,12.0,3.0,6.0,2.0,2.0,0.0,2.0
26500000,1,31,алматы,43.259477,76.93447,1968,1601.0,3.0,5.0,1.0,1.0,2.0,2.0,0.0,2.0
30000000,2,43,алматы,43.22241,76.85399,1963,1601.0,4.0,4.0,2.0,1.0,1.0,2.0,0.0,2.0
82000000,3,83,алматы,43.199848384239,76.901215655468,2022,2080.0,14.0,20.0,3.0,1.0,2.0,2.0,0.0,2.0
39000000,3,86,алматы,43.307188,76.840677,2015,274.0,4.0,5.0,3.0,1.0,2.0,1.0,0.0,2.0
52000000,2,52,алматы,43.224952,76.889904,1976,1078.0,2.0,5.0,1.0,1.0,1.0,1.0,0.0,2.0
28000000,2,44,алматы,43.219493,76.869854,1968,1601.0,3.0,4.0,2.0,1.0,2.0,2.0,0.0,2.0
34000000,1,50,алматы,43.240733351626,76.856329975583,2018,885.0,7.0,13.0,3.0,1.0,2.0,2.0,0.0,2.0
38500000,3,58,алматы,43.246062,76.890282,1978,1609.0,5.0,5.0,2.0,1.0,2.0,2.0,0.0,2.0
40000000,2,56,алматы,43.335024,76.949642,1995,888.0,5.0,5.0,1.0,1.0,2.0,1.0,0.0,2.0
50000000,3,95,алматы,43.274502302328,76.815229655076,2025,2147.0,11.0,12.0,3.0,1.0,2.0,2.0,0.0,2.0
25500000,2,41,алматы,43.258285193343,76.86670929188,2024,2981.0,12.0,12.0,3.0,5.0,2.0,2.0,0.0,2.0
19100000,1,31,алматы,43.313381,76.937856,1963,2403.0,1.0,2.0,2.0,1.0,2.0,2.0,0.0,2.0
25000000,2,55,алматы,43.230634411724,76.784400788178,2024,1509.0,5.0,9.0,3.0,1.0,2.0,2.0,0.0,2.0
25000000,1,34,алматы,43.268054963806,76.937025166656,1973,1801.0,5.0,5.0,2.0,1.0,2.0,2.0,0.0,2.0
48000000,2,72,алматы,43.287168935685,76.950370949246,2022,2236.0,5.0,13.0,3.0,1.0,1.0,3.0,0.0,2.0
18000000,1,35,алматы,43.337869,76.914599,1974,1601.0,1.0,2.0,2.0,1.0,2.0,2.0,0.0,2.0
35000000,3,60,алматы,43.235299178441,76.838091262566,1982,1601.0,4.0,5.0,2.0,2.0,2.0,1.0,0.0,2.0
42700000,2,70,алматы,43.288447548674,76.949766920982,2022,2236.0,4.0,13.0,3.0,1.0,1.0,3.0,0.0,2.0
56500000,4,74,алматы,43.259155396928,76.925151787697,1979,1124.0,3.0,5.0,2.0,1.0,2.0,2.0,0.0,2.0
20700000,1,35,алматы,43.323659,76.912829,1985,1538.0,5.0,5.0,2.0,2.0,2.0,2.0,0.0,2.0
48500000,2,70,алматы,43.218124811994,76.879701102432,2008,534.0,14.0,15.0,3.0,1.0,2.0,2.0,0.0,2.0
55000000,4,105,алматы,43.226673,76.845222,1988,1751.0,1.0,5.0,1.0,2.0,2.0,1.0,0.0,2.0
26900000,2,37,алматы,43.263856,76.821399,2018,636.0,9.0,12.0,3.0,1.0,2.0,2.0,0.0,2.0
39500000,2,56,алматы,43.306176881777,77.003849118126,2023,2874.0,2.0,5.0,3.0,1.0,2.0,2.0,0.0,2.0
24500000,1,40,алматы,43.235254672383,76.838582365674,1984,1206.0,9.0,9.0,2.0,2.0,2.0,2.0,0.0,2.0
40000000,1,45,алматы,43.231317,76.875819,2016,1601.0,10.0,12.0,3.0,1.0,1.0,2.0,0.0,2.0
29900000,2,43,алматы,43.17033803735,76.874095921432,2016,23.0,6.0,6.0,3.0,1.0,1.0,2.0,0.0,2.0
25500000,1,36,алматы,43.212130439659,76.851050087025,1995,876.0,1.0,5.0,1.0,4.0,2.0,2.0,0.0,2.0
26500000,1,33,алматы,43.268838,76.944657,1971,2601.0,4.0,5.0,2.0,2.0,2.0,2.0,0.0,2.0
47500000,2,55,алматы,43.231393309312,76.876338464186,2015,751.0,6.0,12.0,3.0,2.0,2.0,1.0,0.0,2.0
45000000,2,56,алматы,43.248104,76.870267,1994,321.0,5.0,9.0,3.0,1.0,1.0,1.0,0.0,2.0
44000000,3,63,алматы,43.234201,76.899076,1972,1072.0,4.0,4.0,2.0,1.0,1.0,2.0,0.0,2.0
54000000,3,70,алматы,43.218225,76.841764,1993,3020.0,9.0,9.0,1.0,2.0,1.0,1.0,0.0,2.0
24500000,1,36,алматы,43.293781847394,77.020081561429,2022,2697.0,1.0,6.0,3.0,2.0,1.0,2.0,0.0,2.0
38000000,3,78,алматы,43.324452,76.984722,2018,1407.0,3.0,5.0,2.0,1.0,2.0,2.0,0.0,2.0
34000000,2,43,алматы,43.218961,76.89401,1969,1601.0,2.0,4.0,2.0,2.0,1.0,2.0,0.0,2.0
35000000,2,55,алматы,43.230469366362,76.780980100066,2023,1821.0,2.0,9.0,2.0,1.0,2.0,2.0,0.0,2.0
80000000,3,72,алматы,43.236716,76.956856,1986,3117.0,9.0,9.0,1.0,1.0,2.0,1.0,0.0,2.0
27500000,2,45,алматы,43.219526,76.863242,1969,1117.0,4.0,6.0,2.0,1.0,1.0,2.0,0.0,2.0
33000000,1,49,алматы,43.218112687566,76.837792761901,2005,1601.0,7.0,9.0,3.0,2.0,2.0,2.0,0.0,2.0
33000000,1,51,алматы,43.24134,76.823654,2008,535.0,4.0,9.0,3.0,1.0,1.0,2.0,0.0,2.0
40500000,2,57,алматы,43.183578948913,76.856551668888,2023,1898.0,2.0,3.0,3.0,5.0,2.0,2.0,0.0,2.0
61000000,2,60,алматы,43.231955,76.886078,2021,2147.0,3.0,6.0,3.0,1.0,1.0,2.0,0.0,2.0
38000000,2,53,алматы,43.235088,76.824453,1990,309.0,4.0,5.0,2.0,1.0,2.0,1.0,0.0,2.0
35000000,3,63,алматы,43.343783,76.985332,1971,1601.0,4.0,4.0,2.0,2.0,2.0,1.0,0.0,2.0
40000000,3,60,алматы,43.219335,76.864662,1969,1855.0,2.0,4.0,2.0,1.0,2.0,2.0,0.0,2.0
73000000,2,70,алматы,43.222925652769,76.95593440741,2008,1601.0,3.0,5.0,3.0,2.0,2.0,1.0,0.0,2.0
65000000,2,58,алматы,43.243835700045,76.931371092796,2018,1052.0,10.0,10.0,3.0,1.0,2.0,2.0,0.0,2.0
24500000,1,32,алматы,43.196192,76.876394,1980,1125.0,5.0,5.0,2.0,2.0,1.0,2.0,0.0,2.0
30000000,2,46,алматы,43.285673,77.00426,2023,213.0,7.0,7.0,3.0,1.0,1.0,2.0,0.0,2.0
36500000,3,56,алматы,43.193855574721,76.905283288356,1978,2079.0,5.0,5.0,2.0,2.0,2.0,2.0,0.0,2.0
30000000,3,90,алматы,43.319710087159,76.987119912992,2023,2663.0,9.0,9.0,3.0,6.0,2.0,2.0,0.0,2.0
41000000,3,60,алматы,43.253561,76.905355,1970,2444.0,4.0,4.0,2.0,1.0,2.0,2.0,0.0,2.0
24500000,1,34,алматы,43.263856,76.821399,2017,636.0,5.0,12.0,3.0,2.0,1.0,2.0,0.0,2.0
56500000,4,100,алматы,43.229662,76.835008,1990,2199.0,7.0,9.0,2.0,2.0,2.0,1.0,0.0,2.0
60000000,2,48,алматы,43.249969,76.905158,1984,1601.0,3.0,5.0,1.0,1.0,1.0,2.0,0.0,2.0
50500000,3,70,алматы,43.251104775265,76.881547382496,1980,3101.0,1.0,9.0,2.0,1.0,2.0,1.0,0.0,2.0
33500000,1,46,алматы,43.245245165702,76.809155710146,2024,2691.0,2.0,12.0,3.0,1.0,2.0,2.0,0.0,2.0
33000000,3,60,алматы,43.192505,76.903379,1976,1027.0,2.0,5.0,2.0,1.0,2.0,1.0,0.0,2.0
53000000,3,117,алматы,43.286586337212,77.004190685535,2010,73.0,5.0,5.0,3.0,1.0,1.0,3.0,0.0,2.0
21000000,1,37,алматы,43.297497567618,76.995814620644,2024,2960.0,2.0,9.0,3.0,6.0,2.0,2.0,0.0,2.0
12000000,1,15,алматы,43.248313466462,76.887656749945,1957,1601.0,1.0,2.0,2.0,1.0,1.0,3.0,0.0,1.0
37000000,2,58,алматы,43.260317,76.822845,2019,636.0,4.0,12.0,3.0,1.0,1.0,1.0,0.0,2.0
45000000,2,58,алматы,43.21179897285,76.794498043633,2022,2075.0,7.0,12.0,3.0,1.0,1.0,2.0,0.0,2.0
50000000,2,63,алматы,43.286586337212,77.004190685535,2019,73.0,4.0,5.0,3.0,1.0,1.0,2.0,0.0,2.0
39000000,3,85,алматы,43.323095,76.89524,2019,480.0,5.0,9.0,3.0,1.0,2.0,1.0,0.0,2.0
32500000,2,43,алматы,43.261039,76.925118,1975,934.0,5.0,5.0,2.0,1.0,2.0,2.0,0.0,2.0
36788000,2,54,алматы,43.261494803805,76.899913108869,2025,1992.0,5.0,15.0,3.0,4.0,2.0,2.0,0.0,2.0
30300000,2,72,алматы,43.324029590432,77.017295201208,2025,1866.0,7.0,9.0,3.0,6.0,2.0,2.0,0.0,2.0
15700000,1,21,алматы,43.262733,76.89913,1977,1867.0,3.0,5.0,1.0,1.0,1.0,2.0,0.0,1.0
35500000,3,59,алматы,43.261367,76.915102,1971,1103.0,4.0,4.0,2.0,1.0,2.0,1.0,0.0,2.0
20000000,1,34,алматы,43.245596,76.83066,2022,1601.0,2.0,3.0,2.0,1.0,1.0,2.0,0.0,2.0
33500000,2,52,алматы,43.23558,76.826546,1990,2691.0,2.0,5.0,2.0,4.0,3.0,3.0,0.0,2.0
39000000,2,47,алматы,43.288447548674,76.949766920982,2022,2236.0,5.0,13.0,3.0,1.0,1.0,2.0,0.0,2.0
45000000,2,64,алматы,43.237472,76.825998,2007,326.0,10.0,10.0,3.0,1.0,2.0,1.0,1.0,2.0
24500000,1,36,алматы,43.266297995587,76.892886238098,2015,545.0,2.0,9.0,3.0,2.0,2.0,2.0,0.0,2.0
42000000,2,47,алматы,43.218052680978,76.890834815623,2021,1750.0,4.0,13.0,3.0,1.0,2.0,2.0,0.0,2.0
12500000,1,22,алматы,43.242778,76.840389,1976,983.0,4.0,5.0,1.0,1.0,2.0,2.0,0.0,1.0
23500000,1,33,алматы,43.230912868925,76.865337020832,1966,961.0,4.0,5.0,2.0,2.0,1.0,2.0,0.0,2.0
68000000,2,71,алматы,43.263934,76.965012,2020,1088.0,4.0,11.0,3.0,2.0,1.0,2.0,0.0,2.0
38000000,3,75,алматы,43.211004,76.790326,2019,2055.0,9.0,9.0,3.0,1.0,2.0,2.0,0.0,2.0
59500000,3,74,алматы,43.244702098443,76.914882001327,1992,194.0,5.0,9.0,2.0,2.0,2.0,1.0,0.0,2.0
27000000,2,50,алматы,43.255156,76.861446,1986,1124.0,5.0,5.0,1.0,2.0,2.0,1.0,0.0,2.0
45500000,2,68,алматы,43.191831031305,76.852994844776,2024,719.0,2.0,4.0,3.0,1.0,2.0,2.0,0.0,2.0
60000000,2,59,алматы,43.233638911453,76.891390086529,2023,2125.0,10.0,13.0,3.0,1.0,2.0,2.0,0.0,2.0
48500000,2,55,алматы,43.241131884035,76.940797086193,1972,1083.0,7.0,9.0,2.0,1.0,2.0,2.0,0.0,2.0
26000000,1,36,алматы,43.279918,76.823249,2016,1333.0,3.0,5.0,3.0,1.0,1.0,2.0,0.0,2.0
10500000,1,16,алматы,43.344374352334,76.931312458692,2010,1601.0,1.0,2.0,3.0,1.0,2.0,2.0,0.0,2.0
39500000,2,63,алматы,43.236787315816,76.882692089361,2024,2555.0,2.0,20.0,3.0,6.0,3.0,1.0,0.0,2.0
52000000,2,65,алматы,43.288793130738,77.006762192589,2023,1601.0,7.0,9.0,3.0,1.0,1.0,3.0,1.0,2.0
85000000,3,131,алматы,43.240437204993,76.932032106934,2007,70.0,12.0,14.0,3.0,2.0,1.0,3.0,0.0,2.0
45000000,3,88,алматы,43.207953813856,76.789556848027,2020,1785.0,5.0,9.0,3.0,1.0,1.0,1.0,0.0,2.0
27000000,2,48,алматы,43.24771183422,76.854029477247,2023,3433.0,5.0,10.0,3.0,1.0,2.0,2.0,0.0,2.0
67000000,3,73,алматы,43.230028241857,76.876761868133,2020,1401.0,12.0,16.0,3.0,1.0,1.0,3.0,0.0,2.0
55500000,2,40,алматы,43.240405217908,76.909024952709,2020,984.0,10.0,16.0,3.0,1.0,1.0,2.0,0.0,2.0
30500000,2,50,алматы,43.295343529151,77.022830655568,2024,2204.0,3.0,9.0,3.0,1.0,2.0,2.0,0.0,2.0
62000000,3,75,алматы,43.196258,76.89286,1985,984.0,7.0,9.0,2.0,2.0,1.0,1.0,0.0,2.0
40000000,1,35,алматы,43.200628,76.895294,1993,55.0,2.0,5.0,1.0,1.0,2.0,2.0,0.0,2.0
37500000,2,55,алматы,43.252236754384,76.897146105766,2020,1323.0,6.0,13.0,3.0,6.0,2.0,2.0,0.0,2.0
24600000,1,40,алматы,43.314392870365,76.896888141299,2022,2036.0,5.0,5.0,3.0,1.0,2.0,2.0,0.0,2.0
43100000,2,62,алматы,43.24331255684,76.875931342729,2012,463.0,3.0,19.0,3.0,1.0,1.0,2.0,0.0,2.0
47000000,3,57,алматы,43.239757,76.943076,1974,822.0,1.0,5.0,2.0,1.0,2.0,2.0,0.0,2.0
32000000,2,37,алматы,43.224512,76.895833,1965,1601.0,3.0,4.0,2.0,1.0,2.0,2.0,0.0,2.0
38000000,2,70,алматы,43.316733144786,76.975085735321,2019,1244.0,8.0,9.0,3.0,1.0,2.0,2.0,1.0,2.0
53000000,2,55,алматы,43.23581,76.951681,1993,880.0,5.0,5.0,1.0,4.0,2.0,1.0,0.0,2.0
25500000,1,40,алматы,43.228129627344,76.913899424811,1962,3177.0,1.0,4.0,1.0,2.0,2.0,2.0,0.0,2.0
79800000,3,56,алматы,43.227872692908,76.940325473915,2024,2031.0,9.0,21.0,3.0,1.0,1.0,2.0,0.0,2.0
67000000,2,90,алматы,43.210278555985,76.840865228194,2015,912.0,5.0,13.0,3.0,1.0,1.0,2.0,0.0,2.0
75000000,2,58,алматы,43.209159966121,76.893140972655,2024,2199.0,13.0,16.0,3.0,1.0,2.0,2.0,0.0,2.0
34000000,2,64,алматы,43.358468,76.923888,2011,2504.0,1.0,6.0,3.0,1.0,1.0,1.0,0.0,2.0
26500000,1,31,алматы,43.268004,76.937273,1975,1601.0,1.0,5.0,2.0,1.0,1.0,2.0,0.0,2.0
60000000,3,94,алматы,43.302679101756,76.997421511598,2022,1810.0,6.0,7.0,3.0,1.0,2.0,2.0,0.0,2.0
25000000,1,32,алматы,43.315034,76.939806,1972,1601.0,2.0,4.0,1.0,2.0,2.0,2.0,0.0,2.0
15000000,1,20,алматы,43.262629353721,76.898893657842,1977,1552.0,4.0,5.0,1.0,1.0,2.0,2.0,0.0,1.0
45500000,2,48,алматы,43.218052680978,76.890834815623,2020,1750.0,1.0,17.0,3.0,1.0,2.0,2.0,0.0,2.0
52000000,1,52,алматы,43.238011305107,76.890220096604,2024,3020.0,7.0,9.0,3.0,1.0,2.0,2.0,0.0,2.0
34000000,2,53,алматы,43.219907,76.841485,2007,1601.0,10.0,12.0,3.0,1.0,2.0,2.0,0.0,2.0
66000000,2,71,алматы,43.230028241857,76.876761868133,2020,1401.0,3.0,16.0,3.0,1.0,1.0,3.0,0.0,2.0
30500000,1,44,алматы,43.228316,76.832709,1990,1468.0,3.0,5.0,3.0,1.0,2.0,2.0,0.0,2.0
34500000,2,43,алматы,43.215249,76.899184,1979,1923.0,4.0,5.0,2.0,2.0,1.0,2.0,0.0,2.0
75000000,2,73,алматы,43.229331708077,76.939406223611,2019,1072.0,17.0,20.0,3.0,4.0,2.0,2.0,0.0,2.0
39900000,3,92,алматы,43.304840684583,76.920591651446,2006,1601.0,9.0,9.0,3.0,1.0,2.0,1.0,0.0,2.0
23500000,1,33,алматы,43.19671221479,76.876022915344,1976,2089.0,5.0,5.0,2.0,2.0,2.0,2.0,0.0,2.0
58000000,4,77,алматы,43.241682,76.902912,1973,2009.0,2.0,4.0,1.0,2.0,1.0,2.0,0.0,2.0
85000000,3,108,алматы,43.269022,76.946983,2017,1794.0,3.0,16.0,3.0,1.0,1.0,3.0,0.0,2.0
50000000,2,87,алматы,43.287616,77.001421,2010,2131.0,5.0,5.0,3.0,1.0,2.0,3.0,0.0,2.0
70000000,2,83,алматы,43.255036039617,76.970181706168,2020,1844.0,3.0,9.0,3.0,1.0,2.0,3.0,0.0,2.0
40000000,3,62,алматы,43.231475,76.90213,1970,1601.0,1.0,4.0,2.0,1.0,2.0,2.0,0.0,2.0
29000000,1,34,алматы,43.243531679174,76.912599041664,1986,1777.0,5.0,5.0,2.0,4.0,2.0,2.0,0.0,2.0
34000000,2,57,алматы,43.266015,76.821174,2018,1117.0,5.0,12.0,3.0,1.0,2.0,1.0,1.0,2.0
70000000,4,79,алматы,43.228703,76.95302,1992,1347.0,2.0,9.0,3.0,4.0,2.0,1.0,0.0,2.0
20000000,1,34,алматы,43.246959865323,76.805260693575,2025,2691.0,5.0,12.0,3.0,1.0,2.0,2.0,0.0,2.0
28500000,3,56,алматы,43.339312,76.950747,1961,474.0,1.0,3.0,1.0,2.0,2.0,2.0,0.0,2.0
21380000,1,31,алматы,43.335607,76.981937,1965,3470.0,1.0,3.0,1.0,1.0,1.0,2.0,0.0,2.0
35500000,2,68,алматы,43.244164,76.812389,2015,2048.0,3.0,16.0,3.0,1.0,1.0,2.0,0.0,2.0
12500000,1,21,алматы,43.236152,76.785188,2022,1601.0,1.0,6.0,1.0,1.0,1.0,2.0,0.0,2.0
56000000,3,60,алматы,43.224348,76.958841,1977,1032.0,3.0,4.0,1.0,1.0,2.0,2.0,0.0,2.0
46000000,3,120,алматы,43.223995718733,76.793395205343,2012,92.0,3.0,16.0,3.0,1.0,1.0,3.0,0.0,2.0
23500000,1,34,алматы,43.302286871361,76.924631516955,1992,2104.0,3.0,6.0,1.0,1.0,3.0,2.0,0.0,2.0
25500000,1,26,алматы,43.255050161376,76.919979461402,2016,840.0,5.0,13.0,3.0,2.0,1.0,2.0,0.0,2.0
60924000,2,56,алматы,43.231498422523,76.947034296816,2024,979.0,4.0,33.0,3.0,6.0,2.0,2.0,0.0,2.0
49900000,3,67,алматы,43.222673,76.890668,1987,193.0,1.0,5.0,1.0,2.0,2.0,1.0,0.0,2.0
26000000,2,44,алматы,43.344852,76.9858,1973,1104.0,2.0,4.0,2.0,1.0,2.0,1.0,0.0,2.0
19950000,1,49,алматы,43.173656617135,76.799913054092,2025,2069.0,1.0,3.0,3.0,6.0,2.0,2.0,0.0,2.0
27000000,2,42,алматы,43.228414,76.913692,1962,1286.0,4.0,4.0,1.0,1.0,2.0,2.0,0.0,2.0
34000000,2,58,алматы,43.266961,76.821174,2018,2506.0,9.0,12.0,3.0,1.0,2.0,1.0,0.0,2.0
34000000,1,40,алматы,43.199997,76.886131,1977,772.0,8.0,8.0,2.0,1.0,1.0,2.0,0.0,2.0
25500000,1,37,алматы,43.260931736576,76.822558770016,2019,636.0,5.0,12.0,3.0,1.0,1.0,2.0,0.0,2.0
56000000,2,70,алматы,43.26665041551,76.929558019731,2024,3171.0,12.0,12.0,3.0,1.0,1.0,2.0,0.0,2.0
59500000,4,72,алматы,43.242176889871,76.897307522261,1980,1395.0,4.0,5.0,1.0,1.0,2.0,1.0,0.0,2.0
35500000,2,51,алматы,43.329190252207,76.939827966339,2021,1689.0,3.0,10.0,3.0,1.0,2.0,2.0,0.0,2.0
45000000,2,46,алматы,43.240105,76.947127,1974,1601.0,2.0,5.0,2.0,2.0,1.0,1.0,0.0,2.0
28900000,2,42,алматы,43.328978,76.96495,1963,706.0,2.0,5.0,1.0,1.0,1.0,1.0,0.0,2.0
35500000,1,40,алматы,43.231074642998,76.885882615934,2014,601.0,4.0,17.0,3.0,1.0,2.0,2.0,0.0,2.0
42000000,3,84,алматы,43.244138,76.81132,2016,2574.0,4.0,16.0,3.0,1.0,2.0,2.0,0.0,2.0
34500000,2,45,алматы,43.239213076062,76.94268531052,1965,1395.0,1.0,4.0,1.0,4.0,2.0,2.0,0.0,2.0
53000000,4,83,алматы,43.248281,76.888997,1981,1792.0,5.0,5.0,1.0,2.0,2.0,2.0,0.0,2.0
49000000,2,68,алматы,43.288618195627,77.006006431029,2022,2561.0,4.0,9.0,3.0,2.0,2.0,1.0,0.0,2.0
77000000,2,77,алматы,43.207909039956,76.895041477282,2021,1481.0,6.0,6.0,3.0,4.0,2.0,2.0,0.0,2.0
28490000,2,58,алматы,43.223153861682,76.786536875477,2020,1101.0,5.0,10.0,2.0,1.0,1.0,2.0,0.0,2.0
27500000,2,50,алматы,43.261315,76.816584,2017,502.0,2.0,14.0,3.0,1.0,2.0,2.0,0.0,2.0
50500000,2,54,алматы,43.23979,76.948295,1979,2636.0,4.0,5.0,1.0,1.0,2.0,1.0,0.0,2.0
35000000,2,45,алматы,43.208343,76.90099,1985,379.0,5.0,5.0,2.0,1.0,2.0,2.0,0.0,2.0
49000000,3,71,алматы,43.233608122183,76.834227063333,1988,1206.0,6.0,9.0,2.0,2.0,2.0,1.0,0.0,2.0
20500000,1,31,алматы,43.212370349456,76.786062187715,2024,3417.0,3.0,4.0,3.0,1.0,1.0,2.0,0.0,2.0
37000000,2,64,алматы,43.256397,76.82042,2015,1420.0,1.0,12.0,3.0,1.0,2.0,3.0,0.0,2.0
26000000,2,48,алматы,43.289727709799,76.929467966934,1988,594.0,1.0,5.0,1.0,2.0,1.0,1.0,0.0,2.0
50000000,2,52,алматы,43.220059454749,76.886343885961,2023,1959.0,8.0,6.0,3.0,1.0,2.0,2.0,0.0,2.0
62600000,2,70,алматы,43.236190560588,76.89326638096,2016,876.0,13.0,16.0,3.0,1.0,1.0,1.0,0.0,2.0
79900000,3,103,алматы,43.199998640021,76.890745616691,2007,72.0,5.0,22.0,3.0,2.0,2.0,3.0,0.0,2.0
41000000,2,52,алматы,43.2149,76.875675,1989,1601.0,5.0,7.0,2.0,1.0,1.0,1.0,0.0,2.0
76500000,3,98,алматы,43.221384479582,76.866653616557,2015,749.0,5.0,10.0,3.0,2.0,2.0,2.0,0.0,2.0
35000000,2,65,алматы,43.242122,76.814239,2010,1408.0,4.0,9.0,3.0,1.0,1.0,2.0,0.0,2.0
22500000,1,36,алматы,43.317799862224,76.914660722475,1986,1546.0,5.0,5.0,2.0,2.0,2.0,2.0,0.0,2.0
48500000,3,78,алматы,43.243347360965,76.856034062453,2023,2375.0,10.0,16.0,3.0,6.0,2.0,2.0,0.0,2.0
31000000,3,64,алматы,43.224260225768,76.849962393296,1965,1601.0,2.0,4.0,2.0,2.0,2.0,2.0,0.0,2.0
32900000,1,50,алматы,43.221651227139,76.865033494594,2019,1569.0,1.0,10.0,3.0,1.0,1.0,2.0,0.0,2.0
75000000,2,54,алматы,43.226717269996,76.937085340764,2020,1475.0,12.0,19.0,3.0,1.0,1.0,1.0,0.0,2.0
24000000,2,45,алматы,43.386535,77.000065,1968,1601.0,3.0,4.0,1.0,2.0,1.0,1.0,0.0,2.0
28500000,1,51,алматы,43.253505495901,76.825810065763,2011,300.0,2.0,10.0,3.0,2.0,2.0,2.0,0.0,2.0
17000000,1,40,алматы,43.227920782442,76.768884990972,2024,1553.0,2.0,10.0,3.0,5.0,2.0,2.0,0.0,2.0
55000000,2,56,алматы,43.181419235322,76.868746015868,2023,1630.0,2.0,4.0,3.0,5.0,2.0,2.0,0.0,2.0
42900000,2,64,алматы,43.286533,77.00382,2019,73.0,5.0,5.0,3.0,1.0,1.0,2.0,0.0,2.0
34500000,2,43,алматы,43.218915997707,76.893757872352,1969,2571.0,2.0,4.0,2.0,1.0,2.0,2.0,0.0,2.0
35000000,3,74,алматы,43.282346,76.824857,2016,2546.0,4.0,9.0,3.0,1.0,2.0,1.0,1.0,2.0
65000000,2,73,алматы,43.19724954068,76.869229049431,2024,2780.0,3.0,12.0,3.0,1.0,3.0,1.0,0.0,2.0
43500000,2,69,алматы,43.288447548674,76.949766920982,2023,2236.0,5.0,13.0,3.0,1.0,2.0,3.0,0.0,2.0
41500000,3,71,алматы,43.329190252207,76.939827966339,2021,1689.0,3.0,10.0,3.0,2.0,2.0,2.0,0.0,2.0
44000000,2,51,алматы,43.229971,76.927184,1986,1094.0,3.0,5.0,1.0,4.0,2.0,1.0,0.0,2.0
47000000,3,72,алматы,43.198124115838,76.908302238098,1980,2505.0,4.0,5.0,2.0,2.0,2.0,2.0,0.0,2.0
30500000,1,25,алматы,43.267102151835,76.929931640407,2024,2491.0,4.0,12.0,3.0,1.0,2.0,2.0,0.0,2.0
34971720,2,47,алматы,43.230220447078,76.875882103576,2019,1401.0,4.0,16.0,3.0,6.0,2.0,2.0,0.0,2.0
25500000,1,45,алматы,43.310371011949,76.973652904318,2017,2537.0,5.0,9.0,3.0,2.0,2.0,2.0,0.0,2.0
77000000,2,75,алматы,43.207343800535,76.897450162692,2018,1823.0,12.0,14.0,3.0,1.0,2.0,2.0,0.0,2.0
27000000,2,40,алматы,43.230943,76.913934,1960,2558.0,1.0,4.0,1.0,1.0,2.0,2.0,0.0,2.0
65000000,3,132,алматы,43.242654168152,76.876645110678,2011,640.0,10.0,20.0,3.0,2.0,2.0,3.0,0.0,2.0
29900000,1,32,алматы,43.214272941997,76.889320759506,2022,1935.0,11.0,13.0,3.0,6.0,2.0,2.0,0.0,2.0
65000000,3,82,алматы,43.236707153159,76.881629024674,2024,2555.0,6.0,20.0,3.0,5.0,2.0,2.0,0.0,2.0
31000000,1,40,алматы,43.222055,76.847306,1995,1601.0,5.0,9.0,2.0,4.0,2.0,2.0,0.0,2.0
29000000,1,31,алматы,43.227838517855,76.932330749879,1975,120.0,2.0,5.0,2.0,1.0,1.0,2.0,0.0,2.0
60000000,3,78,алматы,43.213615696171,76.897617847883,1989,343.0,1.0,5.0,1.0,1.0,2.0,1.0,0.0,2.0
31500000,1,33,алматы,43.243582185351,76.94203328836,1964,1250.0,3.0,4.0,1.0,2.0,2.0,1.0,0.0,2.0
45000000,2,50,алматы,43.229971,76.927184,1987,1405.0,3.0,5.0,1.0,1.0,1.0,1.0,0.0,2.0
41000000,3,58,алматы,43.231153,76.923959,1969,1601.0,2.0,4.0,2.0,1.0,2.0,2.0,0.0,2.0
26000000,1,40,алматы,43.251676,76.868489,1986,997.0,2.0,9.0,2.0,1.0,2.0,2.0,0.0,2.0
47000000,3,64,алматы,43.265319,76.917734,2020,1522.0,11.0,13.0,3.0,1.0,1.0,2.0,0.0,2.0
50000000,2,45,алматы,43.200696742714,76.896091171511,2019,1094.0,13.0,14.0,3.0,1.0,1.0,2.0,0.0,2.0
73000000,2,70,алматы,43.211365939247,76.897194385529,2020,1125.0,4.0,16.0,3.0,1.0,1.0,2.0,0.0,2.0
41800000,1,49,алматы,43.240719407077,76.87066137358,2021,1468.0,12.0,17.0,3.0,1.0,2.0,2.0,0.0,2.0
32000000,2,43,алматы,43.238293,76.901672,1973,2491.0,3.0,5.0,2.0,2.0,1.0,2.0,0.0,2.0
76000000,3,91,алматы,43.194727434583,76.931100420965,2019,576.0,2.0,8.0,3.0,1.0,1.0,2.0,0.0,2.0
49500000,2,60,алматы,43.208954,76.85752,2021,1440.0,1.0,3.0,2.0,1.0,2.0,2.0,0.0,2.0
24500000,2,46,алматы,43.368935,76.987336,1969,1601.0,2.0,4.0,2.0,1.0,2.0,2.0,0.0,2.0
42500000,3,60,алматы,43.236441,76.83835,1983,248.0,2.0,5.0,2.0,2.0,2.0,2.0,0.0,2.0
21500000,1,30,алматы,43.317069025396,76.914613492065,1986,1601.0,1.0,5.0,2.0,1.0,2.0,2.0,0.0,2.0
32000000,2,44,алматы,43.200306,76.873366,1975,706.0,5.0,5.0,2.0,1.0,2.0,1.0,0.0,2.0
30000000,1,32,алматы,43.195246,76.881101,1982,1601.0,5.0,5.0,1.0,2.0,2.0,2.0,0.0,2.0
28000000,1,37,алматы,43.263044770685,76.820404083747,2017,636.0,4.0,12.0,3.0,1.0,1.0,2.0,0.0,2.0
51950000,3,80,алматы,43.218396,76.888341,2023,1959.0,12.0,16.0,3.0,1.0,2.0,2.0,0.0,2.0
24000000,1,43,алматы,43.324761,76.91636,1989,3134.0,1.0,5.0,2.0,2.0,2.0,1.0,0.0,2.0
65000000,3,132,алматы,43.243799302774,76.875357650351,2011,640.0,10.0,20.0,3.0,2.0,2.0,3.0,0.0,2.0
82000000,3,105,алматы,43.234678505129,76.938064213391,2009,63.0,5.0,9.0,3.0,1.0,1.0,3.0,0.0,2.0
25500000,2,42,алматы,43.3212090017,76.91902711045,1984,2928.0,5.0,5.0,2.0,1.0,1.0,2.0,0.0,2.0
39000000,3,62,алматы,43.327607,76.922693,1985,1601.0,1.0,5.0,2.0,1.0,2.0,1.0,0.0,2.0
66000000,3,110,алматы,43.257382,76.913521,2000,163.0,2.0,6.0,1.0,2.0,2.0,2.0,0.0,2.0
73000000,2,75,алматы,43.204436181418,76.897387504578,2018,871.0,4.0,12.0,3.0,1.0,1.0,3.0,0.0,2.0
40000000,3,54,алматы,43.293337811974,77.008923761423,2022,2021.0,4.0,5.0,3.0,1.0,1.0,2.0,1.0,2.0
28500000,1,40,алматы,43.196258,76.89286,1989,975.0,8.0,9.0,2.0,2.0,2.0,2.0,0.0,2.0
35000000,2,43,алматы,43.196777,76.905769,1977,706.0,2.0,5.0,2.0,1.0,2.0,1.0,0.0,2.0
37000000,3,79,алматы,43.221705980823,76.786440765848,2020,1124.0,5.0,6.0,3.0,2.0,2.0,2.0,0.0,2.0
25000000,2,46,алматы,43.226647,76.882287,1957,120.0,1.0,2.0,1.0,2.0,2.0,2.0,0.0,2.0
61200000,2,81,алматы,43.200680213519,76.810504705162,2025,3300.0,4.0,4.0,3.0,6.0,2.0,3.0,0.0,2.0
39000000,2,42,алматы,43.219729,76.887883,2023,1959.0,16.0,16.0,3.0,1.0,2.0,2.0,0.0,2.0
29500000,2,40,алматы,43.249752,76.882835,1987,1601.0,9.0,9.0,2.0,1.0,2.0,2.0,0.0,2.0
40000000,3,70,алматы,43.184906,76.805409,1989,1601.0,1.0,5.0,2.0,2.0,2.0,1.0,0.0,2.0
25500000,2,45,алматы,43.261538,76.814338,2017,1534.0,1.0,8.0,3.0,2.0,2.0,2.0,0.0,2.0
45500000,3,67,алматы,43.249825,76.869674,1980,1433.0,5.0,5.0,2.0,1.0,2.0,1.0,0.0,2.0
29000000,2,41,алматы,43.209657,76.86954,1962,1707.0,2.0,4.0,1.0,1.0,1.0,2.0,0.0,2.0
29000000,1,36,алматы,43.20647,76.902804,1983,328.0,1.0,9.0,2.0,2.0,2.0,2.0,0.0,2.0
21600000,1,40,алматы,43.221705980823,76.786440765848,2020,1124.0,6.0,6.0,3.0,2.0,1.0,2.0,0.0,2.0
66500000,3,131,алматы,43.248471483368,76.866749815401,2012,52.0,10.0,15.0,3.0,1.0,1.0,2.0,0.0,2.0
48000000,3,70,алматы,43.225459981381,76.844167354491,1990,2031.0,4.0,9.0,2.0,1.0,1.0,1.0,0.0,2.0
48000000,2,108,алматы,43.223841127129,76.792911683095,2012,92.0,8.0,16.0,3.0,1.0,1.0,2.0,0.0,2.0
85000000,3,82,алматы,43.262129,76.943183,1979,2659.0,3.0,9.0,3.0,2.0,2.0,2.0,0.0,2.0
28000000,2,55,алматы,43.266703546156,76.819914404307,2017,1117.0,12.0,12.0,3.0,1.0,2.0,2.0,0.0,2.0
27500000,2,45,алматы,43.206372,76.836652,1985,41.0,1.0,5.0,2.0,1.0,1.0,1.0,0.0,2.0
25000000,1,38,алматы,43.314392870365,76.896888141299,2022,2036.0,4.0,5.0,3.0,6.0,2.0,2.0,0.0,2.0
45000000,2,61,алматы,43.216786,76.880697,2017,2453.0,13.0,16.0,3.0,1.0,1.0,2.0,0.0,2.0
19500000,1,40,алматы,43.32141626497,76.914704293995,1985,1601.0,5.0,5.0,2.0,2.0,2.0,1.0,0.0,2.0
33000000,2,42,алматы,43.258322440143,76.866277456229,2024,2981.0,12.0,12.0,3.0,1.0,1.0,2.0,0.0,2.0
24500000,2,42,алматы,43.241944,76.840245,1972,1601.0,3.0,4.0,1.0,1.0,2.0,2.0,0.0,2.0
25500000,1,36,алматы,43.212051471176,76.85126971895,1995,163.0,1.0,5.0,1.0,2.0,2.0,2.0,0.0,2.0
13800000,1,27,алматы,43.24739267165,76.806197081648,2025,2691.0,5.0,12.0,3.0,6.0,2.0,2.0,0.0,2.0
40000000,1,40,алматы,43.231198493473,76.875074249725,2017,751.0,4.0,12.0,3.0,1.0,2.0,2.0,0.0,2.0
19000000,1,38,алматы,43.364730324605,76.928667563952,2021,2734.0,3.0,9.0,3.0,1.0,2.0,2.0,0.0,2.0
41888888,2,53,алматы,43.213448,76.881523,1991,997.0,1.0,9.0,2.0,2.0,2.0,1.0,0.0,2.0
23500000,1,44,алматы,43.221705980823,76.786440765848,2020,1124.0,3.0,6.0,3.0,1.0,1.0,2.0,0.0,2.0
51500000,2,72,алматы,43.242360128116,76.854388699467,2023,2375.0,4.0,9.0,3.0,6.0,3.0,3.0,0.0,2.0
39500000,1,43,алматы,43.257208152207,76.937191206185,2006,1154.0,2.0,7.0,1.0,2.0,2.0,1.0,0.0,2.0
26000000,1,32,алматы,43.202199,76.837757,1971,1959.0,2.0,2.0,1.0,4.0,2.0,2.0,0.0,2.0
27500000,1,47,алматы,43.250758732832,76.826107541,2010,1601.0,7.0,9.0,3.0,2.0,2.0,2.0,0.0,2.0
28000000,2,40,алматы,43.24130804539,76.835440189815,2018,995.0,8.0,9.0,3.0,1.0,2.0,2.0,0.0,2.0
22500000,2,40,алматы,43.391874398317,77.006517275521,1987,2318.0,2.0,3.0,1.0,2.0,2.0,1.0,0.0,2.0
20300000,1,32,алматы,43.343606,76.984308,1977,1758.0,1.0,3.0,1.0,1.0,2.0,2.0,0.0,2.0
20000000,1,39,алматы,43.291770654432,77.016473574757,2025,1688.0,4.0,9.0,2.0,1.0,2.0,2.0,0.0,2.0
26000000,1,32,алматы,43.265582,76.933778,1969,1601.0,2.0,4.0,2.0,1.0,2.0,2.0,0.0,2.0
45000000,3,62,алматы,43.200661,76.875055,1976,772.0,2.0,5.0,2.0,2.0,2.0,3.0,0.0,2.0
65000000,2,59,алматы,43.230542,76.954349,1990,1601.0,2.0,5.0,1.0,1.0,1.0,3.0,0.0,2.0
32000000,2,42,алматы,43.232362,76.91618,1971,1601.0,1.0,4.0,2.0,1.0,2.0,2.0,0.0,2.0
26000000,1,41,алматы,43.26067787684,76.814966553984,2017,921.0,5.0,8.0,3.0,1.0,1.0,2.0,1.0,2.0
35000000,2,55,алматы,43.240007,76.838269,1991,2637.0,7.0,12.0,3.0,1.0,2.0,2.0,0.0,2.0
37499000,2,67,алматы,43.241064,76.855238,2014,1468.0,6.0,11.0,3.0,2.0,2.0,1.0,0.0,2.0
24500000,1,37,алматы,43.313180983591,76.896672248622,2024,2878.0,2.0,10.0,3.0,1.0,1.0,2.0,0.0,2.0
58500000,3,73,алматы,43.228289,76.938809,1993,92.0,4.0,9.0,2.0,2.0,2.0,1.0,0.0,2.0
50000000,1,45,алматы,43.200845871614,76.896123358019,2019,1094.0,13.0,14.0,3.0,1.0,1.0,2.0,0.0,2.0
34000000,2,50,алматы,43.297969490553,76.832912672311,2024,3245.0,2.0,5.0,3.0,1.0,1.0,1.0,0.0,2.0
54000000,3,87,алматы,43.335404,76.950774,1980,2126.0,1.0,3.0,1.0,1.0,1.0,1.0,0.0,2.0
49500000,3,63,алматы,43.198985,76.884586,1977,209.0,2.0,5.0,2.0,1.0,2.0,2.0,0.0,2.0
62500000,3,70,алматы,43.230956968567,76.885464191328,2019,601.0,12.0,12.0,3.0,1.0,2.0,2.0,0.0,2.0
32500000,2,74,алматы,43.238999868614,76.802500668648,2010,2329.0,2.0,3.0,3.0,1.0,2.0,2.0,0.0,2.0
26000000,1,36,алматы,43.260503549015,76.82140531891,2017,636.0,8.0,12.0,3.0,2.0,1.0,2.0,0.0,2.0
23000000,3,56,алматы,43.283396,76.904682,1962,1023.0,2.0,2.0,1.0,2.0,2.0,1.0,0.0,2.0
40000000,2,56,алматы,43.23600470129,76.882445320481,2024,2555.0,10.0,20.0,2.0,1.0,2.0,2.0,0.0,2.0
25500000,1,41,алматы,43.236092624297,76.808679115483,2020,1171.0,8.0,12.0,3.0,1.0,1.0,2.0,0.0,2.0
30500000,2,66,алматы,43.28081,76.807735,2020,2637.0,5.0,5.0,3.0,1.0,2.0,2.0,1.0,2.0
77500000,2,76,алматы,43.200674256746,76.899601562852,2023,2080.0,18.0,20.0,3.0,1.0,1.0,2.0,0.0,2.0
28500000,1,45,алматы,43.269391723838,76.821048554872,2022,1117.0,12.0,12.0,3.0,2.0,1.0,2.0,1.0,2.0
69500000,3,75,алматы,43.252565909924,76.896048856825,2021,1323.0,12.0,12.0,3.0,1.0,2.0,3.0,0.0,2.0
36500000,1,36,алматы,43.237111,76.88853,2024,997.0,4.0,9.0,3.0,1.0,2.0,2.0,0.0,2.0
27000000,1,37,алматы,43.241145144019,76.835646879623,1982,1390.0,1.0,9.0,2.0,1.0,2.0,2.0,0.0,2.0
28000000,2,48,алматы,43.287894757561,76.940631545979,1963,1527.0,1.0,2.0,2.0,1.0,1.0,2.0,0.0,2.0
82000000,3,100,алматы,43.231074642998,76.885882615934,2018,601.0,9.0,12.0,3.0,1.0,1.0,1.0,0.0,2.0
33500000,3,85,алматы,43.308832628887,77.008266448538,2023,1182.0,4.0,7.0,3.0,6.0,2.0,3.0,0.0,2.0
40000000,2,73,алматы,43.288432639306,77.002830576721,2020,2129.0,1.0,6.0,3.0,1.0,1.0,2.0,0.0,2.0
21000000,1,29,алматы,43.319763,76.839518,2018,1383.0,5.0,5.0,3.0,1.0,2.0,2.0,0.0,2.0
77000000,1,49,алматы,43.230187678466,76.939114198105,2021,1072.0,18.0,21.0,3.0,1.0,1.0,2.0,0.0,2.0
55000000,3,70,алматы,43.246574,76.889249,1982,11.0,5.0,5.0,1.0,2.0,2.0,1.0,0.0,2.0
36500000,2,50,алматы,43.208967468177,76.857569385157,2024,381.0,2.0,3.0,1.0,5.0,3.0,2.0,0.0,2.0
19500000,1,40,алматы,43.357242,76.925055,2008,2115.0,2.0,6.0,3.0,2.0,1.0,2.0,0.0,2.0
33700000,2,55,алматы,43.266209325619,76.892455631928,2016,349.0,5.0,9.0,3.0,1.0,2.0,1.0,0.0,2.0
35500000,1,40,алматы,43.288113607886,76.950676406733,2024,2236.0,7.0,13.0,3.0,1.0,1.0,2.0,0.0,2.0
55000000,2,80,алматы,43.220997,76.843174,2018,1689.0,3.0,9.0,3.0,1.0,2.0,2.0,0.0,2.0
69000000,2,90,алматы,43.210278555985,76.840865228194,2015,912.0,5.0,13.0,3.0,1.0,1.0,2.0,0.0,2.0
23000000,1,42,алматы,43.260405191431,76.814159171941,2017,921.0,2.0,9.0,3.0,2.0,2.0,2.0,0.0,2.0
18500000,1,30,алматы,43.311151625878,76.89667387698,2014,818.0,6.0,8.0,3.0,2.0,2.0,2.0,0.0,2.0
81800000,3,100,алматы,43.207056543676,76.892030531049,2008,67.0,8.0,15.0,3.0,1.0,1.0,3.0,0.0,2.0
40000000,3,60,алматы,43.220209,76.873842,1978,1810.0,4.0,5.0,2.0,1.0,1.0,2.0,0.0,2.0
13400000,1,18,алматы,43.231264266035,76.797298192978,2022,2599.0,1.0,12.0,3.0,1.0,1.0,2.0,0.0,2.0
61500000,2,66,алматы,43.233894267748,76.875101566839,2019,1206.0,11.0,16.0,3.0,1.0,2.0,2.0,0.0,2.0
28200000,1,40,алматы,43.228435917647,76.835756390213,1989,1318.0,7.0,9.0,2.0,2.0,2.0,2.0,0.0,2.0
21500000,2,55,алматы,43.351749,76.842033,1990,1624.0,2.0,5.0,1.0,1.0,1.0,1.0,0.0,2.0
30500000,2,47,алматы,43.241340485664,76.810090851075,2022,11.0,5.0,10.0,3.0,1.0,2.0,2.0,0.0,2.0
62000000,4,96,алматы,43.222967727084,76.837435214235,1993,1601.0,8.0,9.0,2.0,2.0,1.0,1.0,0.0,2.0
46000000,3,82,алматы,43.293337811974,77.008923761423,2021,2021.0,1.0,5.0,3.0,1.0,1.0,2.0,0.0,2.0
54500000,3,74,алматы,43.213780339266,76.850661166717,2005,3014.0,3.0,9.0,3.0,1.0,2.0,1.0,0.0,2.0
32500000,2,45,алматы,43.206727,76.829241,2019,1485.0,3.0,5.0,3.0,2.0,2.0,2.0,0.0,2.0
63000000,3,120,алматы,43.219750173977,76.841610636111,2007,32.0,9.0,12.0,3.0,2.0,2.0,2.0,0.0,2.0
45000000,3,78,алматы,43.252763617273,76.862965458284,2024,2523.0,1.0,13.0,3.0,4.0,2.0,2.0,0.0,2.0
29900000,2,43,алматы,43.17033803735,76.874095921432,2016,23.0,6.0,6.0,3.0,1.0,1.0,2.0,0.0,2.0
42000000,2,52,алматы,43.253224947926,76.914210381614,1988,1998.0,5.0,9.0,2.0,2.0,2.0,1.0,0.0,2.0
37500000,3,60,алматы,43.244827,76.890677,1977,1910.0,1.0,5.0,2.0,1.0,2.0,1.0,0.0,2.0
21500000,2,45,алматы,43.355577,76.988315,1961,1601.0,1.0,3.0,1.0,2.0,2.0,2.0,0.0,2.0
22900000,1,39,алматы,43.212520008912,76.789435622491,2019,1064.0,5.0,9.0,3.0,1.0,2.0,2.0,1.0,2.0
50000000,4,68,алматы,43.37807,76.990965,1976,1601.0,1.0,2.0,1.0,1.0,1.0,2.0,0.0,2.0
73000000,2,75,алматы,43.235939877164,76.899327261929,2015,20.0,5.0,17.0,3.0,1.0,2.0,2.0,0.0,2.0
38900000,3,80,алматы,43.24739267165,76.806197081648,2024,2691.0,4.0,12.0,3.0,1.0,2.0,1.0,0.0,2.0
38000000,2,58,алматы,43.240870487655,76.86020736309,1991,644.0,9.0,9.0,2.0,2.0,2.0,2.0,0.0,2.0
19800000,1,40,алматы,43.209059541386,76.7845168711,2025,3172.0,5.0,9.0,3.0,6.0,2.0,2.0,0.0,2.0
80000000,4,82,алматы,43.210958,76.843237,1993,1601.0,3.0,5.0,2.0,1.0,1.0,1.0,0.0,2.0
59500000,3,88,алматы,43.230851061042,76.885035037885,2016,601.0,13.0,13.0,3.0,1.0,2.0,1.0,0.0,2.0
42000000,3,70,алматы,43.296527,76.976592,2021,1428.0,6.0,9.0,3.0,2.0,2.0,1.0,0.0,2.0
47000000,3,57,алматы,43.23949423107,76.943016991401,1974,2311.0,1.0,5.0,2.0,1.0,3.0,2.0,0.0,2.0
45000000,3,78,алматы,43.254001,76.856029,1993,113.0,2.0,5.0,2.0,2.0,2.0,1.0,0.0,2.0
73500000,3,98,алматы,43.233894267748,76.875101566839,2020,1206.0,9.0,16.0,3.0,6.0,2.0,3.0,0.0,2.0
20500000,1,43,алматы,43.294864102074,76.830434274425,2025,2610.0,3.0,5.0,3.0,1.0,2.0,2.0,0.0,2.0
29500000,1,44,алматы,43.21442852682,76.850614217685,2006,1894.0,7.0,9.0,3.0,2.0,2.0,2.0,0.0,2.0
52500000,2,44,алматы,43.240405217908,76.909024952709,2020,984.0,12.0,16.0,3.0,1.0,2.0,2.0,0.0,2.0
36000000,3,65,алматы,43.211306631208,76.871506291068,1986,403.0,4.0,5.0,2.0,1.0,2.0,2.0,0.0,2.0
31000000,2,52,алматы,43.303547,76.923924,1989,2491.0,4.0,5.0,1.0,2.0,2.0,1.0,0.0,2.0
35000000,3,56,алматы,43.254946,76.907996,1971,2420.0,3.0,4.0,2.0,2.0,2.0,1.0,0.0,2.0
19500000,1,39,алматы,43.281447,76.819979,2016,1020.0,6.0,9.0,3.0,1.0,2.0,2.0,0.0,2.0
61000000,3,92,алматы,43.303856,76.923052,2006,1404.0,9.0,9.0,3.0,1.0,1.0,1.0,0.0,2.0
73000000,3,75,алматы,43.246968,76.940471,1977,292.0,4.0,6.0,2.0,1.0,2.0,2.0,0.0,2.0
42000000,3,96,алматы,43.217598051291,76.773012950618,2022,3346.0,1.0,9.0,3.0,1.0,3.0,3.0,0.0,2.0
26000000,1,47,алматы,43.304912,76.921085,2007,2333.0,7.0,9.0,3.0,1.0,2.0,2.0,0.0,2.0
38000000,3,58,алматы,43.223559,76.864087,1970,2435.0,3.0,4.0,2.0,1.0,2.0,2.0,0.0,2.0
39000000,2,62,алматы,43.222489,76.838566,1993,1601.0,7.0,9.0,2.0,1.0,2.0,1.0,0.0,2.0
9000000,1,11,алматы,43.222338,76.858553,1968,1866.0,1.0,4.0,2.0,1.0,2.0,2.0,0.0,1.0
23000000,1,31,алматы,43.196722313773,76.875186847885,1977,3231.0,4.0,5.0,2.0,1.0,2.0,2.0,0.0,2.0
35000000,1,43,алматы,43.233292686157,76.892785150719,1969,1288.0,3.0,5.0,1.0,2.0,1.0,2.0,0.0,2.0
84000000,2,73,алматы,43.22797255196,76.956046506958,2020,1752.0,6.0,14.0,3.0,1.0,2.0,2.0,0.0,2.0
36000000,2,64,алматы,43.296474811421,76.831837892478,2024,2690.0,5.0,5.0,3.0,6.0,2.0,2.0,0.0,2.0
68800000,3,85,алматы,43.231198493473,76.875074249725,2017,751.0,1.0,12.0,3.0,1.0,2.0,2.0,0.0,2.0
24500000,1,41,алматы,43.26067787684,76.814966553984,2017,921.0,5.0,8.0,3.0,2.0,1.0,2.0,1.0,2.0
45200000,3,75,алматы,43.214611,76.788826,2019,273.0,2.0,9.0,3.0,1.0,1.0,2.0,0.0,2.0
69999990,2,83,алматы,43.268967369064,76.945720911026,2020,1440.0,4.0,10.0,3.0,1.0,1.0,3.0,1.0,2.0
53000000,3,70,алматы,43.219793235114,76.847194176581,1993,941.0,1.0,9.0,2.0,1.0,2.0,1.0,0.0,2.0
27500000,1,31,алматы,43.254565,76.91945,1968,1325.0,1.0,4.0,2.0,1.0,1.0,2.0,0.0,2.0
24900000,2,49,алматы,43.265477,76.84824,2016,819.0,2.0,2.0,2.0,2.0,2.0,2.0,0.0,2.0
80000000,4,120,алматы,43.205216710192,76.893489130639,2020,1552.0,4.0,18.0,3.0,6.0,2.0,2.0,0.0,2.0
30500000,1,41,алматы,43.252111429322,76.878946137573,1981,2491.0,3.0,9.0,2.0,1.0,2.0,2.0,0.0,2.0
75000000,2,105,алматы,43.236355325359,76.883606417403,2009,41.0,13.0,16.0,3.0,1.0,2.0,3.0,0.0,2.0
46000000,3,87,алматы,43.231672,76.801295,2008,3225.0,8.0,9.0,3.0,2.0,1.0,1.0,0.0,2.0
25000000,2,42,алматы,43.30894,76.967034,1964,983.0,1.0,2.0,2.0,2.0,2.0,2.0,0.0,2.0
33500000,3,60,алматы,43.255176,76.876493,1980,291.0,5.0,5.0,2.0,1.0,2.0,1.0,0.0,2.0
25500000,1,43,алматы,43.227954,76.836185,1987,2970.0,2.0,5.0,2.0,1.0,1.0,1.0,0.0,2.0
36500000,3,57,алматы,43.226121059528,76.89170993981,1961,1601.0,2.0,4.0,2.0,1.0,2.0,1.0,0.0,2.0
34000000,2,64,алматы,43.356547,76.921247,2009,1289.0,1.0,6.0,3.0,1.0,3.0,1.0,0.0,2.0
22500000,1,36,алматы,43.318353,76.915938,1986,1846.0,5.0,5.0,2.0,2.0,2.0,2.0,0.0,2.0
25000000,2,52,алматы,43.221705980823,76.786440765848,2020,1124.0,9.0,10.0,3.0,2.0,2.0,2.0,0.0,2.0
54500000,3,70,алматы,43.239344,76.862587,1993,1293.0,8.0,12.0,3.0,1.0,2.0,2.0,1.0,2.0
26300000,2,50,алматы,43.22894,76.781029,2021,1601.0,3.0,6.0,3.0,1.0,1.0,2.0,0.0,2.0
17000000,1,35,алматы,43.221128225175,76.782937732332,2025,3399.0,5.0,9.0,3.0,6.0,2.0,2.0,0.0,2.0
58000000,2,91,алматы,43.237948249458,76.894789432605,2018,876.0,18.0,21.0,3.0,2.0,2.0,3.0,1.0,2.0
43000000,1,47,алматы,43.217577457207,76.878858071238,2025,3426.0,4.0,9.0,3.0,1.0,2.0,2.0,0.0,2.0
28500000,1,36,алматы,43.223008,76.853981,1989,640.0,1.0,5.0,1.0,1.0,1.0,2.0,0.0,2.0
56000000,3,80,алматы,43.268088221424,76.958611420775,2021,1762.0,6.0,12.0,3.0,1.0,1.0,2.0,0.0,2.0
48000000,2,58,алматы,43.221009696864,76.886923955006,2023,1959.0,14.0,18.0,3.0,1.0,2.0,2.0,0.0,2.0
77000000,3,72,алматы,43.262713,76.951942,1978,983.0,4.0,9.0,2.0,1.0,1.0,3.0,0.0,2.0
65000000,3,70,алматы,43.221214,76.936401,1985,1601.0,4.0,5.0,1.0,1.0,2.0,1.0,0.0,2.0
31500000,1,36,алматы,43.235496568118,76.889107746032,1984,1522.0,8.0,9.0,2.0,2.0,2.0,2.0,0.0,2.0
39000000,3,67,алматы,43.205123,76.851124,1986,1124.0,2.0,3.0,1.0,1.0,2.0,1.0,0.0,2.0
22500000,1,36,алматы,43.31752,76.93111,1984,270.0,5.0,5.0,2.0,1.0,2.0,2.0,0.0,2.0
25000000,1,30,алматы,43.260803460841,76.901465945082,2023,1992.0,12.0,12.0,3.0,6.0,2.0,2.0,0.0,2.0
80000000,2,65,алматы,43.186431,76.844072,2023,314.0,2.0,3.0,3.0,1.0,1.0,2.0,0.0,2.0
39210000,2,74,алматы,43.285831,77.001807,2015,2100.0,1.0,5.0,3.0,4.0,3.0,2.0,0.0,2.0
66000000,3,97,алматы,43.230028241857,76.876761868133,2019,1401.0,14.0,16.0,3.0,1.0,2.0,2.0,0.0,2.0
36000000,1,41,алматы,43.203638,76.903334,1990,921.0,7.0,9.0,2.0,2.0,2.0,2.0,0.0,2.0
47500000,2,52,алматы,43.237013880332,76.88858236456,2019,997.0,7.0,9.0,3.0,1.0,1.0,2.0,0.0,2.0
48900000,3,70,алматы,43.228789525163,76.889024771827,1989,1290.0,4.0,5.0,2.0,1.0,2.0,1.0,0.0,2.0
16000000,1,32,алматы,43.209703053903,76.784745179042,2025,3172.0,7.0,9.0,3.0,1.0,2.0,2.0,0.0,2.0
23000000,2,45,алматы,43.32879379427,76.964179301998,1964,777.0,3.0,3.0,1.0,4.0,2.0,2.0,0.0,2.0
53000000,2,50,алматы,43.227869,76.954583,1972,2046.0,3.0,4.0,1.0,1.0,2.0,2.0,0.0,2.0
82000000,4,90,алматы,43.250663250951,76.90631469278,1997,3259.0,1.0,5.0,1.0,2.0,2.0,1.0,0.0,2.0
45000000,3,73,алматы,43.238572535236,76.831016424606,1983,2208.0,4.0,9.0,2.0,1.0,1.0,2.0,0.0,2.0
33000000,2,58,алматы,43.269416,76.820384,2022,1601.0,8.0,12.0,3.0,1.0,2.0,2.0,0.0,2.0
19000000,1,31,алматы,43.299384749366,76.833592057174,2024,3012.0,2.0,5.0,3.0,6.0,2.0,2.0,0.0,2.0
46500000,3,72,алматы,43.2562,76.881397,1987,1601.0,4.0,5.0,2.0,2.0,2.0,1.0,0.0,2.0
35500000,1,42,алматы,43.244993099356,76.915467609787,1991,2548.0,2.0,9.0,1.0,2.0,2.0,2.0,0.0,2.0
75000000,2,63,алматы,43.231061,76.947019,2019,273.0,3.0,33.0,3.0,2.0,3.0,3.0,0.0,2.0
77200000,2,82,алматы,43.208523854873,76.892832802624,2024,2199.0,14.0,16.0,3.0,1.0,2.0,1.0,0.0,2.0
45000000,2,41,алматы,43.199202,76.892806,1984,576.0,1.0,5.0,1.0,2.0,2.0,1.0,0.0,2.0
34000000,1,52,алматы,43.219703270879,76.885486197213,2023,1959.0,13.0,13.0,3.0,6.0,2.0,2.0,0.0,2.0
31000000,2,60,алматы,43.215348473904,76.776248335208,2020,3346.0,1.0,5.0,3.0,1.0,1.0,2.0,0.0,2.0
50000000,3,60,алматы,43.258527665972,76.960619999999,1965,1601.0,4.0,4.0,2.0,1.0,1.0,2.0,0.0,2.0
63500000,2,70,алматы,43.204944887071,76.89719049394,2018,871.0,9.0,12.0,3.0,2.0,1.0,2.0,0.0,2.0
52000000,2,63,алматы,43.258322440143,76.866277456229,2024,2981.0,10.0,12.0,3.0,1.0,2.0,2.0,0.0,2.0
33500000,3,60,алматы,43.255176,76.876493,1980,2130.0,5.0,5.0,2.0,1.0,2.0,1.0,0.0,2.0
65000000,2,59,алматы,43.244497527438,76.923689246178,2021,1324.0,12.0,13.0,3.0,2.0,1.0,1.0,1.0,2.0
37900000,2,60,алматы,43.324047373899,76.913434991396,1985,1324.0,2.0,5.0,2.0,1.0,2.0,1.0,0.0,2.0
28000000,2,56,алматы,43.297931,76.896588,2022,1537.0,9.0,9.0,3.0,1.0,1.0,2.0,0.0,2.0
25000000,1,45,алматы,43.214636183887,76.788833679461,2019,1064.0,6.0,9.0,3.0,1.0,2.0,2.0,0.0,2.0
30000000,1,41,алматы,43.241616,76.856047,1986,2171.0,1.0,5.0,3.0,1.0,2.0,1.0,0.0,2.0
43500000,3,62,алматы,43.258322440143,76.866277456229,2024,2981.0,1.0,12.0,3.0,1.0,2.0,2.0,0.0,2.0
38000000,2,70,алматы,43.207633425926,76.787427811855,2022,2403.0,4.0,10.0,3.0,1.0,1.0,2.0,0.0,2.0
17200000,1,28,алматы,43.221660321742,76.787363445729,2020,1124.0,9.0,10.0,3.0,1.0,2.0,2.0,0.0,2.0
80000000,4,100,алматы,43.234575,76.873735,1986,2233.0,3.0,8.0,1.0,1.0,1.0,1.0,0.0,2.0
31000000,3,63,алматы,43.333024469593,76.952184170638,1971,11.0,4.0,4.0,1.0,2.0,1.0,1.0,0.0,2.0
31000000,2,62,алматы,43.220562733049,76.78730819147,2020,755.0,4.0,10.0,3.0,1.0,2.0,2.0,0.0,2.0
35000000,1,41,алматы,43.218298294283,76.880121253562,2017,534.0,2.0,16.0,3.0,1.0,1.0,2.0,0.0,2.0
49000000,2,62,алматы,43.214272941997,76.889320759506,2023,1935.0,8.0,13.0,3.0,1.0,2.0,2.0,0.0,2.0
40000000,2,58,алматы,43.24739267165,76.806197081648,2024,2691.0,6.0,12.0,3.0,1.0,2.0,1.0,0.0,2.0
40499000,2,50,алматы,43.265063,76.935359,1968,640.0,3.0,6.0,1.0,1.0,2.0,2.0,0.0,2.0
42499999,3,57,алматы,43.23955598465,76.946364953037,1974,92.0,4.0,5.0,2.0,1.0,2.0,2.0,0.0,2.0
36000000,3,57,алматы,43.201233,76.885009,1973,1601.0,4.0,5.0,2.0,1.0,2.0,2.0,0.0,2.0
34000000,3,60,алматы,43.26423938223,76.951606705885,1974,1601.0,5.0,5.0,2.0,1.0,2.0,1.0,0.0,2.0
37000000,2,48,алматы,43.255185519314,76.920570737434,1976,1488.0,2.0,5.0,2.0,2.0,2.0,2.0,0.0,2.0
23500000,1,36,алматы,43.287859,77.003963,2020,2364.0,6.0,9.0,3.0,1.0,2.0,2.0,0.0,2.0
59000000,3,62,алматы,43.218052680978,76.890834815623,2021,1750.0,7.0,13.0,3.0,1.0,1.0,2.0,0.0,2.0
15500000,1,23,алматы,43.242837,76.923924,1972,468.0,4.0,5.0,2.0,2.0,2.0,2.0,0.0,1.0
37000000,2,44,алматы,43.250389,76.896507,1978,2730.0,4.0,5.0,2.0,1.0,2.0,2.0,0.0,2.0
44000000,2,46,алматы,43.239757,76.943076,1974,1601.0,4.0,5.0,2.0,2.0,1.0,2.0,1.0,2.0
21000000,1,32,алматы,43.227856,76.851564,1965,1154.0,3.0,4.0,2.0,1.0,2.0,2.0,0.0,2.0
29900000,1,57,алматы,43.31153489309,76.994432315857,2024,2429.0,2.0,5.0,3.0,5.0,3.0,2.0,0.0,2.0
27000000,2,42,алматы,43.246528,76.897297,1979,214.0,5.0,5.0,2.0,2.0,1.0,2.0,0.0,2.0
45000000,2,54,алматы,43.180064158271,76.86824116834,2017,19.0,5.0,9.0,3.0,2.0,1.0,2.0,0.0,2.0
32500000,2,54,алматы,43.266278160902,76.820055317939,2018,1117.0,11.0,12.0,3.0,1.0,2.0,2.0,0.0,2.0
50000000,2,64,алматы,43.264236,76.940722,1961,2225.0,2.0,4.0,1.0,1.0,2.0,2.0,0.0,2.0
77000000,3,85,алматы,43.250855,76.95841,1982,1979.0,4.0,5.0,1.0,4.0,3.0,1.0,0.0,2.0
33000000,2,61,алматы,43.307451,76.921983,2007,2417.0,1.0,6.0,3.0,2.0,1.0,1.0,0.0,2.0
28200000,1,40,алматы,43.228435917647,76.835756390213,1989,3172.0,7.0,9.0,2.0,2.0,2.0,2.0,0.0,2.0
13700000,1,18,алматы,43.225918,76.862479,1970,433.0,3.0,4.0,2.0,2.0,1.0,2.0,0.0,1.0
26000000,1,39,алматы,43.227737,76.835233,1987,2225.0,2.0,5.0,2.0,2.0,2.0,1.0,0.0,2.0
26000000,1,42,алматы,43.261388058304,76.81747283225,2017,921.0,13.0,14.0,3.0,1.0,2.0,2.0,1.0,2.0
48900000,2,70,алматы,43.230028241857,76.876761868133,2020,1401.0,14.0,16.0,3.0,4.0,2.0,2.0,0.0,2.0
18000000,2,41,алматы,43.343443,76.973313,1956,319.0,2.0,2.0,1.0,1.0,2.0,2.0,0.0,2.0
23500000,1,35,алматы,43.260503549015,76.82140531891,2019,636.0,5.0,12.0,2.0,2.0,2.0,2.0,0.0,2.0
38000000,3,64,алматы,43.255082387873,76.880112396077,1980,1165.0,5.0,5.0,2.0,2.0,2.0,2.0,0.0,2.0
34000000,2,44,алматы,43.234516,76.854268,1963,1851.0,2.0,4.0,2.0,1.0,1.0,2.0,0.0,2.0
75000000,4,83,алматы,43.238684886236,76.909776937046,2011,1.0,3.0,12.0,3.0,2.0,1.0,1.0,0.0,2.0
78000000,3,83,алматы,43.209059,76.893147,2024,2199.0,11.0,16.0,3.0,1.0,2.0,2.0,0.0,2.0
21490000,1,41,алматы,43.358448,76.922289,2010,337.0,4.0,6.0,3.0,1.0,1.0,2.0,0.0,2.0
46000000,2,60,алматы,43.260376,76.82148,2022,636.0,2.0,12.0,3.0,1.0,1.0,2.0,0.0,2.0
32000000,2,45,алматы,43.246970041536,76.852302446655,2021,2129.0,9.0,10.0,3.0,1.0,2.0,2.0,0.0,2.0
40000000,2,52,алматы,43.249851,76.888772,1984,1023.0,5.0,5.0,1.0,1.0,2.0,2.0,0.0,2.0
57500000,2,59,алматы,43.230028241857,76.876761868133,2019,1401.0,14.0,16.0,3.0,1.0,2.0,2.0,0.0,2.0
27000000,2,36,алматы,43.16974607729,76.872367858887,2012,120.0,10.0,10.0,3.0,1.0,1.0,2.0,1.0,2.0
20000000,1,41,алматы,43.32013007148,77.019565810865,2024,1866.0,6.0,9.0,3.0,6.0,2.0,2.0,0.0,2.0
50000000,3,69,алматы,43.20016163298,76.877511579029,1977,72.0,8.0,8.0,2.0,6.0,3.0,1.0,0.0,2.0
24000000,1,33,алматы,43.190224,76.902939,1979,2375.0,5.0,5.0,2.0,1.0,2.0,2.0,0.0,2.0
36500000,3,64,алматы,43.242305,76.833239,1995,788.0,9.0,12.0,3.0,1.0,2.0,1.0,0.0,2.0
59500000,3,84,алматы,43.168431,76.873618,2012,120.0,6.0,10.0,3.0,1.0,2.0,1.0,0.0,2.0
63500000,2,74,алматы,43.204456285472,76.887724889326,2014,123.0,12.0,18.0,3.0,1.0,2.0,2.0,0.0,2.0
75000000,2,68,алматы,43.204342847397,76.890800487791,2014,72.0,1.0,25.0,3.0,1.0,1.0,3.0,0.0,2.0
27379240,2,61,алматы,43.230324044112,76.783371873326,2025,1509.0,7.0,9.0,3.0,1.0,2.0,2.0,0.0,2.0
53000000,3,88,алматы,43.304225720463,76.968728530674,2016,1700.0,6.0,9.0,3.0,1.0,1.0,1.0,0.0,2.0
85000000,2,91,алматы,43.236525727864,76.894326507686,2018,876.0,7.0,21.0,3.0,1.0,1.0,3.0,0.0,2.0
66000000,3,96,алматы,43.212246,76.852741,2005,633.0,7.0,9.0,3.0,1.0,2.0,1.0,0.0,2.0
45000000,3,75,алматы,43.242380529001,76.852537634688,2025,1601.0,8.0,16.0,3.0,1.0,2.0,2.0,0.0,2.0
71200000,2,75,алматы,43.205216710192,76.893489130639,2020,1552.0,13.0,18.0,3.0,1.0,2.0,2.0,0.0,2.0
59500000,3,88,алматы,43.287629,77.00143,2009,73.0,1.0,5.0,3.0,1.0,1.0,3.0,1.0,2.0
70700000,3,92,алматы,43.255229,76.945735,1957,3346.0,3.0,3.0,1.0,2.0,2.0,2.0,0.0,2.0
71000000,3,111,алматы,43.31586,76.909775,2009,1601.0,2.0,8.0,3.0,1.0,2.0,3.0,0.0,2.0
58000000,3,74,алматы,43.241351565687,76.860697565028,1989,1601.0,8.0,9.0,2.0,2.0,2.0,1.0,0.0,2.0
55000000,3,75,алматы,43.237859,76.941099,1965,1601.0,2.0,4.0,1.0,2.0,2.0,1.0,0.0,2.0
54500000,3,80,алматы,43.22057,76.844719,2004,2318.0,4.0,10.0,3.0,1.0,1.0,1.0,0.0,2.0
48000000,2,46,алматы,43.230028241857,76.876761868133,2020,1401.0,6.0,16.0,3.0,2.0,1.0,2.0,0.0,2.0
49500000,3,63,алматы,43.229445,76.89948,1978,1196.0,2.0,5.0,2.0,2.0,2.0,2.0,0.0,2.0
36000000,3,68,алматы,43.266703546156,76.819914404307,2020,1117.0,4.0,12.0,3.0,2.0,2.0,1.0,0.0,2.0
52700000,2,65,алматы,43.230754022994,76.881036758423,2019,983.0,11.0,12.0,3.0,1.0,2.0,1.0,0.0,2.0
33500000,3,60,алматы,43.218994,76.853792,1975,1103.0,3.0,4.0,2.0,2.0,1.0,2.0,0.0,2.0
44000000,3,59,алматы,43.23562,76.881712,1982,310.0,2.0,5.0,2.0,1.0,2.0,1.0,0.0,2.0
35000000,1,41,алматы,43.243004435415,76.854011756098,2023,2375.0,1.0,16.0,3.0,1.0,2.0,2.0,0.0,2.0
58000000,1,42,алматы,43.249785,76.958185,1989,1543.0,2.0,5.0,1.0,1.0,1.0,2.0,0.0,2.0
50000000,3,75,алматы,43.220873,76.844432,2005,3227.0,3.0,9.0,3.0,2.0,2.0,1.0,0.0,2.0
34000000,2,58,алматы,43.260503549015,76.82140531891,2019,636.0,5.0,12.0,3.0,2.0,2.0,2.0,1.0,2.0
45000000,2,59,алматы,43.2302852034,76.882006190008,2023,983.0,7.0,12.0,3.0,1.0,2.0,2.0,0.0,2.0
58000000,3,90,алматы,43.170075901499,76.871005296705,2010,120.0,6.0,9.0,3.0,2.0,1.0,3.0,0.0,2.0
83000000,4,100,алматы,43.236716301955,76.879343032826,2022,1549.0,5.0,18.0,3.0,1.0,1.0,1.0,0.0,2.0
71500000,3,101,алматы,43.237039015421,76.880350238345,2022,1549.0,11.0,20.0,3.0,1.0,2.0,1.0,0.0,2.0
38000000,2,70,алматы,43.221786,76.784173,2021,1601.0,2.0,10.0,3.0,1.0,1.0,2.0,0.0,2.0
22500000,1,41,алматы,43.314352,76.911733,2008,2455.0,5.0,6.0,2.0,2.0,1.0,2.0,0.0,2.0
55000000,2,60,алматы,43.19285440112,76.808899487924,2020,1109.0,1.0,4.0,3.0,1.0,1.0,2.0,0.0,1.0
21000000,1,33,алматы,43.222298,76.871183,1967,1601.0,4.0,4.0,2.0,1.0,2.0,2.0,0.0,2.0
35000000,2,60,алматы,43.248617074286,76.867676060672,2016,810.0,8.0,15.0,3.0,2.0,1.0,2.0,0.0,2.0
28000000,2,55,алматы,43.24739267165,76.806197081648,2024,2691.0,5.0,12.0,3.0,1.0,2.0,2.0,0.0,2.0
28000000,2,63,алматы,43.219493,76.869854,1969,2534.0,1.0,4.0,2.0,2.0,1.0,2.0,0.0,2.0
47000000,2,66,алматы,43.213968,76.849624,2006,1896.0,9.0,9.0,3.0,1.0,1.0,1.0,0.0,2.0
56000000,2,69,алматы,43.206487692472,76.886540086605,2015,123.0,4.0,18.0,3.0,1.0,2.0,2.0,0.0,2.0
33000000,1,46,алматы,43.221346,76.846471,2014,957.0,5.0,10.0,3.0,1.0,1.0,2.0,0.0,2.0
29700000,2,45,алматы,43.200135049261,76.881108298086,1975,1209.0,4.0,5.0,2.0,1.0,1.0,2.0,0.0,2.0
36500000,3,56,алматы,43.261656,76.915866,1970,3426.0,1.0,4.0,2.0,4.0,1.0,1.0,0.0,2.0
30900000,2,56,алматы,43.296108537832,76.979359388297,2020,1428.0,7.0,9.0,3.0,2.0,1.0,1.0,0.0,2.0
26500000,2,48,алматы,43.292679384553,77.013974189649,2024,1998.0,4.0,6.0,2.0,1.0,2.0,2.0,0.0,2.0
28000000,2,43,алматы,43.194235373073,76.905368712967,1977,1601.0,5.0,5.0,2.0,2.0,2.0,2.0,0.0,2.0
74938000,2,82,алматы,43.238011305107,76.890220096604,2024,3020.0,6.0,9.0,3.0,6.0,2.0,2.0,0.0,2.0
32500000,2,58,алматы,43.268409878083,76.820278618023,2020,1601.0,9.0,12.0,3.0,2.0,2.0,1.0,0.0,2.0
28500000,2,44,алматы,43.232868,76.850441,1964,2146.0,1.0,4.0,2.0,1.0,1.0,2.0,0.0,2.0
33500000,2,60,алматы,43.272435,76.892806,2015,1199.0,3.0,9.0,3.0,2.0,2.0,2.0,0.0,2.0
30000000,2,43,алматы,43.17074564247,76.874277321653,2013,23.0,3.0,6.0,3.0,2.0,2.0,2.0,0.0,2.0
26000000,2,66,алматы,43.220031090774,76.796353890209,2012,92.0,9.0,16.0,3.0,1.0,2.0,2.0,0.0,2.0
45000000,3,18,алматы,43.239945471919,76.898432685844,2020,1149.0,18.0,20.0,3.0,1.0,3.0,3.0,0.0,2.0
35500000,1,38,алматы,43.242798322,76.854387186118,2020,2375.0,7.0,16.0,2.0,1.0,2.0,2.0,0.0,2.0
42000000,2,80,алматы,43.24331255684,76.875931342729,2012,463.0,7.0,19.0,3.0,1.0,2.0,2.0,0.0,2.0
39000000,3,62,алматы,43.237384381236,76.828834835471,1989,1159.0,5.0,5.0,3.0,1.0,1.0,2.0,0.0,2.0
51000000,3,76,алматы,43.309852,76.973996,2017,219.0,4.0,9.0,3.0,1.0,2.0,1.0,0.0,2.0
34000000,1,38,алматы,43.252806,76.910476,1976,1485.0,2.0,5.0,1.0,1.0,2.0,2.0,0.0,2.0
38000000,2,64,алматы,43.281165,76.823195,2014,667.0,2.0,9.0,3.0,2.0,2.0,1.0,0.0,2.0
34500000,3,55,алматы,43.246515,76.889949,1977,349.0,5.0,6.0,2.0,1.0,2.0,1.0,0.0,2.0
44000000,2,60,алматы,43.200492242737,76.87811676039,1989,1075.0,5.0,5.0,1.0,1.0,2.0,1.0,0.0,2.0
22490000,1,36,алматы,43.299384749366,76.833592057174,2024,3012.0,2.0,5.0,3.0,1.0,2.0,1.0,0.0,2.0
14900000,1,32,алматы,43.209059541386,76.7845168711,2025,3172.0,9.0,9.0,3.0,1.0,2.0,2.0,0.0,2.0
53000000,3,81,алматы,43.217739,76.83685,2008,3223.0,9.0,10.0,3.0,1.0,2.0,2.0,0.0,2.0
70000000,2,70,алматы,43.204436181418,76.897387504578,2018,871.0,6.0,12.0,3.0,1.0,1.0,2.0,0.0,2.0
27000000,2,40,алматы,43.333811,76.980859,1968,1601.0,3.0,3.0,1.0,2.0,2.0,2.0,0.0,2.0
46500000,1,46,алматы,43.240476251966,76.871208544219,2021,1249.0,4.0,6.0,2.0,1.0,2.0,2.0,0.0,2.0
51000000,3,60,алматы,43.239738,76.947172,1974,1601.0,5.0,5.0,2.0,1.0,2.0,2.0,0.0,2.0
60000000,3,80,алматы,43.217841435364,76.836206068518,2007,2425.0,4.0,10.0,3.0,1.0,1.0,1.0,0.0,2.0
35000000,3,58,алматы,43.247531434825,76.86078974444,1980,1777.0,1.0,5.0,2.0,1.0,1.0,2.0,0.0,2.0
30000000,2,65,алматы,43.355787,76.924903,2008,2630.0,4.0,6.0,3.0,1.0,1.0,1.0,0.0,2.0
40000000,2,68,алматы,43.220584,76.842815,2010,1051.0,11.0,11.0,3.0,1.0,1.0,2.0,0.0,2.0
25000000,1,40,алматы,43.250343,76.868551,1986,1487.0,9.0,9.0,2.0,1.0,2.0,2.0,0.0,2.0
35500000,3,60,алматы,43.235009156621,76.829988195106,1983,1601.0,3.0,5.0,2.0,1.0,2.0,1.0,0.0,2.0
74000000,4,108,алматы,43.179250833109,76.925203800092,2024,2351.0,2.0,3.0,1.0,1.0,2.0,3.0,0.0,2.0
77500000,2,76,алматы,43.207820972016,76.898095626983,2024,1481.0,7.0,17.0,3.0,5.0,2.0,3.0,0.0,2.0
21000000,1,41,алматы,43.306176881777,77.003849118126,2023,2874.0,5.0,5.0,3.0,1.0,3.0,1.0,0.0,2.0
50000000,3,65,алматы,43.330873,77.059282,1970,3137.0,1.0,5.0,2.0,1.0,3.0,2.0,0.0,2.0
23500000,1,40,алматы,43.254520210315,76.863757305955,2024,2388.0,9.0,12.0,3.0,6.0,2.0,2.0,0.0,2.0
35000000,2,70,алматы,43.277824,76.817913,2013,1866.0,3.0,4.0,3.0,1.0,1.0,1.0,1.0,2.0
52900000,4,83,алматы,43.23451,76.828765,1989,3172.0,3.0,5.0,2.0,1.0,2.0,1.0,1.0,2.0
54000000,3,91,алматы,43.238174,76.873914,2012,401.0,20.0,22.0,3.0,1.0,2.0,2.0,0.0,2.0
32000000,2,45,алматы,43.239304,76.836967,1982,1099.0,5.0,5.0,2.0,1.0,1.0,2.0,0.0,2.0
25500000,1,38,алматы,43.199918,76.841476,1994,3414.0,1.0,5.0,1.0,1.0,3.0,2.0,0.0,2.0
37500000,2,53,алматы,43.256233,76.876942,1994,1721.0,5.0,5.0,2.0,1.0,2.0,1.0,0.0,2.0
35500000,1,50,алматы,43.213396,76.848905,2007,1820.0,5.0,9.0,2.0,2.0,2.0,2.0,0.0,2.0
26500000,1,40,алматы,43.23720917066,76.828618717582,1986,957.0,2.0,5.0,2.0,1.0,2.0,2.0,0.0,2.0
31500000,1,35,алматы,43.260586,76.941144,1964,2758.0,3.0,4.0,1.0,1.0,2.0,2.0,0.0,2.0
35000000,2,45,алматы,43.208343,76.90099,1985,2328.0,5.0,5.0,2.0,1.0,2.0,2.0,0.0,2.0
65000000,4,106,алматы,43.210786284541,76.846912293815,2015,735.0,11.0,11.0,3.0,1.0,1.0,3.0,0.0,2.0
49000000,2,69,алматы,43.257218,76.917896,1974,835.0,4.0,5.0,1.0,1.0,2.0,2.0,0.0,2.0
36500000,2,50,алматы,43.227093747521,76.883972371689,1989,2333.0,2.0,5.0,2.0,1.0,2.0,2.0,0.0,2.0
55860000,2,53,алматы,43.226717269996,76.937085340764,2021,1475.0,7.0,6.0,3.0,6.0,2.0,2.0,0.0,2.0
25500000,1,38,алматы,43.297664771908,76.895389647147,2021,1537.0,5.0,8.0,3.0,1.0,1.0,1.0,0.0,2.0
27000000,3,70,алматы,43.345636494853,76.863797125067,1997,2981.0,1.0,5.0,2.0,1.0,2.0,1.0,0.0,2.0
23000000,1,44,алматы,43.280253,76.817051,2018,2322.0,5.0,9.0,3.0,1.0,2.0,2.0,0.0,2.0
24500000,1,31,алматы,43.190993,76.903424,1976,3426.0,5.0,5.0,2.0,1.0,2.0,2.0,0.0,2.0
24700000,1,42,алматы,43.25235693835,76.863372776816,2025,3177.0,9.0,13.0,3.0,6.0,2.0,2.0,0.0,2.0
43000000,2,55,алматы,43.264151,76.942132,1980,1601.0,4.0,5.0,1.0,1.0,1.0,1.0,0.0,2.0
65000000,3,90,алматы,43.233143874976,76.852615552519,2015,733.0,2.0,9.0,3.0,1.0,2.0,1.0,1.0,2.0
30000000,1,41,алматы,43.259800513609,76.866440822184,2024,2981.0,6.0,12.0,3.0,6.0,2.0,2.0,0.0,2.0
23500000,1,31,алматы,43.245615,76.908257,1965,1232.0,1.0,4.0,1.0,2.0,2.0,2.0,0.0,2.0
42333333,3,70,алматы,43.257769368614,76.820115293766,2024,3014.0,2.0,6.0,3.0,1.0,3.0,2.0,0.0,2.0
10000000,1,18,алматы,43.338453,76.949804,1986,2792.0,3.0,5.0,1.0,1.0,1.0,2.0,0.0,1.0
33000000,1,74,алматы,43.219844088365,76.796488783248,2012,92.0,14.0,16.0,3.0,1.0,1.0,2.0,0.0,2.0
53000000,2,62,алматы,43.238378,76.906218,1973,1601.0,4.0,5.0,1.0,1.0,2.0,2.0,0.0,2.0
25000000,2,44,алматы,43.346268,76.990489,1965,2174.0,1.0,3.0,1.0,1.0,1.0,2.0,0.0,2.0
42500000,4,98,алматы,43.294991431161,76.913952583991,1989,692.0,5.0,5.0,2.0,4.0,2.0,1.0,0.0,2.0
74800000,3,113,алматы,43.220068567868,76.842674250656,2019,58.0,3.0,11.0,3.0,1.0,2.0,3.0,0.0,2.0
43000000,2,50,алматы,43.230028241857,76.876761868133,2019,1401.0,5.0,16.0,3.0,1.0,2.0,2.0,0.0,2.0
57000000,1,54,алматы,43.236785177168,76.891503843286,2025,3020.0,5.0,10.0,3.0,6.0,2.0,3.0,0.0,2.0
44000000,2,48,алматы,43.214635256574,76.890733693945,2022,1935.0,8.0,13.0,3.0,1.0,1.0,2.0,0.0,2.0
67000000,3,87,алматы,43.231285,76.883966,2016,601.0,13.0,15.0,3.0,1.0,1.0,3.0,0.0,2.0
27990000,2,44,алматы,43.270998,76.946813,1968,2935.0,2.0,5.0,2.0,2.0,2.0,2.0,0.0,2.0
21500000,1,36,алматы,43.279721,76.82245,2013,1601.0,1.0,5.0,3.0,2.0,2.0,2.0,0.0,2.0
42700000,2,61,алматы,43.252498303905,76.897334442326,2023,1853.0,8.0,13.0,3.0,6.0,2.0,2.0,0.0,2.0
39500000,1,38,алматы,43.236707383549,76.88754107148,2018,997.0,2.0,9.0,3.0,1.0,1.0,2.0,0.0,2.0
60000000,2,70,алматы,43.207836521648,76.914310573629,2005,29.0,2.0,13.0,3.0,2.0,2.0,1.0,0.0,2.0
50000000,2,70,алматы,43.212810816248,76.843896958251,2013,512.0,11.0,16.0,3.0,1.0,1.0,2.0,0.0,2.0
46500000,2,70,алматы,43.212810816248,76.843896958251,2015,512.0,16.0,17.0,3.0,2.0,2.0,1.0,0.0,2.0
49500000,3,63,алматы,43.229445,76.89948,1978,1601.0,2.0,5.0,2.0,1.0,2.0,2.0,0.0,2.0
61500000,2,65,алматы,43.26022979243,76.900351115957,2022,1992.0,13.0,15.0,3.0,1.0,1.0,3.0,0.0,2.0
27379240,2,61,алматы,43.230469366362,76.780980100066,2020,1821.0,6.0,9.0,3.0,1.0,2.0,2.0,0.0,2.0
38000000,3,76,алматы,43.221234387948,76.787165786369,2020,1384.0,3.0,6.0,3.0,1.0,2.0,1.0,0.0,2.0
31500000,3,60,алматы,43.237654766412,76.827818609787,1983,1601.0,1.0,5.0,2.0,2.0,1.0,1.0,0.0,2.0
39500000,2,57,алматы,43.216353,76.890048,2016,2479.0,1.0,12.0,3.0,1.0,2.0,2.0,0.0,2.0
35000000,3,58,алматы,43.26142,76.917878,1973,3465.0,3.0,5.0,2.0,1.0,1.0,2.0,0.0,2.0
26500000,1,47,алматы,43.241688,76.809541,2021,198.0,3.0,9.0,2.0,2.0,1.0,2.0,0.0,2.0
77500000,4,115,алматы,43.213588668345,76.872152033065,2018,1199.0,2.0,17.0,3.0,2.0,2.0,3.0,0.0,2.0
19500000,1,30,алматы,43.297659690676,76.972849095562,1978,754.0,2.0,3.0,1.0,2.0,2.0,2.0,0.0,2.0
28000000,1,42,алматы,43.231096989712,76.832493562958,2018,957.0,4.0,10.0,3.0,1.0,2.0,2.0,0.0,2.0
50500000,3,62,алматы,43.221897,76.932449,1972,109.0,1.0,4.0,2.0,1.0,2.0,2.0,0.0,2.0
35500000,2,59,алматы,43.263133,76.82165,2017,1698.0,7.0,12.0,3.0,1.0,1.0,2.0,0.0,2.0
52000000,2,67,алматы,43.212595015152,76.844508501906,2013,512.0,4.0,16.0,3.0,2.0,2.0,1.0,0.0,2.0
39500000,2,58,алматы,43.206212524592,76.873026846558,1979,2236.0,6.0,9.0,2.0,2.0,2.0,1.0,0.0,2.0
47500000,2,48,алматы,43.199998640021,76.890745616691,2014,72.0,7.0,25.0,3.0,1.0,2.0,2.0,0.0,2.0
32000000,1,34,алматы,43.259535077085,76.939127880947,1966,2612.0,4.0,4.0,1.0,2.0,1.0,2.0,0.0,2.0
30500000,2,55,алматы,43.2675582837,76.820667008449,2020,349.0,5.0,6.0,2.0,1.0,2.0,2.0,0.0,2.0
36000000,1,34,алматы,43.23952968808,76.931593025795,1964,2730.0,3.0,4.0,1.0,2.0,2.0,2.0,0.0,2.0
31000000,1,45,алматы,43.23764053345,76.826906034597,2008,2233.0,9.0,10.0,3.0,1.0,2.0,2.0,0.0,2.0
47500000,3,67,алматы,43.222673,76.890668,1991,784.0,1.0,5.0,1.0,1.0,2.0,2.0,0.0,2.0
83000000,4,115,алматы,43.203592,76.886787,1990,2655.0,1.0,5.0,1.0,1.0,2.0,3.0,0.0,2.0
13900000,2,40,алматы,43.35228,76.844342,1963,2070.0,2.0,2.0,1.0,1.0,2.0,2.0,0.0,2.0
49900000,2,72,алматы,43.195573056205,76.893640629497,2012,7.0,14.0,20.0,3.0,1.0,2.0,2.0,0.0,2.0
68000000,4,98,алматы,43.265859409171,76.918166694123,2022,1522.0,1.0,13.0,3.0,1.0,1.0,3.0,0.0,2.0
41500000,3,76,алматы,43.221245208577,76.785986263139,2019,1124.0,1.0,6.0,3.0,1.0,2.0,1.0,0.0,2.0
50000000,3,88,алматы,43.251041,76.82544,2009,1601.0,1.0,9.0,1.0,1.0,2.0,1.0,0.0,2.0
45000000,1,50,алматы,43.237285422135,76.882590165418,2024,2555.0,16.0,20.0,3.0,6.0,2.0,2.0,0.0,2.0
38500000,2,54,алматы,43.214692317778,76.898560008598,1987,2974.0,5.0,5.0,1.0,1.0,1.0,1.0,0.0,2.0
26500000,1,40,алматы,43.225642033442,76.845321583168,1990,2322.0,1.0,9.0,2.0,2.0,2.0,2.0,0.0,2.0
31500000,3,57,алматы,43.23686819098,76.827141849882,1983,706.0,1.0,5.0,2.0,1.0,2.0,1.0,0.0,2.0
60000000,3,60,алматы,43.218052680978,76.890834815623,2020,1750.0,5.0,17.0,3.0,1.0,1.0,2.0,0.0,2.0
35000000,2,60,алматы,43.264092,76.821884,2017,636.0,9.0,12.0,3.0,2.0,2.0,3.0,1.0,2.0
38000000,3,60,алматы,43.247382485896,76.901334279762,1978,2442.0,5.0,5.0,2.0,1.0,1.0,2.0,0.0,2.0
37499999,1,36,алматы,43.237439,76.893183,1993,901.0,7.0,9.0,1.0,2.0,2.0,2.0,0.0,2.0
22700000,1,36,алматы,43.331129,76.97731,1982,1542.0,4.0,5.0,1.0,2.0,2.0,2.0,0.0,2.0
40000000,3,55,алматы,43.20235,76.882332,1973,1971.0,3.0,5.0,2.0,1.0,2.0,1.0,0.0,2.0
64500000,3,110,алматы,43.286586337212,77.004190685535,2015,73.0,5.0,5.0,3.0,2.0,1.0,3.0,0.0,2.0
33500000,3,54,алматы,43.317723,77.030077,2024,1601.0,7.0,10.0,2.0,1.0,1.0,2.0,0.0,2.0
39000000,2,65,алматы,43.24331255684,76.875931342729,2012,463.0,4.0,18.0,3.0,1.0,1.0,1.0,0.0,2.0
40000000,2,51,алматы,43.228526,76.836724,1986,576.0,4.0,5.0,2.0,2.0,1.0,1.0,0.0,2.0
25500000,1,37,алматы,43.260115410807,76.820820597344,2019,636.0,3.0,12.0,3.0,1.0,1.0,2.0,0.0,2.0
9000000,1,12,алматы,43.289283265814,76.948006660631,1984,2029.0,2.0,3.0,2.0,1.0,2.0,2.0,0.0,1.0
22000000,2,45,алматы,43.199564,76.940524,1990,2974.0,1.0,1.0,3.0,2.0,1.0,2.0,0.0,2.0
43000000,2,62,алматы,43.231264266035,76.797298192978,2022,2599.0,5.0,12.0,3.0,1.0,2.0,2.0,0.0,2.0
61500000,3,92,алматы,43.218298294283,76.880121253562,2008,534.0,14.0,16.0,3.0,2.0,2.0,3.0,0.0,2.0
50000000,2,71,алматы,43.192613750311,76.852419417009,2023,719.0,4.0,4.0,3.0,6.0,2.0,2.0,0.0,2.0
27519600,1,40,алматы,43.261494803805,76.899913108869,2025,1992.0,9.0,15.0,3.0,6.0,2.0,2.0,0.0,2.0
70000000,3,120,алматы,43.287217154284,77.000794140017,2019,73.0,3.0,5.0,3.0,1.0,1.0,3.0,0.0,2.0
69500000,3,88,алматы,43.262554353583,76.918500452423,2019,1542.0,10.0,13.0,3.0,1.0,1.0,2.0,0.0,2.0
60000000,3,100,алматы,43.233951,76.850864,2015,52.0,9.0,9.0,3.0,1.0,2.0,2.0,0.0,2.0
52500000,4,77,алматы,43.25230057893,76.880203543655,1982,1601.0,5.0,5.0,2.0,2.0,1.0,1.0,0.0,2.0
30000000,2,44,алматы,43.226831,76.896588,1962,1770.0,4.0,4.0,2.0,4.0,2.0,2.0,1.0,2.0
65000000,2,55,алматы,43.244137269849,76.923182368168,2021,1324.0,12.0,13.0,3.0,1.0,2.0,3.0,0.0,2.0
36000000,2,58,алматы,43.220432689401,76.845829434532,2006,3277.0,9.0,10.0,3.0,1.0,2.0,1.0,0.0,2.0
39000000,2,68,алматы,43.329482195809,76.940062147167,2021,1689.0,3.0,10.0,3.0,1.0,1.0,1.0,0.0,2.0
27900000,1,32,алматы,43.232808,76.904511,1985,70.0,7.0,9.0,2.0,4.0,2.0,2.0,0.0,2.0
38500000,3,75,алматы,43.30654980253,76.842040458999,2015,1601.0,2.0,5.0,3.0,2.0,2.0,1.0,0.0,2.0
33500000,2,64,алматы,43.274502302328,76.815229655076,2025,2147.0,12.0,12.0,3.0,5.0,2.0,2.0,0.0,2.0
56000000,3,82,алматы,43.218599,76.897684,1973,2129.0,5.0,5.0,1.0,2.0,2.0,2.0,0.0,2.0
44500000,3,80,алматы,43.232391055691,76.839619863754,1988,313.0,5.0,9.0,2.0,2.0,2.0,1.0,0.0,2.0
27000000,1,32,алматы,43.229034198927,76.919835456344,1972,2999.0,4.0,4.0,2.0,2.0,1.0,2.0,0.0,2.0
73000000,4,108,алматы,43.16974607729,76.872367858887,2010,120.0,10.0,10.0,3.0,1.0,2.0,2.0,0.0,2.0
36500000,2,48,алматы,43.214100371398,76.873598001987,2017,1060.0,7.0,17.0,3.0,2.0,2.0,2.0,0.0,2.0
40000000,1,45,алматы,43.217710738818,76.87884397998,2025,3426.0,3.0,9.0,3.0,4.0,2.0,2.0,0.0,2.0
27000000,2,45,алматы,43.172930567205,76.799259062082,2023,2069.0,2.0,3.0,3.0,1.0,2.0,2.0,0.0,2.0
36000000,3,56,алматы,43.238280440912,76.901189923904,1973,1601.0,5.0,5.0,2.0,1.0,2.0,2.0,0.0,2.0
31000000,3,70,алматы,43.329061561954,76.974672999744,1988,2007.0,4.0,5.0,1.0,4.0,2.0,2.0,0.0,2.0
30000000,2,70,алматы,43.273155317181,76.829952298665,2024,2115.0,1.0,7.0,3.0,1.0,2.0,2.0,0.0,2.0
40000000,3,82,алматы,43.324256,76.982637,2023,235.0,9.0,9.0,2.0,1.0,2.0,1.0,0.0,2.0
53000000,2,55,алматы,43.235513874959,76.952271085983,1993,1601.0,5.0,5.0,1.0,2.0,2.0,1.0,0.0,2.0
80000000,3,82,алматы,43.194727434583,76.931100420965,2019,576.0,4.0,8.0,3.0,2.0,2.0,2.0,0.0,2.0
33500000,1,40,алматы,43.252642,76.922055,1987,1420.0,9.0,9.0,2.0,2.0,2.0,2.0,0.0,2.0
48000000,2,48,алматы,43.230028241857,76.876761868133,2019,1401.0,2.0,16.0,3.0,1.0,1.0,2.0,0.0,2.0
80000000,3,80,алматы,43.26215,76.96167,1977,1616.0,5.0,5.0,1.0,1.0,2.0,2.0,0.0,2.0
19000000,1,32,алматы,43.249234,76.899229,1982,1601.0,1.0,5.0,2.0,1.0,2.0,2.0,0.0,1.0
34500000,1,48,алматы,43.213271,76.871911,2017,1601.0,7.0,17.0,3.0,1.0,2.0,2.0,0.0,2.0
47500000,3,86,алматы,43.305522823153,77.007674936643,2024,3026.0,2.0,7.0,3.0,1.0,2.0,3.0,0.0,2.0
40000000,3,62,алматы,43.231475,76.90213,1970,213.0,1.0,4.0,2.0,1.0,2.0,2.0,0.0,2.0
45000000,2,56,алматы,43.215236,76.875891,1991,301.0,6.0,9.0,2.0,1.0,2.0,1.0,0.0,2.0
27000000,2,46,алматы,43.209388,76.867464,1972,1601.0,4.0,4.0,1.0,1.0,2.0,2.0,0.0,2.0
38500000,3,84,алматы,43.241340485664,76.810090851075,2015,11.0,14.0,16.0,3.0,2.0,2.0,3.0,0.0,2.0
68000000,3,87,алматы,43.287616,77.001448,2024,1601.0,1.0,6.0,3.0,1.0,2.0,3.0,0.0,2.0
30500000,2,56,алматы,43.246970041536,76.852302446655,2021,2129.0,6.0,10.0,3.0,6.0,2.0,2.0,0.0,2.0
26000000,2,40,алматы,43.355439,76.924903,2008,1588.0,3.0,6.0,3.0,2.0,2.0,1.0,0.0,2.0
32000000,1,41,алматы,43.218225,76.841764,1988,2147.0,6.0,9.0,1.0,1.0,2.0,2.0,0.0,2.0
26000000,1,45,алматы,43.269594413429,76.821073817409,2023,1117.0,11.0,12.0,3.0,1.0,1.0,2.0,0.0,2.0
40499999,2,68,алматы,43.235913934483,76.822445119049,1990,1601.0,3.0,5.0,1.0,2.0,2.0,2.0,0.0,2.0
29500000,1,45,алматы,43.214572,76.854825,2012,1916.0,4.0,6.0,2.0,1.0,2.0,2.0,0.0,2.0
51000000,2,70,алматы,43.233200185814,76.893069213547,2008,350.0,14.0,18.0,3.0,2.0,2.0,1.0,0.0,2.0
28000000,2,60,алматы,43.309230825152,76.936609520818,2024,3210.0,7.0,9.0,3.0,1.0,2.0,2.0,0.0,2.0
42000000,3,74,алматы,43.313328761525,76.97631812855,2016,706.0,3.0,9.0,3.0,1.0,2.0,1.0,0.0,2.0
33000000,2,60,алматы,43.263534667244,76.822254238063,2019,636.0,10.0,12.0,3.0,1.0,2.0,1.0,0.0,2.0
84000000,3,97,алматы,43.233894267748,76.875101566839,2019,1206.0,3.0,16.0,3.0,1.0,1.0,3.0,0.0,2.0
21000000,1,33,алматы,43.361063,77.135854,1971,1434.0,3.0,4.0,2.0,1.0,1.0,2.0,0.0,2.0
82000000,4,100,алматы,43.230028241857,76.876761868133,2020,1401.0,12.0,16.0,3.0,1.0,1.0,3.0,0.0,2.0
53000000,3,88,алматы,43.221009696864,76.886923955006,2023,1959.0,3.0,10.0,3.0,1.0,2.0,2.0,0.0,2.0
46500000,2,80,алматы,43.23761,76.882646,2024,2204.0,9.0,20.0,3.0,1.0,2.0,2.0,0.0,2.0
29000000,1,41,алматы,43.238463,76.862209,1982,2652.0,5.0,5.0,2.0,2.0,2.0,1.0,0.0,2.0
14300000,1,29,алматы,43.294864102074,76.830434274425,2024,2610.0,3.0,5.0,3.0,6.0,3.0,2.0,0.0,2.0
25000000,2,40,алматы,43.226312,76.890785,1961,1441.0,3.0,4.0,1.0,4.0,2.0,2.0,0.0,2.0
43000000,2,58,алматы,43.260503549015,76.82140531891,2019,636.0,7.0,12.0,3.0,1.0,1.0,2.0,0.0,2.0
83000000,3,95,алматы,43.230106982954,76.955429331799,2016,745.0,9.0,20.0,3.0,1.0,2.0,3.0,0.0,2.0
46000000,2,54,алматы,43.221009696864,76.886923955006,2023,1959.0,5.0,15.0,3.0,1.0,1.0,2.0,0.0,2.0
33000000,1,40,алматы,43.233702035071,76.889304188534,1986,2864.0,8.0,9.0,2.0,2.0,1.0,2.0,0.0,2.0
37000000,2,51,алматы,43.226095,76.885386,1984,1189.0,5.0,5.0,1.0,4.0,1.0,1.0,0.0,2.0
23900000,1,55,алматы,43.288131356088,77.004574543655,2019,1601.0,9.0,9.0,3.0,1.0,1.0,2.0,0.0,2.0
58000000,4,90,алматы,43.227326682647,76.844101599685,1989,198.0,8.0,9.0,2.0,1.0,2.0,1.0,0.0,2.0
55900000,2,53,алматы,43.205216710192,76.893489130639,2021,1552.0,14.0,17.0,3.0,1.0,2.0,2.0,0.0,2.0
23000000,1,40,алматы,43.319953,76.909739,1989,1159.0,4.0,5.0,2.0,1.0,2.0,1.0,0.0,2.0
34800000,2,44,алматы,43.258446548155,76.866019483467,2020,463.0,5.0,12.0,3.0,1.0,1.0,2.0,0.0,2.0
32000000,2,48,алматы,43.221009696864,76.886923955006,2025,1959.0,5.0,17.0,3.0,1.0,2.0,2.0,0.0,2.0
35000000,3,74,алматы,43.282346,76.824857,2016,3265.0,4.0,9.0,3.0,1.0,2.0,1.0,1.0,2.0
22000000,1,40,алматы,43.304397908238,76.840645652779,2015,1821.0,5.0,5.0,3.0,2.0,2.0,2.0,0.0,2.0
53000000,3,75,алматы,43.240171,76.895052,1988,19.0,5.0,9.0,2.0,2.0,1.0,2.0,0.0,2.0
28500000,1,43,алматы,43.287642720717,77.003301447828,2020,1136.0,5.0,7.0,3.0,1.0,1.0,2.0,0.0,2.0
28000000,1,30,алматы,43.221009696864,76.886923955006,2023,1959.0,14.0,18.0,3.0,1.0,1.0,2.0,0.0,2.0
55000000,2,53,алматы,43.219810988901,76.893823321633,2020,1727.0,9.0,10.0,3.0,1.0,1.0,2.0,0.0,2.0
24500000,1,32,алматы,43.196192,76.876394,1980,2299.0,5.0,5.0,2.0,2.0,2.0,2.0,0.0,2.0
72000000,3,90,алматы,43.230906822356,76.885877915344,2014,601.0,8.0,12.0,3.0,2.0,2.0,3.0,0.0,2.0
36500000,3,60,алматы,43.232381,76.898232,1978,2637.0,5.0,5.0,2.0,2.0,2.0,1.0,0.0,2.0
39500000,2,57,алматы,43.216954959984,76.890685462635,2016,1838.0,1.0,12.0,3.0,2.0,2.0,1.0,0.0,2.0
20500000,1,36,алматы,43.232868,76.843533,1969,1773.0,1.0,4.0,2.0,1.0,2.0,2.0,0.0,2.0
43000000,2,40,алматы,43.241504,76.920896,1966,265.0,1.0,4.0,1.0,2.0,1.0,2.0,0.0,2.0
43500000,2,58,алматы,43.168667079084,76.905237991299,2024,2029.0,3.0,3.0,1.0,5.0,2.0,2.0,0.0,2.0
14000000,2,37,алматы,43.348900723069,76.861229000322,1973,1199.0,4.0,6.0,2.0,1.0,2.0,2.0,0.0,2.0
19500000,2,42,алматы,43.208658,76.829214,2019,1588.0,1.0,3.0,1.0,1.0,2.0,2.0,0.0,2.0
40000000,3,68,алматы,43.32762,76.922702,1986,150.0,5.0,5.0,2.0,1.0,2.0,1.0,0.0,2.0
45000000,2,59,алматы,43.2302852034,76.882006190008,2023,983.0,7.0,12.0,3.0,1.0,2.0,2.0,0.0,2.0
55000000,3,60,алматы,43.267932,76.943049,1970,1477.0,3.0,4.0,2.0,1.0,1.0,2.0,0.0,2.0
48000000,2,60,алматы,43.206551291114,76.901553378944,1982,338.0,7.0,9.0,2.0,1.0,1.0,1.0,0.0,2.0
23900000,2,55,алматы,43.286448,77.002894,2020,475.0,9.0,10.0,3.0,1.0,1.0,2.0,0.0,2.0
30000000,1,34,алматы,43.215071,76.898501,1987,480.0,5.0,5.0,1.0,1.0,2.0,2.0,0.0,2.0
30180000,3,70,алматы,43.301991945563,76.995585725441,2025,1263.0,3.0,9.0,3.0,1.0,2.0,2.0,0.0,2.0
35000000,3,76,алматы,43.356088,76.919531,2011,360.0,6.0,6.0,3.0,1.0,2.0,1.0,0.0,2.0
40000000,2,56,алматы,43.235567,76.882844,2024,2555.0,9.0,13.0,3.0,5.0,2.0,2.0,0.0,2.0
44900000,3,66,алматы,43.222298,76.892447,1986,813.0,1.0,5.0,2.0,1.0,2.0,2.0,0.0,2.0
47500000,2,50,алматы,43.236930943868,76.887052909439,2018,997.0,7.0,9.0,3.0,1.0,2.0,2.0,0.0,2.0
27500000,2,45,алматы,43.218455,76.870276,1966,403.0,3.0,4.0,2.0,1.0,2.0,2.0,0.0,2.0
23000000,2,34,алматы,43.211812,76.880966,1973,1601.0,5.0,5.0,2.0,2.0,2.0,2.0,0.0,1.0
21000000,1,45,алматы,43.302047115482,76.996658409928,2025,2513.0,8.0,9.0,3.0,1.0,2.0,2.0,0.0,2.0
55000000,3,62,алматы,43.288618195627,77.006006431029,2023,2561.0,3.0,9.0,3.0,1.0,1.0,2.0,1.0,2.0
40600000,3,97,алматы,43.329332,76.940668,2020,2224.0,4.0,10.0,3.0,6.0,2.0,1.0,0.0,2.0
27500000,1,34,алматы,43.217667,76.856218,1977,1777.0,4.0,6.0,2.0,1.0,2.0,2.0,0.0,2.0
28500000,2,50,алматы,43.261315,76.816584,2017,349.0,4.0,6.0,2.0,1.0,2.0,2.0,0.0,2.0
19500000,1,37,алматы,43.279907667075,76.823270380723,2013,2505.0,1.0,5.0,3.0,2.0,2.0,2.0,1.0,2.0
37500000,2,52,алматы,43.260301165573,76.941636441596,1960,947.0,3.0,4.0,1.0,1.0,2.0,2.0,0.0,2.0
50000000,2,78,алматы,43.212207,76.879655,2006,206.0,8.0,9.0,3.0,2.0,2.0,1.0,0.0,2.0
14500000,1,20,алматы,43.20294240723,76.869219625656,1975,1601.0,4.0,5.0,2.0,1.0,1.0,2.0,0.0,1.0
25000000,1,23,алматы,43.214819466228,76.874148845673,2018,1060.0,17.0,17.0,3.0,1.0,2.0,2.0,0.0,2.0
77900000,2,68,алматы,43.211365939247,76.897194385529,2022,1125.0,3.0,16.0,3.0,1.0,2.0,2.0,0.0,2.0
21900000,2,61,алматы,43.311918,76.89639,2014,349.0,1.0,6.0,3.0,1.0,2.0,2.0,0.0,2.0
58000000,3,70,алматы,43.168667079084,76.905237991299,2025,2029.0,1.0,3.0,3.0,5.0,2.0,2.0,0.0,2.0
37414325,1,47,алматы,43.231869971922,76.879334698374,2025,3401.0,4.0,6.0,3.0,6.0,2.0,2.0,0.0,2.0
42500000,1,38,алматы,43.233537,76.892815,2024,983.0,4.0,12.0,3.0,1.0,2.0,2.0,0.0,2.0
45000000,2,60,алматы,43.167066523572,76.901811063515,2022,3464.0,2.0,6.0,3.0,1.0,2.0,2.0,0.0,2.0
35000000,2,58,алматы,43.261466,76.821075,2020,193.0,10.0,12.0,3.0,1.0,1.0,1.0,0.0,2.0
35500000,1,44,алматы,43.274800631939,76.817315823418,2020,267.0,8.0,12.0,3.0,1.0,3.0,1.0,0.0,2.0
83000001,5,217,алматы,43.16874,76.917528,2019,1404.0,1.0,3.0,3.0,6.0,2.0,3.0,0.0,2.0
39000000,3,80,алматы,43.224538365839,76.783093297972,2019,1124.0,7.0,10.0,3.0,1.0,1.0,1.0,1.0,2.0
48000000,3,72,алматы,43.325396907369,77.021113146697,2023,73.0,2.0,4.0,3.0,1.0,1.0,3.0,0.0,2.0
35000000,2,55,алматы,43.225062383283,76.834819761902,2020,534.0,1.0,12.0,3.0,2.0,1.0,2.0,0.0,2.0
72000000,2,80,алматы,43.200674256746,76.899601562852,2023,2080.0,13.0,20.0,3.0,1.0,2.0,2.0,0.0,2.0
34000000,2,55,алматы,43.265715655409,76.819077555094,2019,1117.0,5.0,12.0,3.0,2.0,1.0,2.0,0.0,2.0
12900000,1,19,алматы,43.223533,76.900558,1984,2984.0,4.0,5.0,2.0,1.0,1.0,1.0,0.0,1.0
39500000,2,44,алматы,43.241058,76.889967,1983,1404.0,3.0,5.0,1.0,2.0,2.0,1.0,0.0,2.0
25000000,1,31,алматы,43.226660512993,76.872960492413,1964,897.0,1.0,4.0,2.0,1.0,2.0,2.0,0.0,2.0
21500000,2,46,алматы,43.346144,77.004961,1956,1921.0,1.0,2.0,1.0,2.0,2.0,2.0,0.0,2.0
63000000,2,73,алматы,43.232298371068,76.884929770359,2022,1714.0,5.0,8.0,3.0,1.0,1.0,2.0,0.0,2.0
28300000,1,29,алматы,43.216444,76.967133,1984,1601.0,3.0,5.0,1.0,1.0,2.0,2.0,0.0,2.0
43000000,2,64,алматы,43.205807,76.901394,1989,719.0,3.0,9.0,2.0,1.0,2.0,2.0,0.0,2.0
47500000,3,67,алматы,43.222673,76.890668,1991,2935.0,1.0,5.0,1.0,1.0,2.0,2.0,0.0,2.0
50000000,4,75,алматы,43.215321,76.856424,1972,1601.0,3.0,4.0,2.0,1.0,2.0,2.0,0.0,2.0
25400000,1,40,алматы,43.294864102074,76.830434274425,2023,2610.0,1.0,5.0,3.0,1.0,1.0,2.0,0.0,2.0
44900000,3,66,алматы,43.222298,76.892447,1986,1329.0,1.0,5.0,2.0,1.0,1.0,2.0,0.0,2.0
34000000,2,45,алматы,43.19566,76.880086,1975,1821.0,4.0,5.0,2.0,1.0,2.0,2.0,0.0,2.0
44000000,2,66,алматы,43.247510845296,76.868886455483,2012,3191.0,9.0,21.0,3.0,2.0,1.0,2.0,0.0,2.0
36000000,1,41,алматы,43.203638,76.903334,1990,1601.0,7.0,9.0,2.0,2.0,2.0,2.0,0.0,2.0
35500000,2,56,алматы,43.210715,76.87227,1986,1154.0,5.0,5.0,2.0,1.0,1.0,1.0,0.0,2.0
43500000,2,60,алматы,43.251847,76.878891,1981,2945.0,4.0,9.0,2.0,1.0,2.0,2.0,0.0,2.0
25500000,2,46,алматы,43.209059541386,76.7845168711,2025,3172.0,1.0,9.0,3.0,6.0,2.0,2.0,0.0,2.0
33999999,1,41,алматы,43.25712801158,76.914003916069,2016,729.0,3.0,13.0,3.0,1.0,2.0,2.0,0.0,2.0
24500000,1,31,алматы,43.245382626011,76.907252878532,1967,2799.0,1.0,4.0,1.0,2.0,2.0,2.0,0.0,2.0
48000000,2,58,алматы,43.217090478354,76.878715233948,2021,3426.0,6.0,9.0,3.0,1.0,2.0,2.0,0.0,2.0
43500000,2,46,алматы,43.236925328583,76.897830839807,2014,20.0,8.0,16.0,2.0,2.0,1.0,2.0,0.0,2.0
36000000,2,45,алматы,43.215676,76.864195,1967,265.0,4.0,4.0,2.0,1.0,1.0,2.0,0.0,2.0
28000000,1,38,алматы,43.236092624297,76.808679115483,2021,1171.0,6.0,16.0,3.0,1.0,2.0,2.0,0.0,2.0
40000000,1,40,алматы,43.231325668676,76.882417584496,2023,2618.0,4.0,6.0,3.0,1.0,2.0,2.0,0.0,2.0
62000000,3,85,алматы,43.2738914822,76.94587589479,2022,1822.0,8.0,13.0,3.0,1.0,2.0,2.0,0.0,2.0
53000000,2,48,алматы,43.234227255462,76.890671254514,2023,2125.0,12.0,12.0,3.0,1.0,1.0,2.0,0.0,2.0
10000000,1,25,алматы,43.301763,76.900451,1987,1601.0,1.0,1.0,3.0,1.0,1.0,2.0,0.0,1.0
34200000,2,44,алматы,43.231757,76.832197,2017,575.0,6.0,9.0,3.0,2.0,2.0,2.0,0.0,2.0
57000000,2,50,алматы,43.207343800535,76.897450162692,2020,1823.0,11.0,14.0,3.0,1.0,1.0,2.0,0.0,2.0
55000000,3,89,алматы,43.16869141345,76.873952914751,2013,120.0,7.0,10.0,3.0,1.0,2.0,2.0,0.0,2.0
45000000,3,75,алматы,43.338597,76.90196,2021,3014.0,4.0,2.0,2.0,1.0,1.0,3.0,0.0,2.0
28500000,1,46,алматы,43.230975302169,76.832160969061,2020,957.0,8.0,10.0,3.0,1.0,2.0,2.0,0.0,2.0
43100000,2,62,алматы,43.24331255684,76.875931342729,2012,463.0,3.0,19.0,3.0,1.0,1.0,2.0,0.0,2.0
36500000,1,41,алматы,43.252504,76.907179,1973,885.0,3.0,5.0,1.0,2.0,2.0,2.0,0.0,2.0
23800000,1,32,алматы,43.228526,76.897639,1963,1601.0,4.0,4.0,2.0,2.0,2.0,2.0,0.0,2.0
42000000,2,42,алматы,43.204349559411,76.886174463123,2016,756.0,7.0,13.0,3.0,1.0,1.0,1.0,0.0,2.0
39000000,2,47,алматы,43.217588011385,76.878253893997,2025,3426.0,1.0,9.0,3.0,1.0,2.0,2.0,0.0,2.0
35500000,2,50,алматы,43.24331255684,76.875931342729,2012,463.0,14.0,19.0,3.0,1.0,2.0,2.0,0.0,2.0
36000000,1,42,алматы,43.243686585854,76.912953093254,1986,1959.0,2.0,5.0,2.0,1.0,2.0,2.0,0.0,2.0
42500000,2,61,алматы,43.272613308543,76.946643980495,2023,1822.0,12.0,13.0,3.0,5.0,2.0,2.0,0.0,2.0
26000000,2,38,алматы,43.244196270008,76.790819160394,1996,2329.0,2.0,2.0,1.0,1.0,2.0,2.0,0.0,2.0
31000000,2,45,алматы,43.226049,76.897747,1962,1601.0,1.0,4.0,2.0,4.0,3.0,2.0,0.0,2.0
65000000,3,90,алматы,43.213988292638,76.792295847579,2022,2075.0,7.0,12.0,3.0,1.0,1.0,3.0,0.0,2.0
35000000,2,52,алматы,43.272028,76.934084,1990,3352.0,2.0,5.0,1.0,2.0,2.0,1.0,0.0,2.0
35500000,2,55,алматы,43.211274,76.871588,1985,2403.0,3.0,5.0,2.0,2.0,2.0,2.0,0.0,2.0
20200000,1,30,алматы,43.319099715354,76.841091119738,2020,1601.0,3.0,5.0,3.0,1.0,2.0,2.0,0.0,2.0
46500000,2,70,алматы,43.212810816248,76.843896958251,2015,512.0,16.0,17.0,3.0,2.0,2.0,1.0,0.0,2.0
21000000,1,32,алматы,43.341995148301,76.941185333721,1987,1294.0,1.0,5.0,1.0,2.0,1.0,2.0,0.0,2.0
21500000,1,36,алматы,43.354987,76.924265,2010,1601.0,1.0,6.0,3.0,1.0,2.0,2.0,0.0,2.0
47000000,3,72,алматы,43.198029925541,76.90835051786,1980,265.0,4.0,5.0,2.0,1.0,2.0,2.0,0.0,2.0
65000000,3,80,алматы,43.227356,76.9259,1975,1206.0,1.0,8.0,2.0,1.0,2.0,2.0,0.0,2.0
17528070,1,38,алматы,43.230113204858,76.780999409875,2020,1821.0,6.0,9.0,3.0,4.0,3.0,2.0,0.0,2.0
22000000,1,30,алматы,43.286304701931,77.005010900884,2020,1601.0,4.0,9.0,3.0,1.0,1.0,2.0,0.0,2.0
27000000,1,37,алматы,43.241353,76.836473,1982,728.0,1.0,9.0,2.0,1.0,2.0,2.0,0.0,2.0
46000000,2,68,алматы,43.245294,76.87551,2011,463.0,5.0,18.0,3.0,1.0,2.0,2.0,0.0,2.0
30000000,1,45,алматы,43.214572,76.854825,2016,123.0,8.0,10.0,3.0,1.0,2.0,2.0,0.0,2.0
74500000,3,102,алматы,43.236631898118,76.880011746081,2022,1549.0,16.0,18.0,3.0,1.0,1.0,1.0,0.0,2.0
28000000,2,40,алматы,43.24130804539,76.835440189815,2018,995.0,8.0,9.0,3.0,1.0,2.0,2.0,0.0,2.0
23000000,1,31,алматы,43.210145429049,76.787599508126,2024,3225.0,4.0,9.0,3.0,1.0,1.0,2.0,0.0,2.0
29900000,2,48,алматы,43.209059541386,76.7845168711,2025,3172.0,1.0,9.0,3.0,1.0,2.0,2.0,0.0,2.0
38000000,1,38,алматы,43.23472,76.90187,1965,1838.0,2.0,3.0,1.0,1.0,2.0,2.0,0.0,2.0
54000000,2,70,алматы,43.239298,76.861661,2017,1343.0,7.0,9.0,3.0,1.0,1.0,2.0,0.0,2.0
47000000,3,89,алматы,43.250974,76.825369,2011,23.0,3.0,9.0,3.0,2.0,1.0,1.0,0.0,2.0
34900000,2,76,алматы,43.243371498701,76.830168863915,2022,2339.0,11.0,12.0,3.0,1.0,2.0,3.0,0.0,2.0
49000000,3,71,алматы,43.225500983203,76.837238678573,1987,813.0,8.0,9.0,2.0,2.0,1.0,2.0,0.0,2.0
36000000,1,40,алматы,43.217588011385,76.878253893997,2025,3426.0,2.0,9.0,3.0,4.0,3.0,2.0,0.0,2.0
59900000,3,75,алматы,43.260212,76.93871,1965,1601.0,2.0,4.0,1.0,1.0,2.0,2.0,0.0,2.0
33500000,2,57,алматы,43.266028,76.892141,2014,2555.0,6.0,9.0,3.0,1.0,2.0,1.0,0.0,2.0
50500000,2,61,алматы,43.262562,76.943678,1975,1124.0,2.0,8.0,2.0,1.0,2.0,2.0,0.0,2.0
59000000,2,60,алматы,43.247080590657,76.911731622196,2019,1529.0,7.0,12.0,3.0,2.0,2.0,2.0,0.0,2.0
26000000,1,33,алматы,43.246846996551,76.869769298853,2022,1833.0,8.0,9.0,3.0,1.0,1.0,2.0,0.0,2.0
53000000,2,50,алматы,43.225380906058,76.958449229495,1972,463.0,3.0,4.0,1.0,1.0,2.0,2.0,0.0,2.0
18999999,1,40,алматы,43.281335,76.821794,2015,335.0,8.0,9.0,3.0,1.0,2.0,2.0,0.0,2.0
22500000,1,36,алматы,43.31842154437,76.914983133591,1986,1120.0,5.0,5.0,2.0,2.0,2.0,2.0,0.0,2.0
71999999,3,91,алматы,43.23912,76.872181,2014,401.0,9.0,12.0,3.0,2.0,1.0,2.0,0.0,2.0
27500000,2,68,алматы,43.215348473904,76.776248335208,2021,3346.0,6.0,10.0,3.0,1.0,1.0,2.0,0.0,2.0
21420000,1,40,алматы,43.296108537832,76.979359388297,2024,1428.0,2.0,9.0,3.0,1.0,2.0,2.0,0.0,2.0
42000000,2,52,алматы,43.214585,76.893408,1958,2531.0,4.0,5.0,2.0,2.0,1.0,1.0,0.0,2.0
21000000,1,29,алматы,43.314392870365,76.896888141299,2023,2036.0,5.0,5.0,3.0,1.0,2.0,2.0,0.0,2.0
48000000,4,85,алматы,43.323574,76.921615,1985,1579.0,5.0,5.0,2.0,2.0,2.0,1.0,0.0,2.0
43000000,2,70,алматы,43.287160851895,76.949416122332,2022,2236.0,11.0,13.0,3.0,1.0,2.0,2.0,0.0,2.0
37000000,2,44,алматы,43.241865,76.88985,1992,633.0,2.0,5.0,1.0,2.0,2.0,2.0,0.0,2.0
25500000,1,46,алматы,43.24739267165,76.806197081648,2024,2691.0,8.0,12.0,3.0,1.0,2.0,2.0,0.0,2.0
32000000,1,47,алматы,43.240719407077,76.87066137358,2021,1468.0,5.0,21.0,3.0,1.0,2.0,2.0,0.0,2.0
34500000,2,55,алматы,43.297664771908,76.895389647147,2021,1537.0,6.0,8.0,3.0,1.0,2.0,2.0,0.0,2.0
22000000,1,32,алматы,43.214973,76.868201,1975,1601.0,1.0,4.0,2.0,2.0,2.0,2.0,0.0,2.0
55000000,3,75,алматы,43.241314,76.902337,1975,2758.0,2.0,5.0,1.0,2.0,2.0,2.0,0.0,2.0
24000000,2,45,алматы,43.224446,76.861491,1964,640.0,4.0,4.0,2.0,2.0,3.0,2.0,0.0,2.0
33000000,2,56,алматы,43.224523094479,76.784383494659,2021,3018.0,9.0,10.0,3.0,2.0,2.0,2.0,0.0,2.0
38888888,3,83,алматы,43.241340485664,76.810090851075,2010,11.0,5.0,9.0,3.0,1.0,1.0,3.0,0.0,2.0
47500000,3,60,алматы,43.240749,76.94295,1975,2387.0,1.0,5.0,2.0,1.0,2.0,2.0,0.0,2.0
30500000,1,34,алматы,43.21507213655,76.898822972699,1987,1199.0,5.0,5.0,1.0,2.0,2.0,2.0,0.0,2.0
45000000,2,42,алматы,43.195745,76.906775,1977,1634.0,3.0,5.0,2.0,1.0,1.0,2.0,0.0,2.0
31500000,1,40,алматы,43.33247368391,76.947347554528,2023,3007.0,1.0,5.0,3.0,1.0,1.0,2.0,1.0,2.0
85000000,2,63,алматы,43.240405217908,76.909024952709,2020,984.0,5.0,15.0,3.0,1.0,1.0,2.0,0.0,2.0
60000000,3,77,алматы,43.200674256746,76.899601562852,2023,2080.0,20.0,20.0,3.0,6.0,3.0,2.0,0.0,2.0
43500000,2,52,алматы,43.25079,76.898941,2012,3015.0,8.0,9.0,3.0,2.0,1.0,2.0,0.0,2.0
76990000,3,105,алматы,43.205087953081,76.885531275997,2015,123.0,14.0,18.0,3.0,1.0,2.0,2.0,0.0,2.0
27500000,1,42,алматы,43.223851456701,76.843489067459,1991,1384.0,9.0,9.0,2.0,1.0,2.0,2.0,0.0,2.0
39999000,2,58,алматы,43.212634,76.850307,1995,2928.0,5.0,5.0,2.0,2.0,1.0,1.0,0.0,2.0
77843950,4,122,алматы,43.229829421575,76.875733962031,2019,1401.0,13.0,16.0,3.0,6.0,2.0,2.0,0.0,2.0
29000000,2,46,алматы,43.228933,76.853684,1963,2771.0,3.0,4.0,2.0,2.0,2.0,2.0,0.0,2.0
38000000,2,40,алматы,43.23713,76.912066,1961,349.0,3.0,4.0,1.0,2.0,1.0,1.0,0.0,2.0
18900000,1,35,алматы,43.309976,76.901376,1982,983.0,2.0,3.0,1.0,2.0,2.0,2.0,0.0,2.0
37000000,3,60,алматы,43.214776,76.900343,1979,1601.0,5.0,5.0,2.0,2.0,2.0,2.0,0.0,2.0
32000000,2,50,алматы,43.260036749,76.901961301666,2024,2729.0,15.0,16.0,3.0,5.0,2.0,2.0,0.0,2.0
30000000,1,59,алматы,43.219990302222,76.796317470774,2012,92.0,7.0,16.0,3.0,2.0,2.0,2.0,0.0,2.0
39000000,2,53,алматы,43.25148291816,76.903137584498,1976,2538.0,3.0,7.0,2.0,1.0,2.0,2.0,0.0,2.0
44500000,2,46,алматы,43.238141229753,76.888064996088,2021,997.0,8.0,9.0,3.0,1.0,2.0,2.0,0.0,2.0
58000000,2,97,алматы,43.203651,76.866377,2006,62.0,7.0,16.0,3.0,1.0,2.0,1.0,0.0,2.0
21800000,2,47,алматы,43.32013007148,77.019565810865,2024,1866.0,3.0,7.0,3.0,5.0,2.0,2.0,0.0,2.0
31500000,3,69,алматы,43.302329141807,76.998867487977,2025,1810.0,5.0,9.0,1.0,6.0,2.0,1.0,0.0,2.0
35000000,2,55,алматы,43.221009696864,76.886923955006,2025,1959.0,7.0,18.0,3.0,6.0,2.0,2.0,0.0,2.0
47500000,2,57,алматы,43.255078,76.952858,1990,1688.0,4.0,5.0,1.0,1.0,2.0,1.0,0.0,2.0
56000000,4,115,алматы,43.246921163091,76.868298546648,2012,3191.0,12.0,21.0,3.0,4.0,2.0,3.0,1.0,2.0
59000000,2,55,алматы,43.193681,76.83817,2021,296.0,1.0,4.0,3.0,1.0,2.0,3.0,0.0,2.0
78000000,2,70,алматы,43.238701634157,76.883277178687,2024,1812.0,14.0,16.0,3.0,1.0,1.0,2.0,0.0,2.0
38500000,3,64,алматы,43.256246,76.880795,1980,1601.0,5.0,6.0,2.0,4.0,2.0,2.0,0.0,2.0
65000000,3,92,алматы,43.166862574852,76.877039725619,2023,2286.0,3.0,4.0,3.0,6.0,3.0,3.0,0.0,2.0
16500000,1,19,алматы,43.201443,76.870555,1982,2033.0,3.0,5.0,2.0,1.0,2.0,2.0,0.0,2.0
37500000,3,67,алматы,43.240787874843,76.830185543655,1993,1601.0,6.0,12.0,3.0,2.0,2.0,1.0,0.0,2.0
27000000,2,45,алматы,43.207514630566,76.86532087368,1970,2403.0,3.0,4.0,1.0,1.0,2.0,1.0,0.0,2.0
50000000,3,60,алматы,43.25861,76.96062,1965,2281.0,4.0,4.0,2.0,1.0,2.0,2.0,0.0,2.0
27000000,2,41,алматы,43.231596597676,76.902076355819,1971,2388.0,2.0,4.0,2.0,2.0,2.0,2.0,0.0,2.0
27500000,2,43,алматы,43.194516,76.904843,1977,1601.0,5.0,5.0,2.0,2.0,2.0,2.0,0.0,2.0
34500000,2,40,алматы,43.226936,76.913503,1962,1275.0,1.0,4.0,1.0,1.0,2.0,2.0,0.0,2.0
20500000,1,31,алматы,43.243199,76.838826,1986,2075.0,4.0,5.0,1.0,1.0,1.0,2.0,0.0,1.0
18500000,1,31,алматы,43.216937,76.776384,2022,3346.0,1.0,10.0,3.0,1.0,2.0,2.0,0.0,2.0
17400000,1,25,алматы,43.212701142146,76.785827251859,2024,3417.0,3.0,4.0,3.0,1.0,2.0,2.0,0.0,2.0
22000000,1,43,алматы,43.281716,76.824875,2017,1601.0,1.0,9.0,3.0,1.0,2.0,2.0,0.0,2.0
27500000,1,42,алматы,43.224448029746,76.843816593921,1991,696.0,9.0,9.0,2.0,1.0,2.0,2.0,0.0,2.0
50000000,3,75,алматы,43.26656,76.91759,2021,1522.0,1.0,13.0,3.0,1.0,1.0,1.0,0.0,2.0
28000000,1,40,алматы,43.236092624297,76.808679115483,2020,1171.0,11.0,16.0,3.0,1.0,2.0,2.0,1.0,2.0
55000000,3,82,алматы,43.268136,76.819629,2021,1117.0,12.0,12.0,3.0,1.0,1.0,1.0,0.0,2.0
58000000,2,63,алматы,43.208523854873,76.892832802624,2024,2199.0,10.0,16.0,3.0,6.0,2.0,2.0,0.0,2.0
14000000,1,20,алматы,43.248728,76.886868,1958,3426.0,2.0,2.0,1.0,1.0,2.0,2.0,0.0,1.0
55000000,3,91,алматы,43.215347361947,76.880843493499,2023,1770.0,12.0,16.0,3.0,5.0,2.0,1.0,0.0,2.0
50000000,2,75,алматы,43.2418003165,76.87602829843,2012,463.0,11.0,18.0,3.0,1.0,1.0,3.0,1.0,2.0
46000000,2,63,алматы,43.261494803805,76.899913108869,2024,1992.0,4.0,15.0,3.0,6.0,2.0,2.0,0.0,2.0
32500000,2,68,алматы,43.253679,76.825127,2010,1959.0,9.0,10.0,3.0,1.0,2.0,1.0,0.0,2.0
48700000,3,87,алматы,43.258322440143,76.866277456229,2024,2981.0,11.0,12.0,3.0,1.0,2.0,2.0,0.0,2.0
50000000,2,71,алматы,43.210906,76.882628,2023,1770.0,17.0,17.0,3.0,6.0,3.0,3.0,0.0,2.0
51500000,2,60,алматы,43.236716301955,76.879343032826,2023,1549.0,16.0,18.0,3.0,1.0,1.0,2.0,0.0,2.0
38000000,2,44,алматы,43.259421838936,76.927587776566,2015,630.0,15.0,16.0,3.0,2.0,2.0,2.0,0.0,2.0
26500000,1,42,алматы,43.214349,76.874831,1989,630.0,8.0,9.0,2.0,2.0,3.0,2.0,0.0,2.0
41000000,2,57,алматы,43.231096989712,76.832493562958,2017,957.0,7.0,10.0,3.0,1.0,1.0,2.0,0.0,2.0
30000000,1,41,алматы,43.306176881777,77.003849118126,2023,2874.0,2.0,5.0,3.0,1.0,2.0,2.0,0.0,2.0
45000000,2,54,алматы,43.265179638936,76.918001685368,2021,1522.0,12.0,13.0,3.0,1.0,1.0,2.0,0.0,2.0
17000000,1,30,алматы,43.311649,76.895923,2015,818.0,1.0,6.0,3.0,1.0,1.0,2.0,0.0,2.0
62000000,2,73,алматы,43.206511012143,76.891760364306,2005,67.0,7.0,13.0,3.0,1.0,2.0,1.0,0.0,2.0
51000000,3,61,алматы,43.250159,76.905319,1981,2527.0,2.0,5.0,1.0,1.0,2.0,2.0,0.0,2.0
28000000,2,43,алматы,43.208775176856,76.829192367467,2019,1767.0,1.0,3.0,3.0,1.0,2.0,2.0,0.0,2.0
42000000,2,65,алматы,43.265697112696,76.91796949886,2020,1522.0,3.0,13.0,3.0,1.0,2.0,2.0,0.0,2.0
33000000,2,42,алматы,43.239337,76.942312,1965,1051.0,4.0,4.0,1.0,1.0,2.0,2.0,0.0,2.0
83000000,3,75,алматы,43.20103245431,76.900631473795,2023,2080.0,9.0,20.0,3.0,1.0,1.0,2.0,0.0,2.0
36000000,3,71,алматы,43.255176,76.876493,1982,2711.0,5.0,5.0,2.0,2.0,2.0,1.0,0.0,2.0
32000000,2,45,алматы,43.246970041536,76.852302446655,2021,2129.0,9.0,10.0,3.0,1.0,1.0,2.0,0.0,2.0
25000000,1,39,алматы,43.214611,76.788826,2018,338.0,8.0,9.0,3.0,1.0,2.0,2.0,0.0,2.0
23500000,1,33,алматы,43.223872837495,76.865004315483,1968,938.0,3.0,4.0,2.0,1.0,2.0,2.0,0.0,2.0
27000000,2,45,алматы,43.172930567205,76.799259062082,2023,2069.0,2.0,3.0,3.0,1.0,2.0,2.0,0.0,2.0
18900000,1,34,алматы,43.230324044112,76.783371873326,2025,1509.0,3.0,9.0,3.0,1.0,2.0,2.0,0.0,2.0
28000000,2,63,алматы,43.175389056104,76.800687712617,2023,2266.0,3.0,4.0,3.0,1.0,2.0,1.0,0.0,2.0
40000000,2,62,алматы,43.235793095966,76.807327625411,2020,1171.0,5.0,16.0,3.0,1.0,2.0,2.0,0.0,2.0
33500000,3,63,алматы,43.244873,76.840237,1974,2080.0,4.0,5.0,3.0,2.0,2.0,2.0,0.0,2.0
45000000,2,95,алматы,43.223578288768,76.793571506513,2012,92.0,12.0,16.0,3.0,1.0,1.0,2.0,0.0,2.0
80000000,3,70,алматы,43.263748760191,76.932084560394,2024,2758.0,2.0,9.0,3.0,1.0,2.0,2.0,0.0,2.0
72000000,3,135,алматы,43.244187548724,76.875833070008,2011,640.0,9.0,20.0,3.0,1.0,1.0,2.0,0.0,2.0
31200000,1,49,алматы,43.221365,76.846498,2014,1601.0,10.0,10.0,3.0,1.0,2.0,2.0,0.0,2.0
39000000,2,61,алматы,43.217991610216,76.779803114701,2022,678.0,9.0,10.0,3.0,1.0,2.0,2.0,0.0,2.0
49500000,2,50,алматы,43.234227255462,76.890671254514,2023,2125.0,8.0,12.0,3.0,1.0,2.0,2.0,0.0,2.0
71500000,3,102,алматы,43.236881,76.879592,2020,2896.0,11.0,18.0,3.0,1.0,2.0,3.0,0.0,2.0
32000000,2,53,алматы,43.246470723123,76.854735032837,2023,3224.0,8.0,9.0,3.0,6.0,2.0,2.0,1.0,2.0
30000000,1,44,алматы,43.24320617919,76.855535171577,2023,2375.0,9.0,16.0,3.0,1.0,2.0,2.0,0.0,2.0
28500000,1,44,алматы,43.281421,76.823968,2014,1601.0,2.0,9.0,3.0,1.0,2.0,2.0,0.0,2.0
33000000,3,58,алматы,43.217069,76.86989,1969,210.0,2.0,4.0,2.0,2.0,2.0,2.0,0.0,2.0
27000000,2,42,алматы,43.228414,76.913692,1962,1601.0,4.0,4.0,1.0,1.0,2.0,2.0,0.0,2.0
23500000,1,44,алматы,43.221227365336,76.785764849174,2020,1124.0,7.0,10.0,3.0,1.0,2.0,2.0,0.0,2.0
54000000,2,52,алматы,43.218052680978,76.890834815623,2020,1750.0,12.0,13.0,3.0,1.0,2.0,2.0,1.0,2.0
56000000,4,91,алматы,43.234726,76.827552,1990,1708.0,1.0,5.0,2.0,1.0,1.0,1.0,1.0,2.0
24800000,1,40,алматы,43.245714,76.839123,1976,706.0,5.0,8.0,2.0,1.0,2.0,2.0,0.0,2.0
67000000,3,110,алматы,43.180514176963,76.868225080325,2008,19.0,4.0,9.0,3.0,2.0,2.0,3.0,0.0,2.0
36000000,3,58,алматы,43.216396378095,76.867806245369,1967,1601.0,3.0,4.0,2.0,2.0,2.0,2.0,0.0,2.0
32000000,2,43,алматы,43.219959,76.898591,1975,1613.0,2.0,5.0,2.0,2.0,2.0,2.0,0.0,2.0
32000000,2,63,алматы,43.360303,76.994881,2007,1172.0,4.0,5.0,3.0,2.0,2.0,1.0,0.0,2.0
29500000,1,35,алматы,43.216353,76.890048,2015,1601.0,11.0,12.0,3.0,4.0,2.0,2.0,0.0,2.0
52000000,2,61,алматы,43.237998737502,76.883581067459,2009,2632.0,9.0,17.0,3.0,1.0,2.0,2.0,0.0,2.0
25490000,1,40,алматы,43.235308188115,76.809065353581,2020,1171.0,8.0,12.0,3.0,2.0,2.0,2.0,0.0,2.0
59500000,3,88,алматы,43.230980503582,76.885421275983,2016,601.0,13.0,13.0,3.0,1.0,2.0,2.0,0.0,2.0
43500000,3,65,алматы,43.227797,76.932332,1978,2974.0,4.0,5.0,2.0,1.0,2.0,1.0,0.0,2.0
55000000,3,61,алматы,43.267164,76.951816,1972,92.0,2.0,5.0,2.0,1.0,1.0,2.0,0.0,2.0
20500000,1,40,алматы,43.210847,76.879223,1969,2974.0,4.0,4.0,1.0,1.0,2.0,1.0,0.0,2.0
32900000,2,53,алматы,43.213278,76.873492,1986,3173.0,1.0,5.0,2.0,2.0,2.0,1.0,0.0,2.0
29700000,2,47,алматы,43.258531,76.820743,2024,1601.0,4.0,6.0,3.0,1.0,2.0,2.0,0.0,2.0
26500000,2,57,алматы,43.323062,76.938656,2024,1124.0,6.0,6.0,3.0,5.0,2.0,2.0,0.0,2.0
35250000,2,55,алматы,43.219985489186,76.88754312849,2023,1959.0,7.0,17.0,3.0,5.0,2.0,2.0,0.0,2.0
15000000,1,18,алматы,43.241984,76.839509,1972,2612.0,2.0,4.0,1.0,4.0,1.0,2.0,0.0,1.0
12000000,1,14,алматы,43.242338,76.92422,1976,2577.0,2.0,5.0,2.0,1.0,1.0,2.0,0.0,1.0
39000000,3,60,алматы,43.225944586663,76.896468339984,1979,1257.0,1.0,5.0,2.0,2.0,2.0,2.0,0.0,2.0
26000000,2,51,алматы,43.337338,76.969953,1991,1601.0,5.0,5.0,2.0,1.0,3.0,1.0,0.0,2.0
63500000,3,68,алматы,43.230025690219,76.935260295868,2020,1325.0,4.0,10.0,3.0,5.0,2.0,1.0,0.0,2.0
84500000,3,73,алматы,43.244539176151,76.922291070073,2021,1601.0,4.0,6.0,2.0,1.0,2.0,2.0,0.0,2.0
67500000,2,85,алматы,43.234678505129,76.938064213391,2008,63.0,10.0,15.0,3.0,1.0,2.0,3.0,0.0,2.0
35000000,1,40,алматы,43.199518,76.874426,1977,2006.0,7.0,8.0,2.0,2.0,2.0,2.0,0.0,2.0
43500000,3,75,алматы,43.255996396311,76.88622605886,1988,1615.0,9.0,9.0,2.0,1.0,1.0,2.0,0.0,2.0
56000000,2,52,алматы,43.247329,76.950873,1976,3346.0,5.0,5.0,1.0,1.0,2.0,1.0,0.0,2.0
39000000,3,87,алматы,43.281775,76.811194,2019,1894.0,2.0,5.0,3.0,1.0,1.0,1.0,0.0,2.0
55500000,2,112,алматы,43.247828,76.840021,2015,11.0,9.0,10.0,3.0,1.0,1.0,3.0,0.0,2.0
65000000,3,110,алматы,43.286586337212,77.004190685535,2019,73.0,2.0,5.0,3.0,2.0,2.0,2.0,0.0,2.0
27500000,1,32,алматы,43.264268346566,76.936020542328,1972,2636.0,4.0,5.0,2.0,1.0,2.0,2.0,0.0,2.0
82000000,2,73,алматы,43.233597364995,76.921806335449,2019,1075.0,10.0,10.0,3.0,1.0,1.0,2.0,0.0,2.0
38000000,3,68,алматы,43.209652937559,76.781805613871,2023,2403.0,9.0,10.0,3.0,1.0,1.0,2.0,0.0,2.0
45000000,3,70,алматы,43.201293936578,76.896301893889,1989,1935.0,5.0,5.0,1.0,1.0,2.0,1.0,0.0,2.0
31000000,1,34,алматы,43.169467298717,76.872217655182,2013,120.0,3.0,10.0,3.0,1.0,2.0,2.0,0.0,2.0
45000000,3,62,алматы,43.190664,76.854466,2021,1601.0,1.0,4.0,1.0,1.0,1.0,2.0,0.0,2.0
83500000,3,100,алматы,43.230028241857,76.876761868133,2019,1401.0,11.0,16.0,3.0,1.0,2.0,2.0,0.0,2.0
37000000,2,50,алматы,43.285299,77.000541,2020,1601.0,5.0,5.0,3.0,1.0,2.0,2.0,0.0,2.0
36000000,3,54,алматы,43.317703346023,77.030086298598,2024,502.0,2.0,10.0,3.0,1.0,2.0,2.0,0.0,2.0
48000000,2,43,алматы,43.246285373798,76.924051217696,2022,1536.0,2.0,12.0,3.0,1.0,1.0,2.0,0.0,2.0
50000000,2,68,алматы,43.285975,76.992779,2021,1896.0,2.0,7.0,2.0,1.0,1.0,2.0,0.0,2.0
51000000,3,73,алматы,43.214171,76.900361,1987,3443.0,5.0,5.0,2.0,2.0,1.0,1.0,0.0,2.0
45000000,2,54,алматы,43.195573056205,76.893640629497,2012,7.0,17.0,18.0,3.0,2.0,2.0,2.0,0.0,2.0
36000000,2,60,алматы,43.211842124281,76.845166096539,1994,471.0,1.0,5.0,2.0,1.0,2.0,2.0,0.0,2.0
27000000,1,46,алматы,43.252860369863,76.863187953526,2024,2523.0,11.0,13.0,3.0,6.0,2.0,2.0,0.0,2.0
60000000,3,70,алматы,43.264768,76.951601,1976,1601.0,7.0,8.0,2.0,1.0,2.0,1.0,0.0,2.0
50500000,3,78,алматы,43.217857,76.840515,1990,1601.0,5.0,5.0,1.0,2.0,2.0,1.0,0.0,2.0
36500000,3,57,алматы,43.226785,76.918489,1961,1039.0,2.0,4.0,2.0,1.0,2.0,2.0,0.0,2.0
72000000,4,100,алматы,43.242436204764,76.832812181427,2018,995.0,4.0,9.0,3.0,1.0,2.0,3.0,0.0,2.0
26000000,1,37,алматы,43.263404165595,76.820959333597,2018,636.0,10.0,12.0,3.0,2.0,2.0,2.0,0.0,2.0
35500000,1,36,алматы,43.21635142805,76.965790660049,1984,897.0,5.0,5.0,1.0,2.0,2.0,2.0,0.0,2.0
38000000,1,42,алматы,43.231198493473,76.875074249725,2017,751.0,12.0,12.0,3.0,2.0,2.0,2.0,0.0,2.0
15000000,1,21,алматы,43.181901043744,76.815180385638,2014,886.0,4.0,2.0,2.0,1.0,1.0,2.0,0.0,2.0
31500000,1,33,алматы,43.246416,76.913746,2019,1601.0,8.0,13.0,3.0,2.0,2.0,2.0,0.0,2.0
46500000,2,50,алматы,43.237463238691,76.8835295397,2009,41.0,7.0,16.0,3.0,1.0,2.0,2.0,0.0,2.0
21500000,1,30,алматы,43.323404722647,76.839215462722,2019,1552.0,2.0,5.0,3.0,1.0,1.0,2.0,1.0,2.0
37500000,3,73,алматы,43.262286,76.821372,2019,636.0,14.0,14.0,3.0,5.0,1.0,3.0,0.0,2.0
22200000,1,36,алматы,43.331129,76.97731,1982,1601.0,4.0,5.0,1.0,2.0,2.0,2.0,0.0,2.0
27000000,1,33,алматы,43.261203,76.920321,1975,2128.0,1.0,5.0,2.0,2.0,1.0,2.0,0.0,2.0
26500000,2,44,алматы,43.219355,76.864689,1969,2691.0,4.0,4.0,2.0,1.0,2.0,2.0,0.0,2.0
28000000,2,53,алматы,43.315875206563,76.913662032295,1998,777.0,5.0,5.0,2.0,2.0,2.0,1.0,0.0,2.0
18550000,1,35,алматы,43.186846,76.831819,2025,1509.0,5.0,9.0,3.0,6.0,2.0,2.0,0.0,2.0
35400000,2,58,алматы,43.219795,76.868309,1977,1527.0,6.0,8.0,2.0,1.0,2.0,1.0,0.0,2.0
58000000,4,90,алматы,43.264768,76.951583,1973,957.0,5.0,8.0,2.0,1.0,2.0,2.0,0.0,2.0
64000000,2,65,алматы,43.235266023162,76.924412285254,2015,667.0,2.0,13.0,3.0,1.0,1.0,1.0,0.0,2.0
52000000,2,61,алматы,43.237463238691,76.8835295397,2009,41.0,9.0,17.0,3.0,1.0,2.0,2.0,0.0,2.0
25900000,2,45,алматы,43.321534,76.908634,1985,2786.0,5.0,5.0,2.0,2.0,2.0,1.0,0.0,2.0
15000000,1,19,алматы,43.225373,76.861643,1966,1601.0,4.0,4.0,2.0,1.0,1.0,1.0,0.0,1.0
33000000,2,47,алматы,43.254520210315,76.863757305955,2024,2388.0,5.0,12.0,3.0,1.0,2.0,2.0,0.0,2.0
41000000,3,89,алматы,43.251067286788,76.814108703041,2011,104.0,9.0,10.0,3.0,2.0,2.0,3.0,0.0,2.0
25000000,2,44,алматы,43.203119,76.869917,1975,2652.0,1.0,5.0,2.0,4.0,2.0,2.0,0.0,2.0
38000000,1,40,алматы,43.25266858708,76.921825229496,1986,2530.0,5.0,9.0,2.0,1.0,2.0,2.0,0.0,2.0
59500000,2,60,алматы,43.230754022994,76.881036758423,2020,983.0,10.0,12.0,3.0,1.0,1.0,2.0,0.0,2.0
22500000,1,52,алматы,43.228582734658,76.779470572509,2023,3471.0,2.0,6.0,3.0,1.0,2.0,2.0,0.0,2.0
43499999,2,54,алматы,43.268532234525,76.946018610861,2020,1440.0,1.0,9.0,3.0,2.0,1.0,2.0,0.0,2.0
36500000,3,56,алматы,43.194128,76.905176,1978,3172.0,5.0,5.0,2.0,1.0,2.0,2.0,0.0,2.0
14500000,2,25,алматы,43.25922,76.924004,1984,2059.0,3.0,4.0,2.0,2.0,1.0,2.0,0.0,2.0
45000000,3,70,алматы,43.250455,76.874004,1989,1601.0,8.0,9.0,2.0,2.0,2.0,2.0,0.0,2.0
85000000,3,104,алматы,43.231074642998,76.885882615934,2014,601.0,11.0,12.0,3.0,2.0,2.0,2.0,0.0,2.0
26000000,2,44,алматы,43.233452,76.862245,1962,1601.0,3.0,4.0,2.0,1.0,2.0,2.0,0.0,2.0
45000000,3,59,алматы,43.262733,76.946067,1975,1117.0,1.0,8.0,2.0,1.0,2.0,1.0,0.0,2.0
36000000,3,64,алматы,43.207173,76.787119,2020,1601.0,8.0,10.0,3.0,1.0,2.0,2.0,0.0,2.0
41900000,2,44,алматы,43.267549047496,76.930323242923,2024,2491.0,6.0,12.0,3.0,1.0,2.0,2.0,0.0,2.0
30000000,1,34,алматы,43.2148728619,76.899066946102,1987,3234.0,5.0,5.0,1.0,2.0,2.0,2.0,0.0,2.0
85000000,3,110,алматы,43.236957141166,76.894037930191,2016,34.0,15.0,16.0,3.0,2.0,1.0,3.0,0.0,2.0
80000000,3,110,алматы,43.216638629654,76.881901383245,2012,109.0,2.0,14.0,3.0,1.0,2.0,2.0,0.0,2.0
62000000,2,75,алматы,43.16974607729,76.872367858887,2015,120.0,3.0,10.0,3.0,1.0,1.0,1.0,0.0,2.0
25000000,1,36,алматы,43.212190040375,76.840816478504,2003,2427.0,9.0,9.0,3.0,1.0,1.0,2.0,0.0,2.0
25000000,1,41,алматы,43.316256056102,76.897415205183,2022,2007.0,4.0,9.0,3.0,1.0,1.0,2.0,0.0,2.0
42000000,2,56,алматы,43.254152,76.946507,1943,730.0,3.0,3.0,1.0,4.0,3.0,1.0,0.0,2.0
48000000,2,53,алматы,43.240997375067,76.94050259259,1972,1515.0,5.0,9.0,2.0,1.0,1.0,2.0,0.0,2.0
22000000,2,53,алматы,43.352417,76.974157,1957,349.0,4.0,6.0,2.0,1.0,2.0,2.0,0.0,2.0
27000000,2,42,алматы,43.246528,76.897297,1979,1601.0,5.0,5.0,2.0,1.0,1.0,2.0,0.0,2.0
31500000,2,46,алматы,43.223224,76.873133,1969,1478.0,3.0,4.0,2.0,1.0,1.0,2.0,0.0,2.0
42000000,3,76,алматы,43.280587,76.819467,2014,1324.0,7.0,9.0,3.0,1.0,1.0,1.0,0.0,2.0
37000000,2,55,алматы,43.236676324507,76.881653421096,2024,2555.0,1.0,6.0,3.0,6.0,2.0,2.0,0.0,2.0
65000000,3,109,алматы,43.243105307149,76.854817110286,2024,2375.0,15.0,16.0,3.0,6.0,2.0,3.0,0.0,2.0
25500000,1,46,алматы,43.308323,76.839832,2017,1407.0,2.0,5.0,3.0,1.0,2.0,2.0,0.0,2.0
32000000,1,48,алматы,43.211074288673,76.858041790919,2025,2148.0,12.0,6.0,3.0,6.0,2.0,2.0,0.0,2.0
38000000,3,90,алматы,43.316256056102,76.897415205183,2022,2007.0,8.0,9.0,3.0,1.0,3.0,1.0,0.0,2.0
54000000,2,74,алматы,43.247545056863,76.919074672551,2006,26.0,3.0,11.0,3.0,2.0,1.0,1.0,0.0,2.0
15000000,1,18,алматы,43.254835,76.913234,1978,1383.0,1.0,5.0,2.0,2.0,2.0,2.0,0.0,2.0
23800000,2,40,алматы,43.345440842608,77.008620484549,1965,1828.0,3.0,3.0,1.0,2.0,1.0,2.0,0.0,2.0
19000000,1,28,алматы,43.210145429049,76.787599508126,2024,3225.0,2.0,9.0,3.0,1.0,1.0,2.0,0.0,2.0
75000000,3,113,алматы,43.212520464777,76.844776722808,2014,512.0,11.0,17.0,3.0,2.0,2.0,3.0,0.0,2.0
32000000,1,46,алматы,43.240733351626,76.856329975583,2018,885.0,4.0,13.0,3.0,1.0,2.0,2.0,0.0,2.0
65000000,3,110,алматы,43.204927790695,76.877060549887,2011,48.0,4.0,16.0,3.0,2.0,1.0,2.0,0.0,2.0
22800000,1,42,алматы,43.357245558275,76.994292080536,2008,1058.0,6.0,6.0,3.0,1.0,1.0,2.0,0.0,2.0
30000000,2,55,алматы,43.290725129799,77.015812782479,2020,723.0,9.0,9.0,2.0,1.0,1.0,2.0,0.0,2.0
25000000,1,40,алматы,43.327433931897,76.941228643986,1987,2676.0,2.0,5.0,1.0,2.0,1.0,1.0,0.0,2.0
44000000,2,52,алматы,43.229971,76.927184,1986,1601.0,3.0,5.0,1.0,4.0,2.0,1.0,0.0,2.0
55000000,1,55,алматы,43.238011305107,76.890220096604,2024,3020.0,1.0,9.0,3.0,6.0,2.0,3.0,0.0,2.0
54000000,2,53,алматы,43.24687168608,76.94855905159,1976,2789.0,5.0,5.0,1.0,1.0,2.0,2.0,0.0,2.0
19000000,1,41,алматы,43.358835,76.923897,2010,2527.0,6.0,6.0,3.0,2.0,2.0,2.0,0.0,2.0
25500000,3,54,алматы,43.306519,76.937219,1975,2764.0,1.0,2.0,2.0,1.0,2.0,2.0,0.0,2.0
58500000,3,70,алматы,43.180064158271,76.86824116834,2015,19.0,6.0,9.0,3.0,1.0,2.0,2.0,0.0,2.0
73000000,4,113,алматы,43.255215,76.904502,2005,817.0,9.0,9.0,3.0,1.0,1.0,1.0,1.0,2.0
52000000,2,54,алматы,43.203012727103,76.873384364015,2021,1137.0,9.0,12.0,3.0,1.0,1.0,1.0,0.0,2.0
65000000,2,54,алматы,43.249857,76.950029,1960,1601.0,4.0,4.0,1.0,1.0,1.0,2.0,0.0,2.0
20000000,1,38,алматы,43.288175420935,77.002457442957,2019,1601.0,1.0,9.0,3.0,1.0,1.0,2.0,0.0,2.0
27000000,1,43,алматы,43.231049919955,76.832257528565,2017,957.0,6.0,10.0,3.0,2.0,2.0,2.0,0.0,2.0
80000000,4,130,алматы,43.175972,76.809694,2009,1564.0,1.0,3.0,1.0,2.0,2.0,3.0,0.0,2.0
75000000,3,65,алматы,43.244497527438,76.923689246178,2021,1324.0,2.0,13.0,3.0,1.0,2.0,2.0,0.0,2.0
53000000,3,117,алматы,43.286586337212,77.004190685535,2019,73.0,5.0,5.0,3.0,2.0,2.0,1.0,0.0,2.0
50100000,2,82,алматы,43.24331255684,76.875931342729,2012,463.0,12.0,19.0,3.0,1.0,1.0,1.0,0.0,2.0
56500000,3,81,алматы,43.256625129586,76.920062102754,1977,640.0,5.0,5.0,1.0,2.0,2.0,1.0,0.0,2.0
70000000,2,75,алматы,43.210072608673,76.899199721319,2020,1526.0,9.0,10.0,3.0,1.0,2.0,2.0,0.0,2.0
35000000,2,44,алматы,43.226108,76.903433,1968,1305.0,4.0,4.0,1.0,1.0,2.0,2.0,0.0,2.0
15000000,2,33,алматы,43.289053,76.926708,1965,2059.0,1.0,2.0,1.0,1.0,2.0,2.0,0.0,1.0
39500000,2,63,алматы,43.236388,76.881397,2024,2555.0,2.0,20.0,3.0,6.0,2.0,2.0,0.0,2.0
85000000,3,103,алматы,43.230028241857,76.876761868133,2019,1401.0,15.0,16.0,3.0,1.0,2.0,2.0,0.0,2.0
15500000,1,31,алматы,43.341154757994,76.930470818676,2025,3178.0,3.0,9.0,3.0,6.0,2.0,2.0,0.0,2.0
24000000,2,42,алматы,43.353217845772,76.925154533729,1968,1924.0,1.0,3.0,2.0,1.0,2.0,2.0,0.0,2.0
36500000,1,42,алматы,43.24320617919,76.855535171577,2023,2375.0,10.0,15.0,3.0,1.0,1.0,2.0,0.0,2.0
27500000,1,45,алматы,43.268195,76.820285,2021,1117.0,6.0,12.0,3.0,1.0,2.0,2.0,0.0,2.0
34500000,2,43,алматы,43.21573087049,76.899905070122,1979,1154.0,4.0,5.0,2.0,2.0,2.0,2.0,0.0,2.0
45000000,1,41,алматы,43.212070599536,76.878044385594,2015,695.0,11.0,14.0,3.0,1.0,1.0,2.0,0.0,2.0
25000000,1,47,алматы,43.323428664825,77.030528663206,2020,880.0,8.0,12.0,3.0,1.0,1.0,2.0,0.0,2.0
33000000,1,39,алматы,43.232289197584,76.892286075852,2025,2971.0,8.0,9.0,3.0,5.0,2.0,2.0,0.0,2.0
40000000,1,30,алматы,43.243185,76.942546,1963,2932.0,2.0,5.0,1.0,1.0,2.0,2.0,0.0,2.0
36500000,1,40,алматы,43.230697810474,76.831165850807,2014,527.0,4.0,13.0,3.0,1.0,2.0,2.0,0.0,2.0
49600000,4,74,алматы,43.198098,76.883095,1978,349.0,5.0,5.0,2.0,1.0,2.0,1.0,0.0,2.0
32500000,2,33,алматы,43.246313187186,76.911149780307,1985,2103.0,1.0,5.0,1.0,2.0,1.0,2.0,0.0,2.0
31500000,3,73,алматы,43.244969617861,76.807604550194,2024,2691.0,1.0,12.0,3.0,1.0,2.0,2.0,0.0,2.0
43500000,2,65,алматы,43.230232624272,76.867046356201,2018,1148.0,2.0,7.0,3.0,2.0,2.0,2.0,0.0,2.0
40000000,2,61,алматы,43.247510845296,76.868886455483,2012,3191.0,4.0,6.0,3.0,2.0,1.0,2.0,0.0,2.0
60000000,4,86,алматы,43.239087,76.929475,1971,19.0,4.0,4.0,1.0,2.0,2.0,1.0,0.0,2.0
51500000,2,65,алматы,43.245037,76.870123,2022,2577.0,2.0,10.0,3.0,1.0,2.0,2.0,0.0,2.0
57000000,2,87,алматы,43.214819466228,76.874148845673,2017,1060.0,16.0,17.0,3.0,1.0,2.0,1.0,0.0,2.0
82000000,1,50,алматы,43.207811,76.894585,2021,23.0,6.0,12.0,3.0,1.0,1.0,2.0,0.0,2.0
57000000,3,74,алматы,43.226673,76.845222,2019,1625.0,4.0,9.0,3.0,1.0,2.0,2.0,0.0,2.0
39500000,3,78,алматы,43.266895,76.820536,2012,875.0,5.0,5.0,3.0,1.0,2.0,1.0,0.0,2.0
46000000,3,83,алматы,43.252763617273,76.862965458284,2024,2523.0,7.0,13.0,3.0,5.0,2.0,2.0,0.0,2.0
45000000,2,52,алматы,43.211385,76.876888,1989,250.0,5.0,9.0,2.0,2.0,2.0,1.0,0.0,2.0
46500000,2,55,алматы,43.206765899298,76.884973825779,2015,123.0,7.0,18.0,3.0,1.0,2.0,2.0,0.0,2.0
24500000,1,34,алматы,43.304256,76.925909,1993,1601.0,6.0,6.0,1.0,2.0,2.0,2.0,0.0,2.0
31800000,2,70,алматы,43.221705980823,76.786440765848,2020,1124.0,3.0,10.0,3.0,1.0,1.0,2.0,0.0,2.0
35000000,2,48,алматы,43.228427,76.921453,1972,3124.0,3.0,4.0,2.0,1.0,2.0,2.0,0.0,2.0
49500000,3,87,алматы,43.251165933263,76.825990162773,2011,678.0,4.0,9.0,3.0,1.0,2.0,1.0,0.0,2.0
74500000,3,80,алматы,43.236716301955,76.879343032826,2022,1549.0,7.0,18.0,3.0,1.0,2.0,2.0,0.0,2.0
55000000,3,80,алматы,43.221009696864,76.886923955006,2025,1959.0,6.0,13.0,3.0,6.0,2.0,2.0,0.0,2.0
56000000,2,58,алматы,43.208523854873,76.892832802624,2024,2199.0,14.0,16.0,3.0,4.0,2.0,2.0,0.0,2.0
26500000,2,55,алматы,43.215348473904,76.776248335208,2021,3346.0,5.0,5.0,3.0,2.0,2.0,2.0,0.0,2.0
28000000,3,61,алматы,43.230000239997,76.794043033065,1994,1601.0,1.0,3.0,1.0,2.0,2.0,1.0,0.0,2.0
24500000,1,41,алматы,43.250678,76.868794,1986,2076.0,2.0,9.0,2.0,1.0,2.0,2.0,0.0,2.0
45000000,3,83,алматы,43.243113,76.812308,2015,2259.0,5.0,16.0,2.0,1.0,2.0,3.0,0.0,2.0
39900000,4,66,алматы,43.255307,76.902903,1974,3209.0,1.0,4.0,2.0,4.0,2.0,2.0,0.0,2.0
46000000,2,52,алматы,43.263199,76.958706,1990,685.0,4.0,5.0,1.0,1.0,2.0,1.0,0.0,2.0
32000000,2,49,алматы,43.292833986227,77.008198937156,2023,944.0,5.0,5.0,3.0,1.0,1.0,2.0,0.0,2.0
37500000,3,64,алматы,43.250242579618,76.869418891589,1983,113.0,1.0,5.0,2.0,2.0,2.0,1.0,0.0,2.0
37000000,1,49,алматы,43.211438,76.840964,2003,2146.0,8.0,9.0,3.0,2.0,2.0,2.0,0.0,2.0
40000000,3,59,алматы,43.236485835261,76.899979370805,1973,1838.0,3.0,4.0,2.0,2.0,2.0,2.0,0.0,2.0
75000000,4,138,алматы,43.286425442313,77.00199253716,2016,73.0,5.0,5.0,3.0,1.0,2.0,3.0,0.0,2.0
22500000,1,33,алматы,43.238568665549,76.83201616117,1983,2672.0,1.0,5.0,2.0,1.0,2.0,2.0,0.0,2.0
63000000,2,77,алматы,43.232298371068,76.884929770359,2023,1714.0,9.0,12.0,3.0,1.0,2.0,2.0,0.0,2.0
30000000,1,45,алматы,43.261019,76.817078,2017,2060.0,2.0,9.0,3.0,1.0,1.0,2.0,0.0,2.0
57000000,2,52,алматы,43.25540633206,76.980337534562,2025,2785.0,6.0,12.0,3.0,1.0,2.0,2.0,0.0,2.0
45000000,3,70,алматы,43.35337727765,76.925335573462,1989,1601.0,5.0,5.0,2.0,1.0,2.0,1.0,0.0,2.0
79000000,3,85,алматы,43.208221710377,76.892317818493,2025,2199.0,7.0,16.0,3.0,6.0,2.0,2.0,0.0,2.0
28000000,1,36,алматы,43.26639,76.892483,2014,3196.0,4.0,9.0,3.0,1.0,1.0,2.0,0.0,2.0
38000000,3,71,алматы,43.360926,76.993417,1996,2888.0,5.0,5.0,2.0,1.0,1.0,1.0,0.0,2.0
30500000,1,34,алматы,43.215195549171,76.898855051595,1987,3258.0,5.0,5.0,1.0,2.0,2.0,2.0,0.0,2.0
25000000,1,33,алматы,43.261033,76.91839,1972,1289.0,1.0,5.0,2.0,2.0,1.0,2.0,0.0,2.0
44999999,3,92,алматы,43.305535,76.922917,2006,262.0,2.0,9.0,3.0,2.0,1.0,1.0,1.0,2.0
44500000,3,60,алматы,43.253404159315,76.904668354492,1970,534.0,2.0,4.0,2.0,1.0,2.0,2.0,0.0,2.0
31999990,2,56,алматы,43.263278,76.930894,2025,1522.0,12.0,13.0,3.0,6.0,2.0,2.0,0.0,2.0
42500000,1,40,алматы,43.260884293516,76.947101643367,2020,1912.0,4.0,12.0,3.0,1.0,1.0,2.0,0.0,2.0
14000000,1,20,алматы,43.262227,76.89763,1977,2638.0,5.0,5.0,1.0,2.0,2.0,2.0,0.0,1.0
55000000,2,59,алматы,43.213265929415,76.792700740377,2023,2075.0,10.0,12.0,3.0,1.0,2.0,2.0,0.0,2.0
29500000,2,44,алматы,43.245455058795,76.890492525131,1977,1599.0,5.0,5.0,2.0,1.0,2.0,2.0,0.0,2.0
35000000,2,65,алматы,43.323659,76.984452,2018,1731.0,3.0,5.0,3.0,1.0,2.0,1.0,0.0,2.0
40000000,3,82,алматы,43.356259,76.920932,2008,1483.0,4.0,6.0,2.0,1.0,2.0,2.0,0.0,2.0
35000000,2,57,алматы,43.354102,76.947657,1986,248.0,4.0,5.0,1.0,1.0,2.0,1.0,0.0,2.0
30000000,1,39,алматы,43.211374899261,76.793861972402,2023,2075.0,3.0,12.0,3.0,1.0,1.0,2.0,1.0,2.0
36000000,2,64,алматы,43.207633425926,76.787427811855,2021,2403.0,6.0,9.0,3.0,1.0,1.0,2.0,0.0,2.0
25500000,1,45,алматы,43.281421,76.823968,2014,275.0,4.0,9.0,3.0,1.0,1.0,2.0,0.0,2.0
42000000,2,40,алматы,43.203360649934,76.885788225024,2016,756.0,7.0,13.0,3.0,1.0,2.0,2.0,0.0,2.0
33000000,1,32,алматы,43.231025614518,76.959332022828,1975,2611.0,2.0,3.0,1.0,2.0,1.0,2.0,0.0,2.0
38500000,2,60,алматы,43.209408515475,76.90079206757,1987,2519.0,2.0,9.0,2.0,2.0,2.0,1.0,0.0,2.0
19500000,1,35,алматы,43.361614,76.992025,1989,1601.0,2.0,5.0,2.0,1.0,2.0,2.0,0.0,2.0
71000000,3,72,алматы,43.247671,76.947379,1959,1494.0,3.0,3.0,1.0,1.0,2.0,1.0,0.0,2.0
26500000,2,44,алматы,43.200501558149,76.872162234463,1976,123.0,2.0,5.0,2.0,1.0,2.0,1.0,0.0,2.0
51000000,3,71,алматы,43.275254699949,76.816359928887,2024,2147.0,11.0,12.0,3.0,1.0,3.0,3.0,0.0,2.0
35000000,2,55,алматы,43.266703546156,76.819914404307,2020,1117.0,1.0,12.0,3.0,1.0,1.0,2.0,0.0,2.0
26800000,2,50,алматы,43.241997,76.809388,2023,11.0,7.0,10.0,3.0,1.0,2.0,2.0,0.0,2.0
34000000,3,79,алматы,43.24739267165,76.806197081648,2024,2691.0,3.0,12.0,3.0,5.0,2.0,1.0,0.0,2.0
65000000,2,54,алматы,43.24541080947,76.950425966933,1973,512.0,5.0,5.0,1.0,2.0,2.0,1.0,0.0,2.0
13800000,1,27,алматы,43.24739267165,76.806197081648,2025,2691.0,5.0,12.0,3.0,6.0,2.0,2.0,0.0,2.0
27000000,1,48,алматы,43.224984981921,76.784058168412,2019,3469.0,5.0,10.0,3.0,1.0,1.0,2.0,1.0,2.0
67500000,3,75,алматы,43.245829887658,76.90617442131,2021,1519.0,7.0,12.0,3.0,1.0,1.0,2.0,0.0,2.0
60000000,3,123,алматы,43.221076,76.842617,2010,1601.0,10.0,11.0,3.0,1.0,1.0,3.0,0.0,2.0
53000000,2,60,алматы,43.211396640884,76.848445099606,2021,489.0,3.0,21.0,3.0,1.0,2.0,2.0,0.0,2.0
59999999,3,95,алматы,43.243485568875,76.875818990302,2011,640.0,14.0,20.0,3.0,1.0,1.0,3.0,0.0,2.0
52000000,2,64,алматы,43.197718732999,76.893290957978,1990,2546.0,9.0,9.0,2.0,1.0,1.0,1.0,0.0,2.0
54000000,2,57,алматы,43.194727434583,76.931100420965,2019,576.0,1.0,9.0,3.0,1.0,2.0,2.0,0.0,2.0
11300000,1,21,алматы,43.22645,76.890156,1983,150.0,5.0,5.0,2.0,2.0,2.0,1.0,0.0,1.0
79888888,4,120,алматы,43.257500109137,76.91271723677,1991,1601.0,5.0,5.0,1.0,1.0,1.0,1.0,0.0,2.0
31000000,1,37,алматы,43.218225,76.841764,1993,242.0,4.0,9.0,1.0,2.0,2.0,2.0,0.0,2.0
80000000,3,82,алматы,43.262734269128,76.921496129128,2021,1542.0,9.0,13.0,3.0,1.0,1.0,3.0,0.0,2.0
46000000,3,84,алматы,43.236092624297,76.808679115483,2021,1171.0,10.0,12.0,3.0,1.0,1.0,3.0,0.0,2.0
81000000,3,90,алматы,43.263284,76.960126,1991,274.0,4.0,5.0,2.0,1.0,1.0,1.0,0.0,2.0
24500000,1,36,алматы,43.26558078305,76.853884079793,2022,660.0,6.0,6.0,2.0,1.0,2.0,2.0,0.0,2.0
35500000,2,60,алматы,43.236362,76.839787,1984,2314.0,5.0,9.0,2.0,1.0,2.0,1.0,0.0,2.0
25000000,1,48,алматы,43.254389009243,76.818288320719,2018,1083.0,7.0,9.0,3.0,2.0,2.0,2.0,0.0,2.0
55000000,3,90,алматы,43.247510845296,76.868886455483,2012,3191.0,13.0,21.0,3.0,1.0,2.0,2.0,0.0,2.0
41000000,3,76,алматы,43.326417967118,76.920811474869,1991,2177.0,5.0,5.0,2.0,1.0,2.0,1.0,0.0,2.0
27800000,1,33,алматы,43.227416,76.933527,1964,349.0,1.0,3.0,1.0,1.0,2.0,2.0,0.0,2.0
60000000,3,88,алматы,43.219273389669,76.842316958335,2011,1601.0,4.0,12.0,3.0,1.0,2.0,1.0,0.0,2.0
36999999,1,45,алматы,43.244748,76.91565,1991,883.0,5.0,6.0,1.0,1.0,2.0,2.0,0.0,2.0
46000000,4,72,алматы,43.232217,76.848025,1968,1601.0,4.0,4.0,2.0,1.0,2.0,2.0,0.0,2.0
80000000,3,77,алматы,43.20778144934,76.89020187385,2019,953.0,7.0,12.0,3.0,1.0,2.0,3.0,0.0,2.0
18000000,1,36,алматы,43.355341,76.924274,2009,1601.0,4.0,6.0,3.0,4.0,3.0,2.0,0.0,2.0
50000000,2,75,алматы,43.244196589572,76.852369308635,2012,452.0,4.0,12.0,3.0,1.0,2.0,1.0,0.0,2.0
37900000,2,60,алматы,43.323420384491,76.91360397057,1985,1537.0,2.0,5.0,2.0,2.0,1.0,1.0,0.0,2.0
25453350,3,58,алматы,43.230089654256,76.780216204843,2020,1821.0,4.0,9.0,3.0,4.0,3.0,1.0,0.0,2.0
35500000,1,40,алматы,43.248084,76.911841,1983,2392.0,2.0,5.0,1.0,1.0,2.0,2.0,0.0,2.0
26000000,1,32,алматы,43.215778250347,76.864246394206,1967,1211.0,1.0,4.0,2.0,1.0,2.0,2.0,0.0,2.0
17500000,1,39,алматы,43.274127920246,76.821978459742,2025,1601.0,7.0,12.0,2.0,6.0,2.0,2.0,0.0,2.0
28000000,3,80,алматы,43.339084340151,76.948892549907,1993,1890.0,4.0,6.0,1.0,4.0,2.0,1.0,0.0,2.0
23500000,1,36,алматы,43.260503549015,76.82140531891,2019,636.0,5.0,12.0,3.0,1.0,2.0,2.0,0.0,2.0
35000000,3,78,алматы,43.358022076853,76.995048922852,2007,1959.0,5.0,6.0,3.0,2.0,2.0,1.0,1.0,2.0
25500000,1,35,алматы,43.267545,76.819126,2024,1792.0,8.0,12.0,3.0,1.0,1.0,2.0,0.0,2.0
36500000,3,75,алматы,43.223796,76.783966,2019,1693.0,10.0,10.0,3.0,1.0,1.0,2.0,0.0,2.0
55000000,3,71,алматы,43.265864,76.953496,1990,1601.0,3.0,9.0,2.0,1.0,2.0,1.0,0.0,2.0
38000000,2,44,алматы,43.259421838792,76.927448301697,2015,630.0,15.0,16.0,3.0,1.0,2.0,3.0,0.0,2.0
39500000,2,45,алматы,43.244801,76.952373,1963,617.0,2.0,4.0,2.0,2.0,1.0,2.0,0.0,2.0
60000000,3,90,алматы,43.168128357592,76.872024536132,2013,120.0,8.0,10.0,3.0,2.0,2.0,3.0,0.0,2.0
21500000,1,43,алматы,43.226799624463,76.780066117883,2022,3471.0,1.0,6.0,3.0,1.0,1.0,2.0,0.0,2.0
75000000,3,98,алматы,43.262129,76.943183,1978,1601.0,5.0,9.0,3.0,1.0,1.0,2.0,0.0,2.0
83500000,2,77,алматы,43.188210514897,76.868512619548,2008,103.0,3.0,7.0,3.0,2.0,2.0,3.0,0.0,2.0
35000000,2,53,алматы,43.332124342254,76.950151708739,2019,3007.0,1.0,5.0,3.0,1.0,1.0,1.0,0.0,2.0
28500000,2,50,алматы,43.261315,76.816584,2017,818.0,2.0,14.0,3.0,2.0,2.0,2.0,0.0,2.0
32000000,2,40,алматы,43.239337,76.942312,1965,1601.0,4.0,4.0,1.0,1.0,2.0,2.0,0.0,2.0
53000000,3,76,алматы,43.22478693664,76.881699965606,1991,1601.0,8.0,9.0,2.0,2.0,2.0,1.0,0.0,2.0
39500000,2,58,алматы,43.206194866572,76.87288200727,1979,1335.0,6.0,9.0,2.0,2.0,2.0,1.0,0.0,2.0
22500000,2,39,алматы,43.241997,76.809388,2020,1601.0,10.0,10.0,2.0,1.0,2.0,2.0,0.0,2.0
33000000,2,60,алматы,43.260503549015,76.82140531891,2019,636.0,10.0,12.0,3.0,2.0,2.0,3.0,0.0,2.0
23900000,1,44,алматы,43.255806,76.821893,2015,52.0,7.0,13.0,3.0,1.0,1.0,2.0,0.0,2.0
33000000,2,49,алматы,43.295008202739,76.830968347698,2024,2610.0,5.0,5.0,3.0,1.0,2.0,2.0,0.0,2.0
30000000,2,50,алматы,43.201403379248,76.843286179237,1978,463.0,1.0,4.0,1.0,2.0,2.0,1.0,0.0,2.0
30000000,1,43,алматы,43.169345100756,76.914746761322,2020,1222.0,1.0,3.0,3.0,1.0,2.0,2.0,0.0,2.0
32000000,2,47,алматы,43.245479794248,76.869882493618,2020,1418.0,10.0,10.0,3.0,1.0,1.0,2.0,0.0,2.0
32830000,1,55,алматы,43.230676382795,76.839964890891,2014,1172.0,8.0,9.0,3.0,1.0,1.0,2.0,0.0,2.0
36500000,2,70,алматы,43.25339,76.825863,2011,1509.0,3.0,9.0,3.0,2.0,2.0,1.0,0.0,2.0
85000000,3,91,алматы,43.230394999331,76.876517787113,2019,1401.0,6.0,16.0,3.0,1.0,1.0,1.0,0.0,2.0
56000000,3,82,алматы,43.214671,76.897468,1973,1601.0,5.0,5.0,1.0,1.0,2.0,2.0,0.0,2.0
40000000,1,40,алматы,43.266068,76.943902,1977,1101.0,3.0,8.0,1.0,1.0,1.0,2.0,0.0,2.0
42000000,1,34,алматы,43.252782624905,76.957500087062,1977,1601.0,1.0,5.0,1.0,2.0,2.0,2.0,0.0,2.0
29500000,3,68,алматы,43.361588,76.99207,1991,1601.0,5.0,5.0,2.0,4.0,2.0,1.0,0.0,2.0
37500000,3,63,алматы,43.354823,76.935395,1994,633.0,5.0,5.0,1.0,1.0,2.0,1.0,0.0,2.0
38000000,4,91,алматы,43.355423578783,76.947865723202,1984,1601.0,1.0,3.0,1.0,1.0,2.0,2.0,0.0,2.0
33900000,2,56,алматы,43.219191,76.841979,1994,1601.0,9.0,9.0,3.0,1.0,1.0,1.0,0.0,2.0
83000000,4,129,алматы,43.267223528396,76.927607599812,2020,1401.0,4.0,12.0,3.0,4.0,2.0,3.0,0.0,2.0
57500000,3,82,алматы,43.25712801158,76.914003916069,2016,729.0,2.0,13.0,3.0,6.0,2.0,2.0,0.0,2.0
25500000,1,36,алматы,43.209106469076,76.863456449074,1978,1855.0,4.0,5.0,1.0,2.0,2.0,2.0,0.0,2.0
67000000,3,80,алматы,43.231198493473,76.875074249725,2015,751.0,7.0,12.0,3.0,2.0,1.0,2.0,0.0,2.0
85000000,4,121,алматы,43.234843116956,76.92135102523,2016,111.0,8.0,20.0,3.0,1.0,2.0,2.0,0.0,2.0
40000000,2,40,алматы,43.22598963242,76.930792232271,2018,874.0,12.0,12.0,3.0,1.0,1.0,2.0,0.0,2.0
23000000,1,28,алматы,43.239915,76.824839,2007,1601.0,5.0,9.0,3.0,1.0,2.0,2.0,0.0,2.0
37500000,2,88,алматы,43.253042,76.825262,2011,2543.0,5.0,9.0,3.0,1.0,1.0,1.0,0.0,2.0
18000000,1,35,алматы,43.337869,76.914599,1974,248.0,1.0,2.0,2.0,1.0,2.0,2.0,0.0,2.0
55000000,2,65,алматы,43.233537,76.892815,2016,2054.0,5.0,12.0,3.0,1.0,1.0,3.0,0.0,2.0
24500000,1,31,алматы,43.245707,76.909658,1967,2503.0,1.0,4.0,1.0,1.0,2.0,2.0,0.0,2.0
50500000,2,66,алматы,43.219196369425,76.954666327124,1970,1552.0,2.0,5.0,1.0,1.0,1.0,1.0,0.0,2.0
37500000,3,65,алматы,43.241977,76.837389,1985,880.0,7.0,9.0,2.0,1.0,1.0,1.0,0.0,2.0
52990000,2,55,алматы,43.23581,76.951681,1993,3091.0,5.0,5.0,1.0,1.0,2.0,1.0,0.0,2.0
35000000,1,42,алматы,43.223354591761,76.894609367648,2015,803.0,11.0,12.0,3.0,2.0,2.0,2.0,0.0,2.0
59000000,3,70,алматы,43.24266,76.935718,1975,502.0,4.0,5.0,1.0,1.0,2.0,1.0,0.0,2.0
55000000,2,80,алматы,43.220013737311,76.841412748545,2005,32.0,10.0,12.0,3.0,1.0,2.0,2.0,0.0,2.0
36000000,2,53,алматы,43.249825,76.871704,1989,1912.0,5.0,9.0,2.0,2.0,2.0,2.0,0.0,2.0
24500000,1,38,алматы,43.224492739657,76.783098338587,2019,3469.0,3.0,6.0,3.0,2.0,1.0,2.0,0.0,2.0
31000000,3,58,алматы,43.229043104943,76.855211615966,1969,1601.0,3.0,4.0,2.0,2.0,2.0,1.0,0.0,2.0
27000000,2,46,алматы,43.253017071966,76.904832920677,1976,2730.0,3.0,4.0,2.0,1.0,2.0,2.0,0.0,2.0
49999999,2,75,алматы,43.242305,76.833239,2022,694.0,7.0,11.0,3.0,1.0,1.0,1.0,0.0,2.0
59000000,2,52,алматы,43.230575896671,76.934206761808,2021,1325.0,10.0,10.0,3.0,1.0,2.0,2.0,0.0,2.0
40000000,1,43,алматы,43.260685,76.900064,2022,1992.0,11.0,15.0,3.0,1.0,1.0,2.0,0.0,2.0
42000000,2,67,алматы,43.216786,76.880697,2010,2107.0,16.0,16.0,3.0,2.0,2.0,2.0,1.0,2.0
33000000,1,45,алматы,43.244196589572,76.852369308635,2013,452.0,6.0,12.0,3.0,2.0,1.0,2.0,0.0,2.0
23500000,1,41,алматы,43.259817545523,76.814615406671,2017,921.0,6.0,8.0,3.0,2.0,1.0,2.0,0.0,2.0
45000000,3,84,алматы,43.220976281554,76.787100589266,2020,1124.0,9.0,10.0,3.0,2.0,1.0,1.0,0.0,2.0
60000000,3,127,алматы,43.24331255684,76.875931342729,2012,463.0,15.0,18.0,3.0,1.0,1.0,3.0,0.0,2.0
34200000,2,44,алматы,43.231757,76.832197,2017,2649.0,6.0,9.0,3.0,2.0,2.0,2.0,0.0,2.0
54000000,2,58,алматы,43.235843,76.899256,2017,818.0,5.0,16.0,3.0,2.0,2.0,2.0,0.0,2.0
65000000,3,70,алматы,43.220393,76.839392,1993,921.0,8.0,9.0,2.0,1.0,1.0,1.0,0.0,2.0
21000000,1,43,алматы,43.316256056102,76.897415205183,2024,2007.0,8.0,9.0,3.0,4.0,3.0,2.0,1.0,2.0
25700000,1,42,алматы,43.296108537832,76.979359388297,2024,1428.0,1.0,9.0,3.0,1.0,3.0,2.0,0.0,2.0
30000000,2,40,алматы,43.2484,76.839796,2018,1601.0,3.0,10.0,3.0,1.0,1.0,2.0,0.0,2.0
45000000,3,76,алматы,43.323021056296,76.983264073938,2016,1343.0,5.0,5.0,3.0,1.0,1.0,1.0,1.0,2.0
68000000,3,83,алматы,43.292514656659,77.008893615875,2022,1257.0,3.0,5.0,3.0,1.0,1.0,1.0,0.0,2.0
44000000,2,60,алматы,43.210334,76.903469,1989,2525.0,4.0,6.0,1.0,1.0,2.0,1.0,0.0,2.0
27000000,3,71,алматы,43.291928013961,76.971069823553,1982,1601.0,1.0,1.0,3.0,1.0,3.0,1.0,0.0,2.0
58000000,3,80,алматы,43.245841171939,76.914051777508,2019,1128.0,4.0,6.0,3.0,1.0,2.0,2.0,0.0,2.0
36500000,3,52,алматы,43.260501,76.924274,1974,2668.0,5.0,5.0,2.0,1.0,2.0,2.0,0.0,2.0
34300000,3,56,алматы,43.199616453204,76.873906553581,1976,2065.0,5.0,5.0,1.0,1.0,2.0,2.0,0.0,2.0
38000000,3,68,алматы,43.187523,76.825468,1990,248.0,3.0,5.0,1.0,1.0,2.0,2.0,0.0,2.0
18000000,2,41,алматы,43.343443,76.973313,1956,1777.0,2.0,2.0,1.0,1.0,2.0,2.0,0.0,2.0
60000000,3,90,алматы,43.16974607729,76.872367858887,2013,120.0,8.0,10.0,3.0,2.0,2.0,3.0,0.0,2.0
45000000,2,47,алматы,43.235517862496,76.938428993816,2010,63.0,13.0,13.0,3.0,1.0,2.0,2.0,0.0,2.0
21300000,1,28,алматы,43.267979328976,76.921842098182,2025,1298.0,10.0,10.0,3.0,6.0,2.0,2.0,0.0,2.0
26000000,1,30,алматы,43.201992828245,76.879918046092,1973,2967.0,2.0,5.0,2.0,1.0,2.0,2.0,0.0,2.0
32000000,2,61,алматы,43.230584646481,76.780117195515,2023,1821.0,9.0,9.0,3.0,1.0,2.0,2.0,0.0,2.0
45000000,2,60,алматы,43.255227032263,76.923174881665,2011,774.0,10.0,10.0,3.0,1.0,1.0,2.0,0.0,2.0
20500000,1,40,алматы,43.267507008764,76.822243040588,2025,752.0,7.0,6.0,2.0,1.0,2.0,2.0,0.0,2.0
31500000,1,33,алматы,43.242803805942,76.942127609729,1964,984.0,3.0,4.0,1.0,2.0,1.0,2.0,0.0,2.0
28000000,2,40,алматы,43.262286,76.821372,2019,636.0,3.0,14.0,3.0,1.0,1.0,2.0,0.0,2.0
55000000,4,80,алматы,43.237091,76.896597,1997,2588.0,5.0,5.0,1.0,1.0,3.0,1.0,0.0,2.0
36500000,2,55,алматы,43.247751701139,76.869116547215,2012,3191.0,8.0,21.0,3.0,1.0,2.0,2.0,0.0,2.0
49000000,2,55,алматы,43.250455,76.874004,1985,1752.0,2.0,5.0,2.0,1.0,2.0,2.0,0.0,2.0
46500000,2,49,алматы,43.203012727103,76.873384364015,2021,1137.0,8.0,12.0,3.0,1.0,1.0,2.0,0.0,2.0
34000000,2,45,алматы,43.244385373406,76.902413287033,1982,1772.0,5.0,5.0,2.0,2.0,2.0,1.0,0.0,2.0
45000000,4,160,алматы,43.223841127129,76.792911683095,2012,92.0,15.0,16.0,3.0,1.0,2.0,2.0,0.0,2.0
31000000,3,75,алматы,43.337319,76.949238,1993,2128.0,5.0,5.0,1.0,2.0,3.0,1.0,0.0,2.0
42500000,3,70,алматы,43.32013007148,77.019565810865,2022,1866.0,2.0,6.0,3.0,1.0,2.0,2.0,0.0,2.0
35500000,3,62,алматы,43.211622,76.859658,1967,1417.0,1.0,4.0,2.0,1.0,2.0,2.0,0.0,2.0
22000000,1,43,алматы,43.304611726317,76.839910619718,2016,2730.0,4.0,5.0,3.0,1.0,1.0,2.0,0.0,2.0
33000000,1,25,алматы,43.223763,76.954296,2008,1601.0,2.0,5.0,3.0,2.0,2.0,2.0,0.0,2.0
35500000,2,60,алматы,43.235093450777,76.839395038028,1984,2716.0,5.0,9.0,2.0,1.0,2.0,1.0,0.0,2.0
36000000,1,36,алматы,43.266026844879,76.961599913202,2017,899.0,3.0,10.0,3.0,2.0,1.0,2.0,0.0,2.0
46000000,3,90,алматы,43.287010273743,76.950029581714,2023,1304.0,13.0,13.0,3.0,6.0,2.0,3.0,1.0,2.0
19500000,1,35,алматы,43.269032791742,76.860791741428,1983,1120.0,2.0,3.0,1.0,6.0,3.0,2.0,0.0,2.0
32500000,3,60,алматы,43.220032,76.892824,1975,1008.0,3.0,4.0,2.0,2.0,2.0,2.0,0.0,2.0
19900000,2,40,алматы,43.287668,76.931946,1956,1120.0,1.0,2.0,2.0,1.0,2.0,2.0,0.0,2.0
28000000,1,40,алматы,43.304726698513,76.925813639217,2006,2555.0,1.0,5.0,3.0,1.0,1.0,2.0,0.0,2.0
84000000,3,92,алматы,43.252021092113,76.897559165955,2021,1323.0,7.0,12.0,3.0,1.0,1.0,3.0,0.0,2.0
53000000,2,58,алматы,43.229445,76.900415,2024,2199.0,13.0,16.0,3.0,1.0,2.0,2.0,0.0,2.0
28000000,2,42,алматы,43.229485,76.925307,1970,1601.0,1.0,4.0,2.0,1.0,1.0,2.0,0.0,2.0
65000000,2,68,алматы,43.237604471488,76.895563588306,2016,1051.0,4.0,6.0,3.0,1.0,2.0,2.0,0.0,2.0
25000000,1,44,алматы,43.348006,76.964761,1993,2007.0,3.0,5.0,1.0,1.0,2.0,2.0,0.0,2.0
26000000,1,40,алматы,43.259805,76.813655,2017,3044.0,9.0,9.0,3.0,2.0,1.0,2.0,1.0,2.0
55000000,3,110,алматы,43.24331255684,76.875931342729,2012,463.0,18.0,19.0,3.0,1.0,1.0,3.0,0.0,2.0
45500000,2,53,алматы,43.218857500098,76.888305948871,2023,1959.0,5.0,18.0,3.0,1.0,1.0,2.0,0.0,2.0
29000000,1,40,алматы,43.229169,76.832978,1998,1601.0,7.0,9.0,2.0,2.0,2.0,2.0,0.0,2.0
29000000,2,42,алматы,43.26067787684,76.814966553984,2017,921.0,7.0,8.0,3.0,1.0,1.0,2.0,0.0,2.0
23000000,1,44,алматы,43.280253,76.817051,2018,2377.0,5.0,9.0,3.0,1.0,1.0,2.0,0.0,2.0
72000000,2,67,алматы,43.208965107885,76.893986109236,2021,1481.0,8.0,10.0,3.0,1.0,2.0,2.0,0.0,2.0
42000000,2,46,алматы,43.262554353583,76.918500452423,2019,1542.0,6.0,13.0,3.0,1.0,1.0,2.0,0.0,2.0
34950000,3,58,алматы,43.23227,76.852552,1962,1257.0,4.0,4.0,2.0,1.0,2.0,2.0,0.0,2.0
58500000,3,80,алматы,43.214819466228,76.874148845673,2017,1060.0,2.0,17.0,1.0,1.0,1.0,2.0,0.0,2.0
75000000,4,145,алматы,43.224199437195,76.793142832243,2012,190.0,4.0,12.0,3.0,1.0,2.0,3.0,0.0,2.0
30000000,2,42,алматы,43.262293,76.932206,1974,2286.0,5.0,5.0,2.0,1.0,1.0,2.0,0.0,2.0
68000000,2,65,алматы,43.233894267748,76.875101566839,2020,1206.0,9.0,12.0,3.0,1.0,2.0,2.0,0.0,2.0
24000000,3,57,алматы,43.386207,76.999831,1968,263.0,3.0,4.0,1.0,2.0,2.0,2.0,1.0,2.0
32000000,2,43,алматы,43.214243,76.860476,1967,897.0,1.0,4.0,2.0,1.0,1.0,2.0,0.0,2.0
30000000,2,55,алматы,43.290725129799,77.015812782479,2020,2444.0,9.0,9.0,2.0,1.0,1.0,2.0,0.0,2.0
66000000,2,58,алматы,43.204959,76.899462,1986,2904.0,4.0,5.0,1.0,1.0,2.0,2.0,0.0,2.0
29000000,1,31,алматы,43.227838517855,76.932330749879,1975,463.0,2.0,5.0,2.0,1.0,1.0,2.0,0.0,2.0
48500000,3,67,алматы,43.212331,76.849256,1992,2328.0,4.0,5.0,2.0,1.0,1.0,1.0,0.0,2.0
63000000,3,70,алматы,43.252021092113,76.897559165955,2020,1323.0,10.0,13.0,3.0,1.0,1.0,2.0,0.0,2.0
28000000,2,60,алматы,43.288586955725,77.017364501517,2025,2313.0,9.0,9.0,3.0,6.0,2.0,2.0,0.0,2.0
18000000,1,32,алматы,43.217075,76.776959,2020,1765.0,4.0,6.0,2.0,1.0,1.0,2.0,0.0,2.0
70000000,3,90,алматы,43.302081958176,76.998400784185,2023,2455.0,7.0,7.0,3.0,1.0,1.0,3.0,0.0,2.0
53000000,3,67,алматы,43.252021092113,76.897559165955,2020,1323.0,1.0,10.0,3.0,1.0,3.0,3.0,0.0,2.0
37000000,1,46,алматы,43.26024052502,76.923121962741,1950,3232.0,4.0,3.0,1.0,1.0,1.0,2.0,0.0,2.0
63500000,3,96,алматы,43.285457,77.001879,2020,886.0,1.0,5.0,3.0,1.0,2.0,2.0,0.0,2.0
42000000,2,63,алматы,43.16974607729,76.872367858887,2010,120.0,8.0,10.0,3.0,2.0,3.0,2.0,0.0,2.0
44000000,2,47,алматы,43.241058,76.889967,1984,481.0,4.0,5.0,1.0,1.0,2.0,1.0,0.0,2.0
75000000,3,93,алматы,43.236888876027,76.879536151874,2022,1549.0,19.0,20.0,3.0,1.0,1.0,3.0,0.0,2.0
16887200,1,35,алматы,43.341955468461,76.934896469384,2021,3400.0,4.0,9.0,3.0,6.0,2.0,2.0,0.0,2.0
34500000,2,54,алматы,43.26653106007,76.82101947442,2017,1117.0,2.0,12.0,3.0,1.0,2.0,2.0,0.0,2.0
26500000,1,43,алматы,43.319662745599,76.986935437688,2023,2663.0,9.0,9.0,3.0,1.0,3.0,2.0,0.0,2.0
36000000,2,53,алматы,43.303560523537,76.89869766005,1986,3312.0,2.0,3.0,1.0,1.0,2.0,2.0,0.0,2.0
66000000,2,71,алматы,43.230028241857,76.876761868133,2020,1401.0,3.0,16.0,3.0,1.0,1.0,3.0,0.0,2.0
38500000,3,60,алматы,43.269209908425,76.945052455633,1969,967.0,4.0,4.0,2.0,1.0,2.0,2.0,0.0,2.0
65000000,3,66,алматы,43.2325,76.889356,1987,349.0,8.0,9.0,2.0,1.0,1.0,1.0,0.0,2.0
36000000,2,70,алматы,43.221705980823,76.786440765848,2020,1124.0,4.0,10.0,3.0,2.0,2.0,2.0,1.0,2.0
38000000,2,75,алматы,43.28738,77.002796,2019,2036.0,5.0,5.0,3.0,1.0,1.0,3.0,0.0,2.0
30200000,2,59,алматы,43.260503549015,76.82140531891,2019,636.0,12.0,12.0,3.0,1.0,2.0,2.0,0.0,2.0
13000000,1,15,алматы,43.254790147248,76.913193508853,1979,1838.0,3.0,5.0,3.0,2.0,2.0,1.0,0.0,1.0
30500000,2,55,алматы,43.267197,76.819674,2020,1818.0,12.0,12.0,3.0,1.0,2.0,2.0,0.0,2.0
22000000,1,40,алматы,43.357542026275,76.921415649917,2008,1601.0,1.0,6.0,3.0,1.0,1.0,2.0,0.0,2.0
29000000,3,68,алматы,43.391704,77.005284,1962,927.0,2.0,2.0,2.0,1.0,2.0,2.0,0.0,2.0
55000000,3,90,алматы,43.247510845296,76.868886455483,2012,3191.0,13.0,21.0,3.0,1.0,2.0,1.0,0.0,2.0
34999999,2,62,алматы,43.326158,76.909083,2020,2691.0,2.0,9.0,3.0,1.0,2.0,1.0,0.0,2.0
45000000,3,70,алматы,43.351349,77.004583,1984,851.0,1.0,3.0,1.0,1.0,3.0,1.0,0.0,2.0
64000000,3,102,алматы,43.243799054161,76.856343342996,2024,2375.0,6.0,16.0,3.0,4.0,2.0,2.0,0.0,2.0
30500000,2,43,алматы,43.231757,76.832197,2017,253.0,7.0,10.0,3.0,1.0,2.0,2.0,0.0,2.0
25500000,2,65,алматы,43.30168137262,76.838555680093,2016,1601.0,5.0,5.0,3.0,2.0,1.0,1.0,0.0,2.0
65000000,4,90,алматы,43.258406,76.936105,1958,1124.0,2.0,4.0,1.0,4.0,2.0,2.0,0.0,2.0
46500000,3,86,алматы,43.225727,76.87492,1986,3031.0,4.0,5.0,2.0,2.0,2.0,3.0,0.0,2.0
42000000,2,58,алматы,43.258702065133,76.884314629576,2018,1193.0,9.0,10.0,3.0,1.0,2.0,1.0,0.0,2.0
39000000,2,49,алматы,43.252418400775,76.897857697535,2020,1323.0,1.0,12.0,3.0,1.0,2.0,2.0,0.0,2.0
49999000,3,68,алматы,43.237452,76.907484,1977,338.0,1.0,5.0,1.0,4.0,3.0,1.0,0.0,2.0
22500000,1,41,алматы,43.221512724336,76.78803351702,2021,3470.0,7.0,10.0,3.0,2.0,2.0,2.0,0.0,2.0
49900000,3,66,алматы,43.215978,76.894441,1995,754.0,1.0,5.0,1.0,1.0,2.0,2.0,0.0,2.0
27500000,2,45,алматы,43.222918498057,76.873612447746,1970,2622.0,1.0,4.0,2.0,2.0,1.0,2.0,0.0,2.0
65000000,3,84,алматы,43.245487027631,76.876977485998,2012,463.0,16.0,19.0,3.0,1.0,1.0,1.0,0.0,2.0
38000000,1,57,алматы,43.218245,76.880364,2010,861.0,15.0,15.0,3.0,1.0,1.0,2.0,0.0,2.0
45000000,1,45,алматы,43.243657184538,76.85603308835,2023,2375.0,15.0,15.0,3.0,1.0,2.0,2.0,0.0,2.0
43500000,3,72,алматы,43.242821716389,76.853308706366,2025,2375.0,2.0,16.0,3.0,6.0,2.0,2.0,0.0,2.0
33000000,7,210,алматы,43.355433,76.924894,2010,2730.0,4.0,6.0,3.0,1.0,2.0,3.0,0.0,1.0
64000000,2,84,алматы,43.268967369064,76.945720911026,2020,1440.0,9.0,16.0,3.0,5.0,2.0,1.0,0.0,2.0
82000000,4,108,алматы,43.249032304258,76.929845674593,1977,2981.0,5.0,5.0,1.0,1.0,2.0,1.0,0.0,2.0
24500000,2,44,алматы,43.182711,76.805157,1976,355.0,2.0,2.0,1.0,1.0,1.0,2.0,0.0,2.0
41000000,2,68,алматы,43.16974607729,76.872367858887,2013,120.0,3.0,10.0,3.0,1.0,2.0,1.0,0.0,2.0
37500000,2,48,алматы,43.260172,76.941207,1960,1777.0,3.0,3.0,1.0,1.0,2.0,2.0,0.0,2.0
22000000,1,30,алматы,43.226161,76.898932,1962,2617.0,3.0,4.0,1.0,1.0,1.0,2.0,0.0,2.0
36000000,2,70,алматы,43.221705980823,76.786440765848,2020,1124.0,4.0,10.0,3.0,2.0,2.0,2.0,1.0,2.0
52000000,2,58,алматы,43.202407565482,76.873767691723,2011,113.0,7.0,16.0,3.0,1.0,1.0,2.0,0.0,2.0
56500000,2,54,алматы,43.226717269996,76.937085340764,2020,1475.0,18.0,19.0,3.0,6.0,2.0,2.0,0.0,2.0
47000000,2,50,алматы,43.205216710192,76.893489130639,2020,1552.0,4.0,18.0,3.0,2.0,1.0,2.0,0.0,2.0
32500000,2,62,алматы,43.254520210315,76.863757305955,2024,2388.0,10.0,12.0,3.0,6.0,2.0,2.0,0.0,2.0
56000000,3,80,алматы,43.242710240775,76.877372373551,2011,640.0,9.0,20.0,3.0,1.0,1.0,3.0,0.0,2.0
24000000,1,46,алматы,43.278973,76.824866,2014,3060.0,3.0,4.0,2.0,1.0,2.0,2.0,0.0,2.0
67500000,3,74,алматы,43.261494803805,76.899913108869,2022,1992.0,6.0,15.0,3.0,1.0,2.0,1.0,0.0,2.0
25500000,1,33,алматы,43.255064,76.910943,1972,295.0,5.0,5.0,2.0,1.0,2.0,2.0,0.0,2.0
70500000,4,90,алматы,43.205909580571,76.899325915344,1989,2652.0,5.0,9.0,2.0,2.0,1.0,1.0,0.0,2.0
58000000,4,90,алматы,43.264446535269,76.951872678573,1973,2328.0,5.0,8.0,2.0,2.0,1.0,1.0,0.0,2.0
21868400,2,47,алматы,43.313180983591,76.896672248622,2024,2878.0,1.0,10.0,3.0,1.0,2.0,2.0,0.0,2.0
48000000,2,43,алматы,43.227421417214,76.913452936944,1983,1601.0,4.0,6.0,2.0,1.0,2.0,2.0,0.0,2.0
55987753,3,129,алматы,43.222006899743,76.794352963685,2012,92.0,6.0,16.0,3.0,1.0,1.0,3.0,0.0,2.0
38000000,3,59,алматы,43.254697,76.921139,1967,1601.0,3.0,4.0,2.0,1.0,2.0,2.0,0.0,2.0
26000000,2,44,алматы,43.216435351353,76.863843036701,1967,1601.0,3.0,4.0,2.0,2.0,2.0,2.0,0.0,2.0
53500000,2,70,алматы,43.266035,76.958221,2008,2537.0,3.0,6.0,1.0,1.0,2.0,2.0,0.0,2.0
53000000,2,54,алматы,43.219144585634,76.887164627268,2023,1959.0,14.0,16.0,3.0,1.0,2.0,3.0,0.0,2.0
29900000,1,40,алматы,43.197129976204,76.893499632093,1989,1601.0,7.0,9.0,2.0,1.0,2.0,2.0,0.0,2.0
28500000,1,39,алматы,43.250816,76.89445,1986,1601.0,4.0,9.0,2.0,1.0,2.0,2.0,0.0,2.0
50000000,2,88,алматы,43.220536034808,76.786952024696,2020,2144.0,9.0,10.0,3.0,1.0,2.0,2.0,0.0,2.0
82000000,3,103,алматы,43.193811991182,76.930327440937,2019,576.0,3.0,8.0,3.0,1.0,2.0,2.0,0.0,2.0
42000000,2,89,алматы,43.22417,76.793048,2012,92.0,8.0,12.0,3.0,1.0,1.0,2.0,0.0,2.0
24000000,1,39,алматы,43.209280109723,76.784413538769,2025,3172.0,4.0,9.0,3.0,1.0,2.0,2.0,0.0,2.0
28000000,1,40,алматы,43.197322,76.872872,1978,2555.0,8.0,9.0,2.0,1.0,2.0,2.0,0.0,2.0
26000000,2,47,алматы,43.286048,77.004538,2019,2233.0,9.0,9.0,3.0,1.0,2.0,2.0,0.0,2.0
45000000,2,59,алматы,43.28891051427,77.006765890057,2022,2561.0,8.0,9.0,3.0,1.0,2.0,1.0,0.0,2.0
22800000,1,42,алматы,43.280328473186,76.820564714956,2014,16.0,9.0,9.0,3.0,1.0,2.0,2.0,0.0,2.0
27000000,1,33,алматы,43.231776925122,76.902149460921,1972,1601.0,3.0,4.0,2.0,1.0,1.0,2.0,0.0,2.0
24000000,1,43,алматы,43.281007,76.81918,2014,1601.0,8.0,9.0,3.0,1.0,1.0,2.0,0.0,2.0
55000000,2,64,алматы,43.16974607729,76.872367858887,2014,120.0,3.0,10.0,3.0,1.0,2.0,2.0,0.0,2.0
45000000,2,69,алматы,43.206025091786,76.863950639509,2016,2375.0,6.0,6.0,3.0,1.0,1.0,2.0,0.0,2.0
75000000,3,68,алматы,43.26665041551,76.929558019731,2024,3171.0,2.0,12.0,3.0,1.0,2.0,1.0,0.0,2.0
28000000,1,35,алматы,43.250475,76.869333,1984,1601.0,3.0,5.0,2.0,1.0,1.0,2.0,1.0,2.0
50000000,2,86,алматы,43.287511,77.000217,2009,73.0,4.0,5.0,3.0,2.0,1.0,3.0,0.0,2.0
59000000,3,70,алматы,43.215971,76.894432,1995,2224.0,5.0,5.0,1.0,1.0,2.0,1.0,0.0,2.0
47900000,2,56,алматы,43.268258300123,76.945978402436,2021,1440.0,7.0,10.0,3.0,1.0,2.0,1.0,0.0,2.0
28500000,1,39,алматы,43.213692,76.792428,2021,2999.0,1.0,12.0,3.0,1.0,2.0,2.0,0.0,2.0
27000000,2,43,алматы,43.356671764434,76.988183951296,1976,619.0,3.0,3.0,1.0,1.0,2.0,1.0,0.0,2.0
41999990,2,52,алматы,43.180064158271,76.86824116834,2008,19.0,7.0,9.0,3.0,2.0,2.0,2.0,0.0,2.0
16500000,1,30,алматы,43.359385,76.990794,1989,710.0,5.0,5.0,1.0,2.0,2.0,2.0,0.0,2.0
30900000,1,40,алматы,43.227245,76.911635,1977,1601.0,5.0,5.0,1.0,2.0,1.0,2.0,0.0,2.0
39500000,2,44,алматы,43.251144,76.934631,1963,92.0,3.0,4.0,1.0,1.0,2.0,2.0,0.0,2.0
84200000,2,92,алматы,43.226717269996,76.937085340764,2025,1475.0,14.0,15.0,3.0,6.0,2.0,2.0,0.0,2.0
32000000,2,43,алматы,43.2003,76.84127,1973,1210.0,4.0,4.0,2.0,1.0,2.0,2.0,0.0,2.0
16700000,1,33,алматы,43.213922,76.78746,2025,3172.0,3.0,10.0,3.0,1.0,2.0,2.0,0.0,2.0
21000000,1,38,алматы,43.277772,76.820788,2013,1727.0,4.0,4.0,3.0,1.0,1.0,2.0,0.0,2.0
34000000,1,49,алматы,43.238183468036,76.863240271164,2018,2444.0,5.0,9.0,3.0,1.0,2.0,2.0,0.0,2.0
55000000,2,50,алматы,43.235173,76.95761,1986,1601.0,6.0,9.0,1.0,1.0,2.0,2.0,0.0,2.0
29400000,2,51,алматы,43.285929,77.002921,2017,908.0,3.0,5.0,3.0,1.0,2.0,1.0,0.0,2.0
44000000,2,55,алматы,43.218298294283,76.880121253562,2018,534.0,11.0,16.0,3.0,2.0,2.0,2.0,0.0,2.0
43910235,2,58,алматы,43.231888749775,76.879493718523,2025,3401.0,4.0,9.0,3.0,4.0,3.0,2.0,0.0,2.0
75000000,2,55,алматы,43.208084278138,76.898244727039,2021,1481.0,5.0,17.0,3.0,1.0,1.0,2.0,0.0,2.0
48500000,2,50,алматы,43.268861528777,76.945860385894,2020,1440.0,10.0,17.0,3.0,1.0,2.0,2.0,0.0,2.0
61642000,3,87,алматы,43.200680213519,76.810504705162,2025,3300.0,3.0,5.0,3.0,1.0,2.0,2.0,0.0,2.0
50000000,2,54,алматы,43.241334,76.940776,1972,1815.0,4.0,9.0,3.0,2.0,1.0,3.0,0.0,2.0
27500000,1,40,алматы,43.25020425351,76.889407559524,1985,2147.0,9.0,9.0,2.0,2.0,2.0,2.0,0.0,2.0
26500000,2,44,алматы,43.219355,76.864689,1969,864.0,4.0,4.0,2.0,1.0,2.0,2.0,0.0,2.0
53000000,3,97,алматы,43.237285422135,76.882590165418,2024,2555.0,12.0,20.0,3.0,1.0,2.0,2.0,0.0,2.0
62000000,2,54,алматы,43.264458973661,76.933698632276,2024,2758.0,3.0,12.0,3.0,1.0,1.0,2.0,0.0,2.0
38000000,2,58,алматы,43.226279,76.836517,1986,1206.0,7.0,9.0,2.0,1.0,2.0,1.0,0.0,2.0
49900000,3,63,алматы,43.229511684437,76.899024024467,1978,1855.0,2.0,5.0,2.0,1.0,2.0,2.0,0.0,2.0
35000000,3,62,алматы,43.210243085029,76.787862041264,2024,3225.0,7.0,9.0,3.0,1.0,2.0,2.0,0.0,2.0
60000000,3,80,алматы,43.191281002047,76.855672967409,2024,719.0,3.0,4.0,3.0,6.0,2.0,1.0,0.0,2.0
53000000,1,53,алматы,43.261312281942,76.931038948371,2017,799.0,9.0,13.0,3.0,1.0,1.0,2.0,0.0,2.0
41000000,2,60,алматы,43.248611836668,76.881850105487,1986,2974.0,5.0,9.0,2.0,1.0,2.0,1.0,0.0,2.0
85000000,3,130,алматы,43.234843116956,76.92135102523,2016,111.0,17.0,20.0,3.0,1.0,2.0,2.0,0.0,2.0
55000000,3,70,алматы,43.245479794248,76.869882493618,2020,1418.0,7.0,10.0,3.0,2.0,1.0,2.0,0.0,2.0
76000000,3,99,алматы,43.267796317297,76.925256130626,2024,2505.0,4.0,12.0,3.0,4.0,2.0,3.0,0.0,2.0
27000000,1,35,алматы,43.261057371744,76.930274092162,1974,2056.0,3.0,5.0,2.0,2.0,2.0,2.0,0.0,2.0
45000000,3,89,алматы,43.260612950801,76.816247474866,2015,2403.0,3.0,9.0,3.0,2.0,2.0,3.0,0.0,2.0
24500000,1,32,алматы,43.196192,76.876394,1980,2546.0,5.0,5.0,2.0,2.0,1.0,2.0,0.0,2.0
30000000,2,47,алматы,43.289105950377,77.015663701375,2022,1714.0,2.0,9.0,3.0,1.0,2.0,2.0,0.0,2.0
60000000,2,74,алматы,43.230189904702,76.841682910838,2019,1474.0,5.0,10.0,3.0,1.0,1.0,3.0,0.0,2.0
48000000,2,60,алматы,43.268967369064,76.945720911026,2020,1440.0,3.0,10.0,3.0,1.0,1.0,2.0,0.0,2.0
36000000,2,48,алматы,43.219654547671,76.955711898147,1966,1448.0,4.0,4.0,1.0,1.0,1.0,1.0,0.0,2.0
57500000,3,72,алматы,43.232945495385,76.897221246696,1990,1531.0,3.0,6.0,1.0,2.0,2.0,3.0,0.0,2.0
34500000,2,53,алматы,43.292706002764,77.009368438833,2021,2021.0,5.0,5.0,3.0,1.0,1.0,2.0,0.0,2.0
17000000,2,34,алматы,43.307045254614,76.899349082011,1979,2548.0,3.0,3.0,2.0,1.0,3.0,2.0,0.0,1.0
21500000,1,48,алматы,43.319710087159,76.987119912992,2024,2663.0,1.0,9.0,3.0,1.0,2.0,2.0,0.0,2.0
85000000,3,92,алматы,43.231074642998,76.885882615934,2014,601.0,9.0,12.0,3.0,1.0,2.0,2.0,0.0,2.0
72000000,2,80,алматы,43.229772525718,76.959192227223,2010,101.0,11.0,14.0,3.0,1.0,2.0,2.0,0.0,2.0
58000000,2,62,алматы,43.211365939247,76.897194385529,2020,1125.0,9.0,16.0,3.0,1.0,2.0,2.0,0.0,2.0
45000000,3,70,алматы,43.200628,76.895294,1989,678.0,5.0,5.0,1.0,2.0,2.0,1.0,0.0,2.0
42000000,2,68,алматы,43.246764613976,76.852046412404,2022,2129.0,2.0,10.0,3.0,1.0,2.0,2.0,0.0,2.0
67000000,4,87,алматы,43.227835774663,76.889849704368,1994,3119.0,1.0,5.0,2.0,1.0,1.0,2.0,0.0,2.0
72261120,3,76,алматы,43.208523854873,76.892832802624,2025,296.0,4.0,6.0,2.0,1.0,2.0,2.0,0.0,2.0
29500000,1,50,алматы,43.293337811974,77.008923761423,2021,2021.0,1.0,5.0,3.0,1.0,1.0,2.0,1.0,2.0
26000000,1,30,алматы,43.307044,76.841162,2019,356.0,3.0,5.0,2.0,1.0,2.0,2.0,0.0,2.0
58000000,2,97,алматы,43.203651,76.866377,2006,62.0,7.0,16.0,3.0,1.0,2.0,1.0,0.0,2.0
39000000,2,67,алматы,43.281611,76.820483,2014,1599.0,1.0,9.0,3.0,4.0,2.0,1.0,0.0,2.0
39500000,1,40,алматы,43.237154503408,76.888581768577,2017,997.0,2.0,9.0,3.0,1.0,2.0,2.0,0.0,2.0
37000000,1,44,алматы,43.266285933108,76.927102078842,2024,2165.0,7.0,10.0,3.0,6.0,2.0,2.0,0.0,2.0
15000000,2,33,алматы,43.289053,76.926708,1965,2525.0,1.0,2.0,1.0,1.0,2.0,2.0,0.0,1.0
36500000,2,52,алматы,43.264427,76.93606,1976,1601.0,2.0,5.0,2.0,1.0,2.0,2.0,0.0,2.0
17700000,1,27,алматы,43.230834015064,76.79754453842,2022,2599.0,1.0,12.0,3.0,1.0,2.0,2.0,0.0,2.0
44000000,2,90,алматы,43.220997,76.843174,2018,3443.0,9.0,9.0,3.0,2.0,1.0,1.0,0.0,2.0
65000000,2,59,алматы,43.200674256746,76.899601562852,2023,2080.0,17.0,20.0,3.0,1.0,2.0,2.0,0.0,2.0
43500000,2,52,алматы,43.169003,76.87024,2011,1547.0,1.0,10.0,3.0,1.0,2.0,2.0,1.0,2.0
32500000,1,40,алматы,43.197566426314,76.894339273819,1993,248.0,9.0,9.0,2.0,2.0,2.0,2.0,0.0,2.0
35500000,2,50,алматы,43.24331255684,76.875931342729,2012,463.0,14.0,19.0,3.0,1.0,2.0,2.0,0.0,2.0
21800000,1,33,алматы,43.227641831742,76.86224428836,1966,2527.0,2.0,4.0,2.0,2.0,2.0,2.0,0.0,2.0
33000000,2,53,алматы,43.230469366362,76.780980100066,2020,1821.0,7.0,9.0,3.0,1.0,1.0,2.0,0.0,2.0
12480000,1,26,алматы,43.302279583064,76.995248794501,2025,2513.0,8.0,9.0,3.0,6.0,3.0,1.0,0.0,2.0
23500000,1,44,алматы,43.302307,76.838215,2018,1117.0,4.0,5.0,3.0,1.0,2.0,2.0,0.0,2.0
41000000,3,75,алматы,43.236716301955,76.879343032826,2022,1549.0,16.0,18.0,3.0,6.0,2.0,2.0,0.0,2.0
19500000,1,31,алматы,43.221705980823,76.786440765848,2019,1124.0,7.0,10.0,3.0,1.0,1.0,2.0,0.0,2.0
32800000,2,57,алматы,43.220536006754,76.841538812164,2009,1601.0,11.0,11.0,3.0,2.0,2.0,2.0,0.0,2.0
72000000,3,75,алматы,43.243908,76.943174,1955,3352.0,2.0,3.0,1.0,4.0,2.0,1.0,0.0,2.0
52000000,2,61,алматы,43.252747,76.921498,1986,2969.0,2.0,9.0,2.0,2.0,1.0,1.0,0.0,2.0
39800000,3,61,алматы,43.230227,76.864365,1985,1012.0,5.0,5.0,2.0,1.0,2.0,2.0,0.0,2.0
34500000,2,46,алматы,43.252763617273,76.862965458284,2024,2523.0,10.0,13.0,3.0,1.0,1.0,2.0,0.0,2.0
36000000,2,64,алматы,43.319084223053,76.916414744731,2018,526.0,7.0,9.0,3.0,1.0,2.0,2.0,0.0,2.0
32000000,1,40,алматы,43.218358393092,76.841678169311,1990,2468.0,6.0,9.0,1.0,1.0,2.0,2.0,0.0,2.0
42000000,2,53,алматы,43.259371,76.916342,1977,1158.0,2.0,5.0,2.0,2.0,2.0,1.0,0.0,2.0
80000000,3,97,алматы,43.237463238691,76.8835295397,2009,41.0,15.0,15.0,3.0,1.0,2.0,2.0,0.0,2.0
57500000,3,89,алматы,43.243371498701,76.830168863915,2022,2339.0,2.0,9.0,3.0,1.0,1.0,2.0,0.0,2.0
48000000,3,81,алматы,43.21077069013,76.881864628694,1990,1694.0,1.0,5.0,2.0,2.0,2.0,1.0,0.0,2.0
44500000,2,50,алматы,43.233894267748,76.875101566839,2019,1206.0,4.0,6.0,3.0,1.0,2.0,2.0,0.0,2.0
38000000,2,53,алматы,43.235088,76.824453,1990,2060.0,4.0,5.0,2.0,1.0,2.0,1.0,0.0,2.0
16000000,1,20,алматы,43.213849,76.868578,1967,1206.0,4.0,4.0,1.0,2.0,2.0,2.0,0.0,1.0
31200000,2,50,алматы,43.207922,76.789086,2023,3225.0,3.0,10.0,3.0,1.0,1.0,2.0,1.0,2.0
24500000,1,32,алматы,43.202087,76.881577,1973,11.0,5.0,5.0,2.0,1.0,2.0,2.0,0.0,2.0
35000000,3,66,алматы,43.236316,76.837452,1983,111.0,4.0,5.0,2.0,1.0,2.0,1.0,0.0,2.0
47500000,2,60,алматы,43.221567561175,76.852005747877,2020,1568.0,8.0,13.0,3.0,1.0,2.0,2.0,0.0,2.0
32000000,2,48,алматы,43.294748004902,77.022725650973,2023,1923.0,9.0,9.0,2.0,1.0,1.0,2.0,0.0,2.0
23000000,2,43,алматы,43.241997,76.809388,2020,1769.0,10.0,10.0,3.0,1.0,1.0,2.0,0.0,1.0
34500000,3,55,алматы,43.246515,76.889949,1977,1601.0,5.0,6.0,2.0,1.0,2.0,1.0,0.0,2.0
38900000,3,85,алматы,43.24331255684,76.875931342729,2012,463.0,17.0,19.0,3.0,1.0,2.0,1.0,0.0,2.0
29500000,2,65,алматы,43.278461,76.819054,2013,1560.0,5.0,5.0,3.0,1.0,2.0,1.0,1.0,2.0
28500000,2,50,алматы,43.201423,76.84268,1987,1601.0,1.0,4.0,1.0,1.0,2.0,2.0,0.0,2.0
31000000,2,58,алматы,43.226673,76.845222,2010,1385.0,6.0,6.0,3.0,1.0,2.0,2.0,0.0,2.0
33000000,2,43,алматы,43.268175,76.94922,1971,1912.0,4.0,4.0,2.0,1.0,2.0,2.0,0.0,2.0
69999999,2,60,алматы,43.255219017343,76.932299134496,2023,1993.0,13.0,13.0,3.0,1.0,1.0,2.0,0.0,2.0
42500000,2,46,алматы,43.238463668914,76.952991647487,1964,1601.0,2.0,4.0,2.0,1.0,1.0,2.0,0.0,2.0
37000000,2,46,алматы,43.236454,76.900361,1967,1124.0,4.0,4.0,2.0,2.0,1.0,2.0,0.0,2.0
46500000,3,66,алматы,43.273317720405,76.810425023058,2025,3220.0,4.0,11.0,3.0,1.0,1.0,1.0,0.0,2.0
30000000,2,67,алматы,43.358618,76.920923,2009,1206.0,3.0,6.0,3.0,1.0,3.0,1.0,0.0,2.0
40000000,2,63,алматы,43.221705980823,76.786440765848,2019,1124.0,2.0,10.0,3.0,2.0,2.0,2.0,0.0,2.0
51500000,2,49,алматы,43.23032635698,76.875163271559,2020,1401.0,13.0,16.0,3.0,1.0,1.0,2.0,0.0,2.0
45000000,1,40,алматы,43.204436181418,76.897387504578,2018,871.0,10.0,12.0,3.0,2.0,2.0,2.0,0.0,2.0
50000000,3,90,алматы,43.31153025611,76.973882675636,2016,1099.0,7.0,9.0,3.0,1.0,1.0,1.0,0.0,2.0
32000000,2,40,алматы,43.160658,76.792994,1965,2691.0,3.0,4.0,1.0,1.0,1.0,2.0,0.0,2.0
59000000,3,112,алматы,43.221372,76.841674,2010,1601.0,8.0,11.0,3.0,1.0,2.0,2.0,0.0,2.0
45000000,3,101,алматы,43.314926578641,76.909992714317,2010,1429.0,7.0,8.0,3.0,2.0,2.0,2.0,0.0,2.0
43000000,2,50,алматы,43.230028241857,76.876761868133,2019,1401.0,6.0,16.0,3.0,1.0,2.0,2.0,0.0,2.0
55000000,4,87,алматы,43.337679,76.970151,1990,1601.0,3.0,5.0,2.0,2.0,1.0,1.0,0.0,2.0
40000000,3,55,алматы,43.254395,76.906757,1971,1935.0,1.0,4.0,2.0,1.0,2.0,2.0,0.0,2.0
50000000,3,72,алматы,43.250475,76.891845,1985,408.0,2.0,9.0,2.0,2.0,2.0,1.0,0.0,2.0
77000000,4,101,алматы,43.231198493473,76.875074249725,2016,751.0,2.0,12.0,3.0,1.0,2.0,2.0,0.0,2.0
21500000,1,41,алматы,43.327259,76.924741,1985,1632.0,1.0,5.0,2.0,2.0,2.0,2.0,0.0,2.0
24500000,1,29,алматы,43.229259653926,76.905997236297,1961,1024.0,2.0,3.0,1.0,2.0,2.0,2.0,0.0,2.0
31000000,2,45,алматы,43.22714,76.931326,1976,1601.0,5.0,5.0,2.0,2.0,3.0,1.0,0.0,2.0
28000000,2,47,алматы,43.266703546156,76.819914404307,2018,1117.0,7.0,12.0,3.0,1.0,1.0,2.0,0.0,2.0
45000000,2,61,алматы,43.17761803778,76.925136250767,2021,2003.0,1.0,3.0,3.0,5.0,2.0,2.0,0.0,2.0
71500000,3,106,алматы,43.236716301955,76.879343032826,2022,1549.0,11.0,18.0,3.0,1.0,2.0,2.0,0.0,2.0
15000000,1,16,алматы,43.245596,76.83066,2022,463.0,3.0,3.0,1.0,1.0,1.0,2.0,0.0,2.0
31200000,2,50,алматы,43.207922,76.789086,2023,3225.0,3.0,10.0,3.0,1.0,1.0,2.0,1.0,2.0
16000000,1,18,алматы,43.233235,76.845078,1975,1518.0,1.0,5.0,2.0,1.0,1.0,1.0,0.0,1.0
40000000,2,53,алматы,43.225268,76.847917,1983,2171.0,5.0,5.0,2.0,1.0,2.0,1.0,0.0,2.0
15400000,1,31,алматы,43.217358,76.778819,2022,2137.0,1.0,10.0,3.0,5.0,2.0,2.0,0.0,2.0
48000000,3,62,алматы,43.254257,76.877624,1980,1601.0,2.0,5.0,2.0,1.0,1.0,1.0,1.0,2.0
27000000,2,44,алматы,43.215945,76.868668,1967,1335.0,1.0,4.0,2.0,2.0,1.0,2.0,0.0,2.0
73000000,2,70,алматы,43.22268831074,76.955730559524,2008,728.0,3.0,5.0,3.0,1.0,2.0,1.0,0.0,2.0
36500000,1,41,алматы,43.252703975746,76.907179,1973,2364.0,3.0,5.0,1.0,2.0,2.0,2.0,0.0,2.0
60000000,3,89,алматы,43.242864,76.814167,2010,1261.0,1.0,9.0,3.0,1.0,2.0,2.0,0.0,2.0
25500000,1,40,алматы,43.280756225393,76.821242621252,2013,273.0,1.0,9.0,3.0,1.0,1.0,2.0,1.0,2.0
36500000,3,68,алматы,43.266609462014,76.81974274293,2020,1117.0,4.0,12.0,3.0,1.0,1.0,1.0,0.0,2.0
30500000,2,71,алматы,43.278474,76.818111,2011,1420.0,4.0,5.0,3.0,1.0,1.0,1.0,0.0,2.0
67000000,3,80,алматы,43.204837391582,76.900224342539,1987,1601.0,2.0,5.0,1.0,1.0,2.0,1.0,1.0,2.0
45000000,2,57,алматы,43.246734343271,76.869921385087,2023,1833.0,2.0,10.0,3.0,1.0,1.0,2.0,0.0,2.0
61000000,4,93,алматы,43.231757,76.832197,2017,957.0,9.0,10.0,3.0,1.0,2.0,3.0,1.0,2.0
38000000,3,57,алматы,43.200595,76.844575,1970,462.0,2.0,4.0,2.0,2.0,2.0,2.0,0.0,2.0
30000000,1,38,алматы,43.241655,76.82342,2008,358.0,6.0,9.0,3.0,1.0,1.0,2.0,0.0,2.0
32000000,2,75,алматы,43.216227332205,76.776162504519,2020,3346.0,7.0,10.0,3.0,1.0,2.0,3.0,0.0,2.0
12800000,1,17,алматы,43.225373,76.861643,1966,1274.0,1.0,4.0,2.0,1.0,2.0,2.0,0.0,2.0
50000000,4,80,алматы,43.363089508444,76.994553963348,1987,3172.0,5.0,5.0,1.0,1.0,2.0,1.0,0.0,2.0
42000000,3,70,алматы,43.234969,76.825342,1990,2730.0,4.0,5.0,2.0,1.0,2.0,1.0,0.0,2.0
49900000,3,88,алматы,43.22647,76.908095,1960,2188.0,4.0,6.0,1.0,1.0,1.0,3.0,0.0,2.0
26000000,2,44,алматы,43.233452,76.862245,1962,247.0,3.0,4.0,2.0,1.0,2.0,2.0,0.0,2.0
52500000,4,75,алматы,43.24859,76.892824,1977,3014.0,3.0,5.0,2.0,1.0,2.0,1.0,0.0,2.0
32000000,2,42,алматы,43.205290051976,76.89996582209,1975,1070.0,2.0,5.0,2.0,1.0,2.0,2.0,0.0,2.0
77800000,2,82,алматы,43.236697447736,76.897770222931,2015,20.0,3.0,17.0,3.0,1.0,1.0,2.0,0.0,2.0
47500000,3,67,алматы,43.222720076897,76.890056456344,1991,1394.0,1.0,5.0,1.0,2.0,2.0,1.0,0.0,2.0
33600000,2,54,алматы,43.230469366362,76.780980100066,2023,1821.0,3.0,9.0,3.0,1.0,1.0,2.0,0.0,2.0
29500000,1,34,алматы,43.240592164614,76.856104670026,2018,885.0,11.0,13.0,3.0,2.0,2.0,2.0,0.0,2.0
85000000,2,76,алматы,43.229481616969,76.939983233826,2019,1072.0,11.0,21.0,3.0,6.0,1.0,2.0,0.0,2.0
56000000,3,76,алматы,43.271895551223,76.946454853362,2022,1822.0,1.0,13.0,3.0,1.0,1.0,2.0,0.0,2.0
55000000,2,55,алматы,43.234812,76.953748,1988,962.0,5.0,12.0,3.0,1.0,2.0,2.0,0.0,2.0
17400000,1,27,алматы,43.221103428949,76.785604841919,2021,3470.0,6.0,10.0,3.0,1.0,1.0,2.0,1.0,2.0
50000000,2,72,алматы,43.220997,76.843174,2018,832.0,2.0,9.0,3.0,1.0,1.0,1.0,0.0,2.0
36500000,3,57,алматы,43.225819,76.892123,1961,1320.0,2.0,4.0,2.0,1.0,2.0,2.0,0.0,2.0
42500000,2,46,алматы,43.194727434583,76.931100420965,2019,576.0,8.0,9.0,3.0,1.0,2.0,2.0,1.0,2.0
45000000,2,72,алматы,43.219792037945,76.835599156547,2018,1131.0,5.0,12.0,3.0,1.0,2.0,2.0,0.0,2.0
34500000,2,44,алматы,43.226434757868,76.860275689177,1965,1117.0,4.0,4.0,2.0,1.0,1.0,2.0,0.0,2.0
45000000,3,62,алматы,43.23024,76.864383,1985,2333.0,2.0,5.0,2.0,1.0,2.0,1.0,0.0,2.0
38500000,3,83,алматы,43.243839514239,76.813065514225,2015,2669.0,12.0,16.0,3.0,1.0,1.0,3.0,0.0,2.0
40000000,2,52,алматы,43.235784,76.850459,1988,695.0,2.0,5.0,1.0,1.0,1.0,1.0,0.0,2.0
30000000,1,33,алматы,43.265884,76.934506,1972,1845.0,4.0,4.0,2.0,1.0,2.0,2.0,0.0,2.0
55000000,2,53,алматы,43.234862989501,76.954295170639,1988,1124.0,5.0,12.0,3.0,2.0,2.0,1.0,0.0,2.0
35500000,1,53,алматы,43.213040350371,76.843966695685,2014,512.0,2.0,16.0,3.0,2.0,1.0,2.0,0.0,2.0
57000000,3,118,алматы,43.28673,77.001619,2010,192.0,5.0,5.0,3.0,1.0,2.0,3.0,0.0,2.0
25000000,1,39,алматы,43.201739538643,76.759480584286,2024,1117.0,9.0,12.0,2.0,1.0,2.0,1.0,0.0,2.0
22500000,1,34,алматы,43.246794293847,76.869946795768,2022,1601.0,4.0,10.0,3.0,1.0,2.0,2.0,0.0,2.0
48000000,3,89,алматы,43.220997,76.843174,2018,1910.0,1.0,9.0,2.0,6.0,2.0,1.0,0.0,2.0
31000000,2,44,алматы,43.231757,76.832197,2017,1601.0,10.0,10.0,3.0,1.0,2.0,2.0,0.0,2.0
42000000,2,56,алматы,43.254320603714,76.946166359454,1943,1743.0,3.0,3.0,1.0,4.0,2.0,1.0,0.0,2.0
30000000,2,60,алматы,43.332584,76.946148,2013,1601.0,5.0,5.0,1.0,1.0,2.0,2.0,0.0,2.0
12500000,1,16,алматы,43.209366770759,76.866033203705,1973,1134.0,2.0,9.0,3.0,2.0,2.0,2.0,0.0,2.0
24900000,1,32,алматы,43.267689,76.947154,1972,347.0,2.0,4.0,2.0,1.0,2.0,2.0,0.0,2.0
38000000,3,60,алматы,43.218271,76.862766,1969,1485.0,1.0,4.0,2.0,1.0,2.0,1.0,0.0,2.0
38500000,2,64,алматы,43.244821,76.814401,2010,3225.0,6.0,9.0,3.0,1.0,2.0,2.0,0.0,2.0
30500000,1,35,алматы,43.195857,76.875549,1984,742.0,4.0,5.0,1.0,2.0,1.0,2.0,1.0,2.0
37900000,2,47,алматы,43.217234910208,76.878747420454,2025,3426.0,3.0,9.0,3.0,4.0,2.0,2.0,0.0,2.0
53190000,2,59,алматы,43.217942866354,76.903020324888,2023,2627.0,11.0,15.0,3.0,1.0,2.0,2.0,0.0,2.0
26500000,2,44,алматы,43.219355,76.864689,1969,324.0,4.0,4.0,2.0,1.0,2.0,2.0,0.0,2.0
25499999,1,35,алматы,43.218415,76.839985,1990,1527.0,5.0,5.0,3.0,1.0,1.0,2.0,0.0,2.0
32000000,2,57,алматы,43.266703546156,76.819914404307,2017,1117.0,11.0,12.0,3.0,1.0,2.0,1.0,0.0,2.0
12500000,1,18,алматы,43.241452511286,76.85817392527,1979,1516.0,1.0,5.0,1.0,2.0,2.0,2.0,0.0,1.0
26000000,2,60,алматы,43.221050390174,76.796271400653,2013,92.0,5.0,16.0,3.0,2.0,2.0,2.0,0.0,2.0
69500000,3,78,алматы,43.233024718284,76.884067188702,2023,1714.0,9.0,16.0,3.0,1.0,1.0,1.0,0.0,2.0
40500000,3,57,алматы,43.321765714426,76.909440784207,1985,1032.0,1.0,5.0,2.0,2.0,2.0,1.0,0.0,2.0
36000036,2,52,алматы,43.231757,76.832197,2017,1921.0,3.0,10.0,3.0,1.0,1.0,2.0,1.0,2.0
26000000,1,42,алматы,43.26096688195,76.812844310719,2017,921.0,8.0,8.0,3.0,1.0,1.0,2.0,0.0,2.0
32000000,2,44,алматы,43.170491458209,76.875260991422,2013,23.0,5.0,6.0,3.0,2.0,2.0,2.0,0.0,2.0
78000000,3,80,алматы,43.212024079745,76.855072975159,2021,1820.0,10.0,13.0,3.0,1.0,1.0,3.0,0.0,2.0
40000000,3,56,алматы,43.268694,76.940911,1969,1961.0,4.0,4.0,2.0,2.0,2.0,1.0,0.0,2.0
21000000,1,30,алматы,43.272558459294,76.829462011001,2020,349.0,3.0,7.0,3.0,1.0,1.0,2.0,0.0,2.0
35499900,1,42,алматы,43.244748,76.91565,1991,1601.0,2.0,9.0,1.0,2.0,1.0,2.0,0.0,2.0
45000000,2,50,алматы,43.251801,76.908059,1982,3020.0,2.0,5.0,1.0,2.0,2.0,1.0,0.0,2.0
55000000,3,63,алматы,43.262713,76.951942,1978,961.0,2.0,9.0,1.0,2.0,2.0,1.0,0.0,2.0
27000000,1,39,алматы,43.185560601673,76.864100542816,2018,1085.0,3.0,3.0,3.0,1.0,1.0,2.0,0.0,2.0
27000000,1,44,алматы,43.222532904539,76.78372565539,2021,1124.0,7.0,10.0,3.0,1.0,1.0,2.0,0.0,2.0
49300000,3,75,алматы,43.188031447558,76.850306723143,2024,3333.0,3.0,3.0,3.0,6.0,3.0,2.0,0.0,2.0
29900000,1,41,алматы,43.314594,76.989887,2024,290.0,3.0,3.0,1.0,1.0,2.0,2.0,0.0,2.0
22500000,1,33,алматы,43.246846996551,76.869769298853,2023,1833.0,8.0,10.0,3.0,4.0,3.0,2.0,0.0,2.0
53000000,3,117,алматы,43.286723,77.001646,2010,1474.0,5.0,5.0,3.0,1.0,2.0,2.0,0.0,2.0
30000000,1,38,алматы,43.216365806459,76.900631502145,2023,1987.0,7.0,13.0,3.0,6.0,2.0,2.0,0.0,2.0
40900000,1,44,алматы,43.212252123982,76.8555934313,2021,1820.0,12.0,13.0,3.0,1.0,1.0,2.0,1.0,2.0
45000000,2,54,алматы,43.245479794248,76.869882493618,2020,1418.0,12.0,13.0,3.0,1.0,2.0,2.0,1.0,2.0
35000000,2,54,алматы,43.268077,76.819018,2020,1117.0,11.0,12.0,3.0,1.0,1.0,2.0,0.0,2.0
44000000,2,41,алматы,43.205671911705,76.892952688835,2020,1552.0,14.0,17.0,3.0,1.0,2.0,2.0,0.0,2.0
41500000,3,65,алматы,43.253095,76.886347,1992,1420.0,5.0,5.0,1.0,2.0,2.0,1.0,0.0,2.0
38500000,1,38,алматы,43.216799,76.963737,1970,706.0,2.0,4.0,1.0,5.0,1.0,2.0,0.0,2.0
30000000,3,78,алматы,43.301033375665,76.99417054298,2025,2513.0,2.0,9.0,3.0,6.0,2.0,2.0,0.0,2.0
83000000,4,129,алматы,43.265762129256,76.929256234115,2020,20.0,4.0,12.0,3.0,4.0,3.0,3.0,0.0,2.0
30900000,2,44,алматы,43.170350108433,76.875309271183,2013,23.0,5.0,6.0,3.0,2.0,2.0,2.0,0.0,2.0
15000000,1,33,алматы,43.344269,76.967222,1958,2189.0,1.0,2.0,1.0,1.0,2.0,1.0,0.0,1.0
34500000,2,45,алматы,43.244500999425,76.902600371112,1982,1601.0,5.0,5.0,2.0,1.0,1.0,2.0,0.0,2.0
52000000,3,65,алматы,43.261039,76.925118,1975,1601.0,2.0,5.0,2.0,1.0,1.0,2.0,0.0,2.0
25500000,1,45,алматы,43.2664722555,76.820306006823,2018,1117.0,4.0,12.0,3.0,1.0,1.0,2.0,0.0,2.0
22500000,1,33,алматы,43.34878053413,76.991822165676,1989,3.0,1.0,5.0,1.0,2.0,1.0,2.0,0.0,2.0
29500000,1,43,алматы,43.24320617919,76.855535171577,2023,2375.0,8.0,12.0,3.0,6.0,2.0,2.0,0.0,2.0
61000000,3,72,алматы,43.239514,76.931416,1961,424.0,2.0,4.0,1.0,1.0,2.0,2.0,0.0,2.0
32000000,2,45,алматы,43.247244543404,76.853482618621,2021,2129.0,9.0,10.0,3.0,1.0,2.0,2.0,0.0,2.0
68000000,3,72,алматы,43.229058,76.955095,1991,2021.0,3.0,9.0,3.0,1.0,1.0,1.0,0.0,2.0
54500000,3,68,алматы,43.24592162559,76.915121239913,1989,381.0,2.0,9.0,1.0,2.0,2.0,1.0,0.0,2.0
38000000,2,60,алматы,43.209959,76.786472,2023,1717.0,8.0,9.0,2.0,1.0,2.0,2.0,0.0,2.0
40000000,1,45,алматы,43.254467,76.882987,1989,2219.0,5.0,5.0,2.0,1.0,1.0,1.0,0.0,2.0
35000000,2,65,алматы,43.323686346451,76.984526164743,2018,1199.0,3.0,5.0,3.0,1.0,1.0,2.0,0.0,2.0
67500000,3,102,алматы,43.230028241857,76.876761868133,2020,1401.0,12.0,16.0,3.0,4.0,3.0,3.0,0.0,2.0
46500000,3,70,алматы,43.209322,76.88102,1992,380.0,1.0,5.0,3.0,1.0,1.0,3.0,0.0,2.0
26500000,3,71,алматы,43.365731834418,76.928858756801,2024,2734.0,4.0,9.0,3.0,1.0,3.0,1.0,0.0,2.0
60000000,3,81,алматы,43.21881,76.839266,2006,1855.0,1.0,6.0,1.0,1.0,1.0,1.0,0.0,2.0
38500000,2,55,алматы,43.249222293003,76.900903653037,1981,1494.0,5.0,5.0,1.0,1.0,2.0,1.0,0.0,2.0
59000000,3,76,алматы,43.212975,76.89966,1995,1134.0,2.0,9.0,1.0,2.0,2.0,2.0,0.0,2.0
49000000,2,61,алматы,43.212548,76.874705,1989,3293.0,8.0,9.0,2.0,1.0,2.0,1.0,0.0,2.0
17000000,1,23,алматы,43.243205,76.882835,1977,1820.0,3.0,4.0,2.0,2.0,2.0,1.0,0.0,2.0
65000000,4,85,алматы,43.212778,76.85134,1993,11.0,5.0,5.0,2.0,1.0,2.0,1.0,0.0,2.0
65000000,3,80,алматы,43.221845,76.852121,2021,779.0,12.0,13.0,3.0,1.0,1.0,2.0,0.0,2.0
74500000,3,75,алматы,43.193248932985,76.838808394847,2020,1520.0,4.0,4.0,3.0,1.0,1.0,3.0,0.0,2.0
37000000,1,40,алматы,43.24419,76.954763,1971,2726.0,5.0,5.0,1.0,1.0,1.0,1.0,0.0,2.0
29500000,2,43,алматы,43.225471,76.892123,1961,32.0,3.0,4.0,2.0,1.0,2.0,2.0,0.0,2.0
33000000,2,47,алматы,43.260741692784,76.817610065219,2017,921.0,10.0,14.0,3.0,1.0,2.0,2.0,0.0,2.0
47500000,3,70,алматы,43.218048,76.840138,1991,1316.0,1.0,5.0,1.0,1.0,2.0,1.0,0.0,2.0
26500000,1,51,алматы,43.257562399903,76.818768953212,2025,3014.0,1.0,6.0,3.0,6.0,2.0,2.0,0.0,2.0
35500000,3,57,алматы,43.212868763908,76.859502078712,1980,113.0,2.0,5.0,2.0,2.0,1.0,1.0,0.0,2.0
36500000,2,68,алматы,43.250974,76.81379,2011,2061.0,7.0,9.0,3.0,1.0,2.0,2.0,0.0,2.0
37500000,3,82,алматы,43.254959,76.863709,2024,2388.0,8.0,12.0,3.0,1.0,2.0,2.0,0.0,2.0
29500000,2,43,алматы,43.225471,76.892123,1961,2368.0,3.0,4.0,2.0,1.0,2.0,2.0,0.0,2.0
68500000,2,65,алматы,43.250026374631,76.921869912427,2021,1629.0,6.0,10.0,3.0,1.0,2.0,2.0,0.0,2.0
23500000,1,31,алматы,43.236178,76.857772,1972,1383.0,1.0,4.0,2.0,1.0,2.0,2.0,0.0,2.0
34500000,2,43,алматы,43.215249,76.899184,1979,1924.0,4.0,5.0,2.0,1.0,2.0,2.0,0.0,2.0
36000000,2,65,алматы,43.331824,76.948816,2009,1769.0,3.0,6.0,3.0,1.0,2.0,1.0,0.0,2.0
38500000,3,83,алматы,43.177530890751,76.86448214332,2018,1039.0,6.0,6.0,1.0,5.0,2.0,2.0,0.0,2.0
57000000,3,133,алматы,43.222119975935,76.794480045436,2012,92.0,5.0,16.0,3.0,1.0,2.0,3.0,0.0,2.0
36500000,2,48,алматы,43.261203,76.896139,2020,3225.0,1.0,15.0,3.0,1.0,2.0,2.0,0.0,2.0
16000000,1,13,алматы,43.230444,76.866,1966,143.0,4.0,4.0,2.0,1.0,1.0,2.0,0.0,1.0
25900000,2,39,алматы,43.242786101636,76.833177655983,2018,1189.0,6.0,10.0,3.0,1.0,2.0,2.0,0.0,2.0
31000000,1,45,алматы,43.206477,76.863772,2000,1601.0,2.0,5.0,3.0,4.0,2.0,1.0,0.0,2.0
25000000,2,47,алматы,43.280285,76.821956,2014,3163.0,3.0,5.0,3.0,1.0,2.0,2.0,0.0,2.0
57000000,2,75,алматы,43.204927790695,76.877060549887,2010,48.0,8.0,15.0,3.0,1.0,2.0,2.0,0.0,2.0
63000000,3,82,алматы,43.206632334711,76.884845495224,2015,123.0,13.0,18.0,3.0,1.0,2.0,2.0,0.0,2.0
45000000,4,83,алматы,43.236327765826,76.828371635155,1989,17.0,4.0,5.0,2.0,1.0,2.0,1.0,0.0,2.0
25000000,1,33,алматы,43.315977560047,77.032883580182,2023,636.0,2.0,10.0,2.0,1.0,2.0,2.0,0.0,2.0
53000000,2,60,алматы,43.204436181418,76.897387504578,2018,871.0,7.0,12.0,3.0,1.0,1.0,2.0,0.0,2.0
39000000,3,58,алматы,43.249023,76.918704,1977,3100.0,2.0,5.0,2.0,2.0,2.0,2.0,0.0,2.0
27000000,2,45,алматы,43.323660075996,76.840200770864,2019,1481.0,3.0,4.0,2.0,1.0,2.0,2.0,0.0,2.0
28800000,1,47,алматы,43.277338,76.819503,2014,754.0,3.0,4.0,3.0,1.0,1.0,2.0,0.0,2.0
55000000,3,65,алматы,43.236716301955,76.879343032826,2022,1549.0,19.0,6.0,3.0,1.0,2.0,2.0,0.0,2.0
26500000,1,33,алматы,43.267541356373,76.951056161,1974,241.0,1.0,4.0,2.0,1.0,1.0,2.0,0.0,2.0
27000000,2,56,алматы,43.231206,76.752732,2014,668.0,7.0,9.0,3.0,2.0,1.0,2.0,0.0,2.0
46500000,2,70,алматы,43.212810816248,76.843896958251,2015,512.0,16.0,17.0,3.0,2.0,2.0,1.0,0.0,2.0
69900000,3,130,алматы,43.240649112007,76.876052087528,2012,463.0,10.0,19.0,3.0,1.0,1.0,3.0,0.0,2.0
34500000,2,43,алматы,43.218915997707,76.893757872352,1969,3240.0,2.0,4.0,2.0,1.0,2.0,2.0,0.0,2.0
56000000,3,72,алматы,43.252346,76.913746,1959,2974.0,3.0,3.0,1.0,1.0,1.0,1.0,0.0,2.0
52000000,4,76,алматы,43.254177973489,76.885915315282,1979,1614.0,3.0,5.0,2.0,1.0,1.0,1.0,0.0,2.0
54700000,2,60,алматы,43.250954,76.933589,1960,1601.0,4.0,4.0,1.0,2.0,2.0,2.0,0.0,2.0
39500000,2,57,алматы,43.216353,76.890048,2016,957.0,1.0,12.0,3.0,1.0,2.0,2.0,0.0,2.0
17000000,2,43,алматы,43.246239,76.790982,1963,1609.0,1.0,4.0,2.0,1.0,2.0,2.0,0.0,2.0
54000000,2,80,алматы,43.219907,76.841485,2005,1171.0,10.0,12.0,3.0,1.0,2.0,2.0,0.0,2.0
31000000,2,61,алматы,43.246732,76.841979,1989,2600.0,5.0,5.0,1.0,1.0,2.0,1.0,0.0,2.0
35500000,2,46,алматы,43.262037,76.931299,2002,916.0,2.0,5.0,2.0,1.0,2.0,2.0,0.0,2.0
37000000,2,53,алматы,43.239284,76.825576,2010,1601.0,2.0,7.0,2.0,1.0,3.0,1.0,0.0,2.0
36000000,1,35,алматы,43.207883,76.860925,1993,1601.0,5.0,5.0,1.0,1.0,2.0,2.0,0.0,2.0
70000000,3,70,алматы,43.244453,76.927741,1973,309.0,4.0,5.0,1.0,1.0,2.0,2.0,0.0,2.0
33500000,2,93,алматы,43.220255442432,76.795894299519,2013,92.0,15.0,16.0,2.0,2.0,1.0,2.0,1.0,2.0
54000000,2,95,алматы,43.243934,76.876088,2007,692.0,18.0,20.0,3.0,1.0,1.0,2.0,0.0,2.0
38000000,3,58,алматы,43.224038329668,76.890246617424,1971,349.0,4.0,6.0,2.0,2.0,1.0,2.0,0.0,2.0
26700000,2,45,алматы,43.219335,76.868444,1970,2834.0,4.0,4.0,2.0,1.0,2.0,2.0,0.0,2.0
20000000,1,32,алматы,43.207633425926,76.787427811855,2022,2403.0,7.0,10.0,3.0,1.0,2.0,2.0,0.0,2.0
50000000,3,70,алматы,43.265891,76.819908,2018,1117.0,9.0,12.0,3.0,1.0,1.0,1.0,0.0,2.0
64000000,2,58,алматы,43.236732201644,76.937434481479,2022,1667.0,4.0,10.0,3.0,2.0,2.0,2.0,1.0,2.0
60000000,3,92,алматы,43.221076,76.842617,2011,2427.0,6.0,11.0,3.0,2.0,2.0,2.0,0.0,2.0
31000000,2,62,алматы,43.30463,76.84118,2016,2329.0,1.0,5.0,3.0,1.0,2.0,2.0,0.0,2.0
54000000,2,58,алматы,43.236697447736,76.897770222931,2017,20.0,5.0,16.0,3.0,2.0,2.0,2.0,0.0,2.0
24000000,1,40,алматы,43.290065138045,76.987553954315,2020,934.0,8.0,9.0,3.0,1.0,2.0,2.0,1.0,2.0
28000000,2,50,алматы,43.353394,76.925235,1989,414.0,1.0,5.0,2.0,1.0,2.0,1.0,0.0,2.0
74500000,2,66,алматы,43.264336644942,76.932066228866,2024,2758.0,4.0,9.0,3.0,1.0,2.0,2.0,0.0,2.0
53000000,3,70,алматы,43.195786325044,76.878120931057,1978,41.0,9.0,9.0,2.0,1.0,2.0,2.0,0.0,2.0
18400000,2,42,алматы,43.322813123912,76.839798328813,2019,1404.0,5.0,5.0,2.0,1.0,2.0,2.0,0.0,2.0
45500000,2,49,алматы,43.267102151835,76.929931640407,2024,2491.0,3.0,12.0,3.0,1.0,1.0,2.0,0.0,2.0
45500000,2,70,алматы,43.215886,76.880418,2023,1770.0,12.0,16.0,3.0,6.0,3.0,3.0,0.0,2.0
26000000,2,50,алматы,43.217653,76.775163,2019,1601.0,2.0,10.0,3.0,1.0,2.0,2.0,0.0,2.0
20000000,1,45,алматы,43.356652,76.924858,2011,997.0,2.0,5.0,3.0,2.0,2.0,2.0,0.0,2.0
46500000,3,73,алматы,43.237565697049,76.882419153442,2020,2107.0,5.0,19.0,3.0,6.0,2.0,2.0,0.0,2.0
38900000,3,58,алматы,43.227987,76.872118,1968,1601.0,4.0,4.0,2.0,1.0,2.0,2.0,0.0,2.0
83000000,4,100,алматы,43.236716301955,76.879343032826,2022,1549.0,5.0,18.0,3.0,1.0,1.0,1.0,0.0,2.0
56000000,2,50,алматы,43.233894267748,76.875101566839,2020,1206.0,14.0,16.0,3.0,1.0,1.0,2.0,0.0,2.0
53000000,3,74,алматы,43.222444885548,76.836928311501,1990,1601.0,3.0,9.0,2.0,2.0,3.0,1.0,1.0,2.0
60700000,2,50,алматы,43.214572,76.893408,1985,1320.0,5.0,5.0,2.0,1.0,1.0,1.0,0.0,2.0
58900000,4,104,алматы,43.260503549015,76.82140531891,2017,636.0,7.0,12.0,3.0,2.0,2.0,3.0,0.0,2.0
39000000,2,70,алматы,43.273243,76.829771,2022,2115.0,7.0,7.0,3.0,1.0,1.0,2.0,0.0,2.0
39500000,2,62,алматы,43.24331255684,76.875931342729,2012,463.0,15.0,19.0,3.0,1.0,2.0,2.0,0.0,2.0
49000000,2,65,алматы,43.202468,76.933473,2012,1245.0,2.0,4.0,3.0,2.0,1.0,3.0,0.0,2.0
28000000,1,29,алматы,43.226299,76.906146,1961,2087.0,3.0,3.0,1.0,1.0,3.0,2.0,1.0,2.0
46000000,2,48,алматы,43.233894267748,76.875101566839,2020,1206.0,4.0,16.0,3.0,4.0,2.0,2.0,0.0,2.0
32000000,2,64,алматы,43.358848,76.921821,2008,3421.0,4.0,6.0,3.0,1.0,1.0,1.0,0.0,1.0
30000000,1,43,алматы,43.24609031649,76.934640038307,2006,56.0,13.0,13.0,3.0,2.0,2.0,2.0,0.0,2.0
55000000,2,53,алматы,43.234088696446,76.953372490733,1988,2799.0,5.0,12.0,3.0,1.0,2.0,1.0,0.0,2.0
21300000,1,46,алматы,43.32204444156,77.031965361448,2025,3345.0,6.0,7.0,3.0,1.0,2.0,2.0,0.0,2.0
15500000,1,21,алматы,43.211918,76.879304,1973,1921.0,4.0,4.0,2.0,1.0,1.0,2.0,0.0,1.0
67500000,3,101,алматы,43.230098848078,76.87595184101,2020,1401.0,12.0,16.0,3.0,6.0,2.0,3.0,0.0,2.0
36000000,3,56,алматы,43.201358581539,76.885196754631,1973,751.0,4.0,5.0,2.0,2.0,2.0,2.0,0.0,2.0
53000000,2,50,алматы,43.227869,76.954583,1972,1218.0,3.0,4.0,1.0,1.0,2.0,2.0,0.0,2.0
52500000,2,58,алматы,43.211302176625,76.897758099672,2020,1125.0,12.0,17.0,3.0,2.0,1.0,2.0,0.0,2.0
27500000,3,55,алматы,43.311853,76.998044,2024,1601.0,1.0,2.0,1.0,1.0,2.0,2.0,0.0,2.0
27500000,2,45,алматы,43.206372,76.836652,1985,2681.0,1.0,5.0,2.0,1.0,1.0,1.0,0.0,2.0
33000000,3,60,алматы,43.234996,76.85805,1975,2075.0,1.0,4.0,2.0,1.0,2.0,2.0,0.0,2.0
48500000,4,78,алматы,43.254467,76.882987,1978,1124.0,3.0,5.0,2.0,1.0,3.0,1.0,0.0,2.0
28200000,1,40,алматы,43.228381,76.835574,1989,2050.0,7.0,9.0,2.0,1.0,1.0,2.0,0.0,2.0
19000000,1,33,алматы,43.368662717866,76.985071950231,1984,2621.0,2.0,5.0,2.0,2.0,1.0,2.0,0.0,2.0
42000000,1,32,алматы,43.269114,76.937183,1975,273.0,1.0,5.0,1.0,1.0,2.0,2.0,0.0,2.0
44000000,1,41,алматы,43.20565621475,76.892974146508,2020,1189.0,4.0,6.0,2.0,1.0,2.0,2.0,0.0,2.0
9500000,1,12,алматы,43.243205,76.882835,1977,2758.0,4.0,4.0,2.0,1.0,1.0,2.0,0.0,1.0
35000000,2,58,алматы,43.23558,76.840111,1984,1801.0,7.0,9.0,2.0,1.0,2.0,1.0,0.0,2.0
30000000,1,46,алматы,43.222489,76.846641,1994,2308.0,1.0,9.0,2.0,2.0,1.0,2.0,0.0,2.0
40000000,2,60,алматы,43.229156,76.840012,1987,1124.0,4.0,6.0,2.0,1.0,2.0,2.0,0.0,2.0
35500000,2,43,алматы,43.228280976363,76.920501097868,1972,1007.0,3.0,4.0,2.0,1.0,2.0,2.0,0.0,2.0
44500000,2,47,алматы,43.236116258916,76.898962100749,2017,20.0,5.0,17.0,3.0,4.0,2.0,2.0,0.0,2.0
43800000,2,56,алматы,43.206632334711,76.884845495224,2015,123.0,12.0,15.0,3.0,1.0,1.0,2.0,0.0,2.0
59000000,3,76,алматы,43.212975,76.89966,1995,1601.0,2.0,9.0,1.0,1.0,2.0,2.0,0.0,2.0
44500000,2,48,алматы,43.199998640021,76.890745616691,2014,72.0,4.0,25.0,3.0,1.0,1.0,2.0,0.0,2.0
29000000,2,45,алматы,43.21628,76.867455,1968,3052.0,2.0,4.0,2.0,1.0,2.0,2.0,0.0,2.0
59000000,3,90,алматы,43.252707,76.825477,2012,1725.0,2.0,5.0,3.0,1.0,2.0,2.0,0.0,2.0
20000000,2,35,алматы,43.237163,76.856379,1974,2308.0,3.0,4.0,2.0,1.0,1.0,2.0,0.0,1.0
33000000,2,47,алматы,43.260741692784,76.817610065219,2017,921.0,10.0,14.0,3.0,1.0,2.0,2.0,0.0,2.0
58000000,2,91,алматы,43.23720638941,76.893759907419,2018,876.0,18.0,21.0,3.0,1.0,2.0,3.0,0.0,2.0
35900000,2,50,алматы,43.235764,76.82148,1991,2834.0,5.0,5.0,2.0,1.0,2.0,1.0,0.0,2.0
21000000,1,32,алматы,43.321377,76.909317,1982,1500.0,2.0,4.0,2.0,2.0,2.0,2.0,0.0,2.0
26000000,1,31,алматы,43.263989637028,76.950352678331,1973,1605.0,1.0,5.0,2.0,1.0,2.0,2.0,0.0,2.0
50000000,2,61,алматы,43.213500595428,76.888013962993,2018,996.0,6.0,12.0,3.0,1.0,2.0,2.0,0.0,2.0
33000000,2,45,алматы,43.260868,76.91636,1979,1601.0,5.0,5.0,2.0,2.0,2.0,2.0,0.0,2.0
30000000,1,38,алматы,43.296108537832,76.979359388297,2022,1428.0,8.0,9.0,3.0,1.0,1.0,2.0,0.0,2.0
48000000,3,60,алматы,43.23026,76.906451,1983,997.0,3.0,5.0,2.0,1.0,2.0,2.0,0.0,2.0
42000000,3,96,алматы,43.217571585309,76.77495708704,2022,1124.0,8.0,10.0,3.0,1.0,1.0,3.0,0.0,2.0
44000000,2,60,алматы,43.216353,76.890048,2015,349.0,11.0,12.0,3.0,1.0,2.0,2.0,0.0,2.0
42000000,2,53,алматы,43.217109632327,76.88161884243,2021,1817.0,1.0,10.0,3.0,1.0,1.0,2.0,0.0,2.0
73000000,3,75,алматы,43.243901,76.943156,1956,1681.0,2.0,3.0,1.0,4.0,2.0,1.0,0.0,2.0
35000000,1,31,алматы,43.219749,76.887901,2023,1959.0,15.0,17.0,3.0,1.0,1.0,2.0,0.0,2.0
38500000,2,57,алматы,43.240447055373,76.856388984181,2017,885.0,1.0,12.0,3.0,1.0,2.0,2.0,0.0,2.0
24500000,1,36,алматы,43.265802441799,76.892800407405,2015,1601.0,2.0,9.0,3.0,1.0,2.0,2.0,0.0,2.0
60600000,2,66,алматы,43.267445229911,76.928134172637,2023,2146.0,7.0,12.0,3.0,1.0,1.0,2.0,0.0,2.0
23900000,2,47,алматы,43.223454,76.787577,2020,3137.0,9.0,10.0,3.0,1.0,1.0,2.0,0.0,2.0
35000000,2,46,алматы,43.254034,76.876654,1979,2601.0,4.0,5.0,2.0,1.0,2.0,2.0,0.0,2.0
66000000,3,87,алматы,43.255940495435,76.96476995945,2020,1431.0,12.0,12.0,3.0,6.0,2.0,2.0,0.0,2.0
80000000,3,100,алматы,43.237463238691,76.8835295397,2010,41.0,3.0,16.0,3.0,1.0,1.0,3.0,0.0,2.0
45200000,2,41,алматы,43.26665041551,76.929558019731,2024,3171.0,11.0,12.0,3.0,1.0,1.0,2.0,0.0,2.0
44900000,2,63,алматы,43.274502302328,76.815229655076,2024,2147.0,4.0,12.0,3.0,6.0,2.0,2.0,0.0,2.0
29250000,2,59,алматы,43.297161341424,76.997300929717,2024,2960.0,7.0,6.0,3.0,1.0,2.0,2.0,0.0,2.0
53000000,3,65,алматы,43.220675,76.934667,1974,594.0,2.0,4.0,2.0,1.0,1.0,2.0,0.0,2.0
41000000,3,56,алматы,43.197907,76.878882,1975,1601.0,3.0,5.0,2.0,1.0,1.0,2.0,0.0,2.0
32000000,2,50,алматы,43.329190252207,76.939827966339,2021,1689.0,3.0,10.0,3.0,1.0,1.0,2.0,0.0,2.0
43500000,1,50,алматы,43.212030923512,76.855842870553,2021,1820.0,10.0,13.0,3.0,1.0,1.0,1.0,0.0,2.0
16000000,1,22,алматы,43.247434,76.885296,1951,11.0,2.0,2.0,2.0,1.0,1.0,2.0,0.0,2.0
77000000,4,143,алматы,43.217109632327,76.88161884243,2022,1817.0,11.0,11.0,3.0,6.0,2.0,2.0,0.0,2.0
27700000,2,55,алматы,43.26895931858,76.819150183853,2021,957.0,12.0,12.0,3.0,2.0,1.0,2.0,0.0,2.0
35000000,1,33,алматы,43.201197612476,76.974553911086,2020,2011.0,1.0,3.0,1.0,1.0,1.0,2.0,0.0,2.0
41500000,3,65,алматы,43.24968,76.92378,1964,876.0,2.0,4.0,1.0,1.0,2.0,2.0,0.0,2.0
47000000,3,62,алматы,43.230385,76.924094,1970,338.0,1.0,4.0,2.0,2.0,3.0,1.0,0.0,2.0
25000000,1,34,алматы,43.266878747922,76.938222059245,1973,2681.0,5.0,5.0,2.0,2.0,2.0,2.0,0.0,2.0
43990000,1,36,алматы,43.246285373798,76.924051217696,2022,1536.0,7.0,12.0,3.0,1.0,1.0,1.0,0.0,2.0
25500000,1,48,алматы,43.253751,76.818201,2018,2510.0,9.0,9.0,3.0,2.0,1.0,2.0,1.0,2.0
28500000,2,44,алматы,43.230582,76.858113,1963,3119.0,4.0,4.0,2.0,1.0,2.0,2.0,0.0,2.0
18000000,1,36,алматы,43.355341,76.924274,2009,1171.0,4.0,6.0,3.0,4.0,3.0,2.0,0.0,2.0
23828000,1,51,алматы,43.321957593055,77.033372006511,2024,2147.0,5.0,7.0,2.0,1.0,2.0,2.0,0.0,2.0
48000000,2,52,алматы,43.233894267748,76.875101566839,2019,1206.0,4.0,6.0,3.0,1.0,2.0,2.0,0.0,2.0
37000000,2,60,алматы,43.216702849219,76.880512507741,2008,534.0,5.0,16.0,3.0,1.0,1.0,2.0,0.0,2.0
62000000,3,66,алматы,43.22483382733,76.958148174152,1972,71.0,4.0,4.0,1.0,1.0,1.0,1.0,0.0,2.0
25500000,1,23,алматы,43.214819466228,76.874148845673,2018,1060.0,17.0,17.0,3.0,1.0,1.0,2.0,0.0,2.0
16000000,1,30,алматы,43.288508,77.003829,2020,2006.0,1.0,9.0,3.0,6.0,2.0,2.0,0.0,2.0
45000000,3,83,алматы,43.241360971266,76.811206612572,2016,2503.0,11.0,16.0,2.0,1.0,1.0,1.0,0.0,2.0
42000000,3,88,алматы,43.230737963047,76.801636899912,2008,1601.0,3.0,9.0,3.0,1.0,2.0,2.0,0.0,2.0
24500000,1,36,алматы,43.273317720405,76.810425023058,2025,3220.0,1.0,6.0,3.0,6.0,2.0,2.0,0.0,2.0
65999990,2,54,алматы,43.255312941284,76.931794879856,2021,1993.0,10.0,13.0,3.0,1.0,1.0,2.0,0.0,2.0
9500000,1,12,алматы,43.222318,76.858526,1974,1383.0,1.0,4.0,3.0,1.0,2.0,4.0,0.0,1.0
38000000,2,58,алматы,43.267220522616,76.820762976858,2018,1420.0,9.0,12.0,3.0,1.0,2.0,1.0,0.0,2.0
25500000,2,41,алматы,43.286933,77.004107,2019,1601.0,1.0,9.0,3.0,1.0,2.0,2.0,0.0,2.0
34500000,3,77,алматы,43.228575275503,76.779490371558,2022,172.0,1.0,6.0,3.0,6.0,2.0,1.0,0.0,2.0
49000000,2,55,алматы,43.260778368017,76.960831075096,2015,709.0,9.0,14.0,3.0,1.0,2.0,2.0,0.0,2.0
78000000,2,76,алматы,43.207909039956,76.895041477282,2021,1481.0,5.0,17.0,3.0,1.0,2.0,2.0,0.0,2.0
30500000,2,65,алматы,43.356015563419,76.924620294304,2008,1483.0,4.0,6.0,3.0,2.0,2.0,1.0,0.0,2.0
39000000,2,42,алматы,43.267897007756,76.92222833628,2025,1298.0,9.0,10.0,3.0,1.0,2.0,2.0,0.0,2.0
42500000,2,49,алматы,43.261494803805,76.899913108869,2022,1992.0,5.0,15.0,3.0,1.0,2.0,2.0,0.0,2.0
59500000,4,72,алматы,43.24204887693,76.897373575393,1980,2054.0,4.0,5.0,1.0,1.0,2.0,1.0,0.0,2.0
32000000,2,54,алматы,43.260048284686,76.816061814589,2017,2003.0,6.0,9.0,2.0,1.0,1.0,2.0,1.0,2.0
36000000,2,55,алматы,43.274502302328,76.815229655076,2025,2147.0,11.0,12.0,3.0,4.0,2.0,2.0,0.0,2.0
31500000,1,45,алматы,43.265179638936,76.918001685368,2020,1522.0,5.0,13.0,3.0,1.0,1.0,2.0,0.0,2.0
40000000,4,80,алматы,43.315368,76.940219,1971,657.0,1.0,4.0,1.0,2.0,2.0,2.0,0.0,2.0
28000000,2,53,алматы,43.29719129499,76.895811003696,2021,1537.0,8.0,8.0,3.0,1.0,2.0,2.0,1.0,2.0
28000000,2,45,алматы,43.22741872543,76.781287992027,2022,1124.0,1.0,6.0,3.0,1.0,2.0,2.0,0.0,2.0
37777777,2,50,алматы,43.262359,76.894665,2024,1601.0,6.0,12.0,3.0,1.0,3.0,2.0,0.0,2.0
44000000,3,64,алматы,43.246998979855,76.853078694635,2022,2129.0,6.0,10.0,3.0,1.0,1.0,2.0,0.0,2.0
39000000,2,44,алматы,43.267979328976,76.921842098182,2024,1298.0,5.0,10.0,3.0,1.0,1.0,2.0,0.0,2.0
36400000,3,70,алматы,43.256614,76.863629,1989,1588.0,1.0,5.0,1.0,2.0,2.0,1.0,0.0,2.0
22500000,1,48,алматы,43.253988,76.819414,2018,1522.0,1.0,9.0,3.0,2.0,1.0,2.0,0.0,2.0
55000000,3,65,алматы,43.232516335377,76.897232089619,1988,1417.0,7.0,9.0,2.0,1.0,2.0,1.0,0.0,2.0
45000000,3,70,алматы,43.261952,76.926205,1978,2191.0,5.0,5.0,2.0,1.0,1.0,2.0,0.0,2.0
16000000,1,29,алматы,43.173963863944,76.787637725281,2024,2086.0,9.0,9.0,3.0,1.0,3.0,2.0,0.0,2.0
68000000,3,110,алматы,43.221651227139,76.865033494594,2019,1569.0,5.0,10.0,3.0,2.0,2.0,3.0,0.0,2.0
32500000,3,63,алматы,43.223207094563,76.870255811289,1974,2318.0,3.0,4.0,2.0,1.0,2.0,1.0,0.0,2.0
36000000,2,65,алматы,43.244105,76.815668,2010,2377.0,4.0,9.0,3.0,1.0,2.0,2.0,0.0,2.0
45300000,2,61,алматы,43.267687211159,76.925091332618,2025,2505.0,6.0,12.0,3.0,6.0,2.0,2.0,0.0,2.0
44990000,3,65,алматы,43.227133403786,76.801954611292,2025,3392.0,10.0,12.0,3.0,1.0,2.0,2.0,0.0,2.0
65000000,2,68,алматы,43.210072608673,76.899199721319,2020,1526.0,5.0,10.0,3.0,1.0,2.0,2.0,0.0,2.0
60000000,3,75,алматы,43.16961545643,76.914822007718,2020,300.0,1.0,3.0,3.0,1.0,1.0,1.0,0.0,2.0
83500000,3,126,алматы,43.23802017,76.933118219968,2008,16.0,10.0,15.0,3.0,2.0,1.0,3.0,0.0,2.0
55000000,2,46,алматы,43.244497527438,76.923689246178,2021,1324.0,6.0,13.0,3.0,1.0,2.0,2.0,1.0,2.0
39500000,2,43,алматы,43.262259621642,76.95998521659,1981,1157.0,2.0,5.0,2.0,2.0,2.0,2.0,0.0,2.0
26900000,2,51,алматы,43.329653,76.976466,1983,1601.0,5.0,5.0,1.0,2.0,2.0,1.0,0.0,2.0
26500000,1,41,алматы,43.296108537832,76.979359388297,2022,1428.0,2.0,9.0,3.0,1.0,1.0,2.0,1.0,2.0
22000000,1,33,алматы,43.208232863648,76.78667783108,2024,180.0,10.0,10.0,3.0,1.0,1.0,2.0,1.0,2.0
45000000,2,63,алматы,43.213711,76.86936,2017,1601.0,6.0,9.0,3.0,1.0,2.0,2.0,0.0,2.0
52500000,3,70,алматы,43.200628,76.895294,1989,1601.0,4.0,5.0,1.0,2.0,1.0,3.0,0.0,2.0
57500000,3,82,алматы,43.256942,76.914096,2016,706.0,2.0,13.0,3.0,1.0,2.0,2.0,0.0,2.0
38500000,3,84,алматы,43.241340485664,76.810090851075,2015,11.0,14.0,16.0,3.0,2.0,2.0,3.0,0.0,2.0
14000000,1,18,алматы,43.289453,76.947918,1979,3026.0,3.0,3.0,1.0,1.0,1.0,1.0,0.0,1.0
40000000,3,58,алматы,43.227928,76.935907,1965,1440.0,4.0,4.0,1.0,2.0,2.0,1.0,0.0,2.0
57500000,3,82,алматы,43.25712801158,76.914003916069,2016,729.0,2.0,13.0,3.0,6.0,2.0,1.0,0.0,2.0
26000000,2,60,алматы,43.358468,76.920663,2010,310.0,3.0,5.0,3.0,2.0,1.0,2.0,0.0,2.0
30500000,2,52,алматы,43.225663926626,76.886283052916,1989,292.0,3.0,5.0,1.0,2.0,1.0,1.0,0.0,2.0
23000000,1,45,алматы,43.311151625878,76.89667387698,2014,818.0,2.0,6.0,3.0,1.0,2.0,2.0,0.0,2.0
65000000,3,72,алматы,43.180064158271,76.86824116834,2008,19.0,9.0,9.0,3.0,1.0,1.0,2.0,0.0,2.0
59000000,3,93,алматы,43.231096989712,76.832493562958,2017,957.0,10.0,10.0,3.0,1.0,2.0,2.0,0.0,2.0
29000000,1,40,алматы,43.211694,76.794252,2023,2075.0,7.0,12.0,3.0,1.0,1.0,2.0,0.0,2.0
24500000,1,33,алматы,43.255855307083,76.91107628805,1972,3221.0,5.0,5.0,2.0,2.0,2.0,2.0,0.0,2.0
25500000,1,36,алматы,43.202495,76.843902,1995,1801.0,1.0,5.0,1.0,2.0,2.0,2.0,0.0,2.0
62000000,3,85,алматы,43.2738914822,76.94587589479,2022,1822.0,8.0,13.0,3.0,1.0,2.0,2.0,0.0,2.0
16500000,1,33,алматы,43.209059541386,76.7845168711,2025,3172.0,4.0,9.0,3.0,1.0,2.0,2.0,0.0,2.0
41000000,3,67,алматы,43.215524267806,76.901819041664,1979,692.0,5.0,5.0,2.0,1.0,2.0,1.0,0.0,2.0
48000000,2,62,алматы,43.236421,76.903864,1991,120.0,9.0,9.0,2.0,2.0,2.0,1.0,0.0,2.0
40500000,3,58,алматы,43.265943,76.935916,1972,2165.0,4.0,5.0,2.0,1.0,2.0,1.0,0.0,2.0
45000000,2,70,алматы,43.329190252207,76.939827966339,2021,1689.0,8.0,10.0,3.0,1.0,1.0,3.0,0.0,2.0
32000000,3,70,алматы,43.229848894921,76.753890804835,2014,2335.0,6.0,9.0,2.0,1.0,1.0,2.0,0.0,2.0
30000000,2,51,алматы,43.347599,76.96486,1995,113.0,4.0,5.0,2.0,1.0,2.0,1.0,0.0,2.0
59999999,4,87,алматы,43.244512,76.853693,2014,3251.0,11.0,12.0,3.0,1.0,1.0,2.0,0.0,2.0
27000000,2,45,алматы,43.302023548337,76.998599267075,2021,1810.0,6.0,7.0,3.0,1.0,3.0,2.0,0.0,2.0
20500000,2,37,алматы,43.189304,76.932026,1986,1845.0,3.0,3.0,1.0,1.0,2.0,2.0,1.0,2.0
59000000,3,76,алматы,43.213194724396,76.899694868717,1995,706.0,2.0,9.0,1.0,2.0,1.0,1.0,0.0,2.0
55000000,2,50,алматы,43.226673,76.845222,2021,2523.0,2.0,5.0,3.0,1.0,1.0,2.0,0.0,2.0
37500000,3,67,алматы,43.240480008065,76.830201636909,1993,2630.0,6.0,12.0,3.0,2.0,2.0,1.0,0.0,2.0
55000000,4,86,алматы,43.325076,76.913755,1990,2220.0,5.0,5.0,2.0,1.0,2.0,1.0,0.0,2.0
25000000,1,40,алматы,43.251485824044,76.868808182873,1982,2590.0,9.0,9.0,2.0,1.0,1.0,2.0,0.0,2.0
35500000,2,60,алматы,43.236362,76.839787,1984,1751.0,5.0,9.0,2.0,1.0,2.0,1.0,0.0,2.0
27500000,1,31,алматы,43.200744408092,76.874194255295,1976,2200.0,1.0,5.0,2.0,2.0,2.0,2.0,0.0,2.0
60000000,3,100,алматы,43.246970041536,76.852302446655,2022,2129.0,5.0,10.0,3.0,1.0,1.0,2.0,1.0,2.0
33000000,1,25,алматы,43.223763,76.954296,2008,1509.0,2.0,5.0,3.0,2.0,2.0,2.0,0.0,2.0
59000000,4,72,алматы,43.226824,76.906784,1961,2375.0,2.0,3.0,1.0,1.0,2.0,3.0,0.0,2.0
28888888,1,54,алматы,43.291534,77.010386,2020,711.0,2.0,9.0,2.0,4.0,2.0,1.0,0.0,2.0
47000000,3,63,алматы,43.24532574878,76.869997909484,2020,1418.0,1.0,13.0,3.0,1.0,1.0,1.0,0.0,2.0
63000000,3,120,алматы,43.243171833973,76.8762052284,2011,640.0,18.0,20.0,3.0,1.0,2.0,3.0,0.0,2.0
40000000,2,51,алматы,43.254058566596,76.863461578558,2024,2388.0,3.0,12.0,3.0,1.0,1.0,2.0,0.0,2.0
37500000,3,53,алматы,43.255555203923,76.936807195106,1962,661.0,4.0,4.0,1.0,1.0,2.0,2.0,0.0,2.0
28000000,2,53,алматы,43.315106,76.91282,1998,1601.0,5.0,5.0,2.0,1.0,2.0,2.0,0.0,2.0
19600000,1,42,алматы,43.209059541386,76.7845168711,2025,3172.0,1.0,6.0,3.0,6.0,2.0,2.0,0.0,2.0
39500000,1,56,алматы,43.212070599536,76.878044385594,2016,695.0,12.0,12.0,3.0,1.0,2.0,1.0,0.0,2.0
23500000,1,37,алматы,43.263296869067,76.822307501991,2019,636.0,12.0,12.0,3.0,1.0,2.0,2.0,0.0,2.0
19800000,1,40,алматы,43.209059541386,76.7845168711,2025,3172.0,5.0,9.0,3.0,6.0,2.0,2.0,0.0,2.0
31200000,1,40,алматы,43.220873,76.844432,2007,1599.0,5.0,10.0,3.0,1.0,2.0,2.0,0.0,2.0
25000000,2,37,алматы,43.202593,76.870034,1972,309.0,2.0,4.0,1.0,2.0,2.0,2.0,0.0,1.0
38000000,2,48,алматы,43.245479794248,76.869882493618,2020,1418.0,2.0,10.0,3.0,1.0,1.0,2.0,0.0,2.0
23000000,1,42,алматы,43.228388,76.779483,2022,3471.0,1.0,6.0,3.0,1.0,2.0,2.0,0.0,2.0
15500000,2,39,алматы,43.334453,76.93906,1961,328.0,1.0,2.0,1.0,2.0,2.0,1.0,0.0,1.0
31500000,1,47,алматы,43.213716698791,76.853035310068,2005,1317.0,9.0,9.0,3.0,2.0,1.0,2.0,0.0,2.0
72000000,3,91,алматы,43.208026257792,76.912064552307,2009,17.0,12.0,13.0,3.0,1.0,2.0,2.0,0.0,2.0
30000000,3,59,алматы,43.360244,77.1343,1963,1120.0,2.0,4.0,2.0,2.0,2.0,2.0,0.0,2.0
65000000,3,103,алматы,43.342217151309,76.994230010678,2017,661.0,9.0,12.0,3.0,2.0,1.0,3.0,0.0,2.0
62000000,3,100,алматы,43.24331255684,76.875931342729,2012,463.0,2.0,19.0,3.0,1.0,2.0,2.0,0.0,2.0
39900000,3,92,алматы,43.304856001579,76.922340451729,2006,772.0,9.0,9.0,3.0,2.0,2.0,1.0,0.0,2.0
64000000,2,51,алматы,43.245284746473,76.948582653219,1974,728.0,2.0,5.0,1.0,2.0,1.0,2.0,0.0,2.0
28000000,2,64,алматы,43.357602,76.919684,2008,512.0,4.0,6.0,3.0,4.0,3.0,1.0,0.0,2.0
35000000,2,48,алматы,43.261046,76.890183,2022,1997.0,8.0,12.0,3.0,1.0,1.0,2.0,0.0,2.0
17500000,1,26,алматы,43.221705980823,76.786440765848,2019,1124.0,2.0,9.0,3.0,1.0,3.0,2.0,0.0,2.0
50000000,2,45,алматы,43.199998640021,76.890745616691,2014,72.0,2.0,25.0,3.0,1.0,1.0,2.0,0.0,2.0
20200000,1,29,алматы,43.260036749,76.901961301666,2025,2729.0,11.0,17.0,3.0,6.0,3.0,2.0,0.0,2.0
45000000,3,77,алматы,43.222712,76.804672,2020,2526.0,2.0,12.0,3.0,1.0,1.0,3.0,0.0,2.0
36700000,2,52,алматы,43.275249496288,76.816409095751,2024,2147.0,4.0,12.0,3.0,1.0,2.0,2.0,0.0,2.0
27500000,1,30,алматы,43.228467,76.898519,1962,1601.0,2.0,4.0,1.0,1.0,1.0,2.0,0.0,2.0
48000000,3,71,алматы,43.221043,76.848456,1992,796.0,6.0,9.0,2.0,2.0,1.0,1.0,0.0,2.0
39500000,2,58,алматы,43.206079105223,76.873123406082,1979,2925.0,6.0,9.0,2.0,2.0,2.0,1.0,0.0,2.0
32000000,3,60,алматы,43.249733,76.857089,1982,1601.0,3.0,5.0,2.0,2.0,2.0,1.0,0.0,2.0
34000000,2,98,алматы,43.223841127129,76.792911683095,2012,92.0,5.0,16.0,3.0,2.0,1.0,2.0,0.0,2.0
35000000,2,52,алматы,43.226411,76.837676,1986,1097.0,2.0,5.0,2.0,2.0,1.0,2.0,0.0,2.0
40500000,3,72,алматы,43.266946596449,76.821491543208,2020,1117.0,3.0,12.0,3.0,1.0,1.0,1.0,0.0,2.0
26000000,2,45,алматы,43.332554650105,76.945819971748,2016,616.0,4.0,5.0,3.0,1.0,2.0,2.0,0.0,2.0
29500000,1,36,алматы,43.201082,76.883167,1980,1855.0,3.0,5.0,1.0,1.0,1.0,2.0,0.0,2.0
70000000,3,79,алматы,43.192689,76.807888,2021,1109.0,3.0,4.0,3.0,1.0,2.0,2.0,0.0,2.0
21500000,1,45,алматы,43.280763092762,76.820869493393,2014,630.0,7.0,9.0,3.0,2.0,2.0,2.0,0.0,2.0
51500000,3,75,алматы,43.240996332163,76.902573034393,1975,633.0,5.0,5.0,1.0,2.0,2.0,1.0,0.0,2.0
45755000,2,65,алматы,43.230063795057,76.8777342079,2019,1401.0,13.0,16.0,3.0,6.0,2.0,3.0,0.0,2.0
34500000,2,50,алматы,43.220140520422,76.886247876439,2022,1601.0,7.0,13.0,2.0,6.0,2.0,2.0,0.0,2.0
49900000,3,67,алматы,43.222673,76.890668,1991,1601.0,1.0,5.0,1.0,2.0,2.0,2.0,0.0,2.0
43000000,2,53,алматы,43.19285440112,76.808899487924,2020,1109.0,4.0,4.0,3.0,1.0,2.0,2.0,0.0,2.0
29500000,1,40,алматы,43.256016,76.886446,1989,1601.0,3.0,9.0,2.0,1.0,2.0,2.0,0.0,2.0
68500000,4,80,алматы,43.21967,76.96495,1991,2479.0,7.0,9.0,3.0,1.0,2.0,2.0,0.0,2.0
35000000,1,47,алматы,43.30428009162,76.922971285182,2005,531.0,7.0,9.0,3.0,1.0,2.0,2.0,0.0,2.0
9500000,1,45,алматы,43.357466658039,76.95173528836,2014,218.0,1.0,5.0,3.0,1.0,3.0,1.0,0.0,2.0
23000000,1,35,алматы,43.260503549015,76.82140531891,2019,636.0,11.0,12.0,3.0,1.0,2.0,2.0,0.0,2.0
31500000,2,60,алматы,43.212515,76.779133,2022,3346.0,5.0,5.0,3.0,1.0,1.0,2.0,1.0,2.0
41500000,3,74,алматы,43.310333960763,76.942031819486,2021,1751.0,5.0,5.0,3.0,5.0,2.0,3.0,0.0,2.0
39500000,3,63,алматы,43.226529,76.847477,1968,457.0,3.0,4.0,2.0,1.0,1.0,2.0,0.0,2.0
43600000,4,78,алматы,43.208103605675,76.787220364023,2023,2403.0,5.0,10.0,3.0,1.0,1.0,3.0,0.0,2.0
33000000,2,61,алматы,43.248856911735,76.866705268403,2015,52.0,10.0,12.0,3.0,1.0,2.0,2.0,0.0,2.0
45000000,3,72,алматы,43.275047107388,76.816196740875,2024,2147.0,9.0,12.0,3.0,1.0,2.0,2.0,0.0,2.0
22000000,1,34,алматы,43.221705980823,76.786440765848,2019,1124.0,4.0,6.0,3.0,2.0,2.0,2.0,0.0,2.0
49800000,1,55,алматы,43.238011305107,76.890220096604,2024,3020.0,2.0,9.0,3.0,1.0,2.0,2.0,0.0,2.0
28800000,2,44,алматы,43.274901919508,76.916691054578,1981,1601.0,1.0,3.0,3.0,1.0,2.0,2.0,0.0,2.0
31000000,2,47,алматы,43.27212,76.963279,1980,73.0,2.0,4.0,2.0,1.0,2.0,2.0,0.0,2.0
15500000,1,17,алматы,43.222357,76.85858,1980,2523.0,1.0,4.0,2.0,2.0,2.0,2.0,0.0,1.0
37000000,3,73,алматы,43.305306424237,76.924311966934,2006,1601.0,3.0,5.0,1.0,1.0,2.0,2.0,0.0,2.0
27790000,2,44,алматы,43.251775858941,76.862936864224,2025,3177.0,2.0,13.0,3.0,6.0,2.0,2.0,0.0,2.0
23500000,1,32,алматы,43.211484,76.86123,1968,1601.0,4.0,4.0,2.0,5.0,2.0,2.0,0.0,2.0
13000000,1,17,алматы,43.23715,76.856361,1974,1060.0,3.0,4.0,2.0,2.0,2.0,2.0,0.0,1.0
34000000,3,57,алматы,43.219050298131,76.893042746033,1961,1349.0,3.0,4.0,2.0,1.0,2.0,2.0,0.0,2.0
27800000,3,63,алматы,43.245810564371,76.806512389694,2024,2691.0,2.0,12.0,3.0,1.0,2.0,3.0,0.0,2.0
19500000,1,41,алматы,43.319897927551,76.89941402916,2023,2027.0,9.0,9.0,3.0,1.0,3.0,2.0,0.0,2.0
48000000,3,97,алматы,43.24103109436,76.824396789091,2006,897.0,4.0,9.0,3.0,1.0,2.0,3.0,0.0,2.0
23500000,2,52,алматы,43.318592260068,76.986864047788,2024,2663.0,2.0,9.0,3.0,6.0,2.0,2.0,0.0,2.0
24500000,1,38,алматы,43.28733201145,76.95017493769,2023,2236.0,6.0,13.0,3.0,6.0,2.0,2.0,0.0,2.0
33000000,2,49,алматы,43.261118434287,76.901157653851,2021,1992.0,9.0,12.0,3.0,6.0,2.0,2.0,0.0,2.0
66500000,1,46,алматы,43.207044145465,76.896017641519,2022,1906.0,4.0,12.0,3.0,1.0,2.0,2.0,0.0,2.0
23000000,1,33,алматы,43.22174,76.863045,1969,640.0,3.0,4.0,2.0,2.0,1.0,2.0,0.0,2.0
32000000,2,46,алматы,43.229268,76.869216,1968,1772.0,2.0,4.0,2.0,1.0,2.0,2.0,0.0,2.0
34000000,1,49,алматы,43.238183468036,76.863240271164,2018,3426.0,5.0,9.0,3.0,1.0,2.0,2.0,0.0,2.0
20700000,1,48,алматы,43.301847652104,76.995661405149,2025,2974.0,5.0,9.0,3.0,1.0,2.0,2.0,0.0,2.0
60000000,3,111,алматы,43.221229008621,76.886335724625,2024,1959.0,9.0,18.0,3.0,6.0,2.0,3.0,0.0,2.0
66000000,3,87,алматы,43.255595457875,76.964834332466,2020,1431.0,12.0,12.0,3.0,5.0,2.0,2.0,0.0,2.0
55000000,3,72,алматы,43.212508949134,76.840597442073,1996,1401.0,3.0,5.0,2.0,1.0,1.0,1.0,0.0,2.0
63000000,2,70,алматы,43.208283012552,76.9888812303,2021,2939.0,2.0,4.0,3.0,5.0,2.0,2.0,0.0,2.0
25500000,2,53,алматы,43.36594,76.950235,1985,1601.0,1.0,3.0,2.0,2.0,3.0,1.0,0.0,2.0
39500000,1,45,алматы,43.244523738963,76.930914081076,2000,1601.0,3.0,5.0,1.0,1.0,2.0,2.0,0.0,2.0
47500000,3,55,алматы,43.251345252466,76.909130571213,1979,1180.0,5.0,5.0,1.0,1.0,2.0,2.0,0.0,2.0
38000000,1,40,алматы,43.217588011385,76.878253893997,2025,3426.0,5.0,9.0,3.0,6.0,3.0,2.0,0.0,2.0
35500000,3,55,алматы,43.246515,76.889949,1977,2555.0,5.0,5.0,2.0,1.0,2.0,2.0,0.0,2.0
75000000,2,60,алматы,43.22833867253,76.940057523595,2022,2031.0,8.0,21.0,3.0,1.0,2.0,2.0,0.0,2.0
25500000,2,47,алматы,43.252763617273,76.862965458284,2024,2523.0,11.0,13.0,3.0,6.0,2.0,2.0,0.0,2.0
42004800,3,56,алматы,43.262286,76.932224,1974,1770.0,5.0,5.0,2.0,4.0,3.0,2.0,0.0,2.0
41500000,3,65,алматы,43.24968,76.92378,1964,3124.0,2.0,4.0,1.0,1.0,2.0,2.0,0.0,2.0
26500000,1,33,алматы,43.246970041536,76.852302446655,2021,2129.0,5.0,10.0,3.0,1.0,2.0,2.0,0.0,2.0
51500000,2,45,алматы,43.204436181418,76.897387504578,2018,871.0,3.0,12.0,3.0,2.0,1.0,2.0,0.0,2.0
17500000,1,26,алматы,43.208343,76.788296,2022,2177.0,6.0,10.0,3.0,1.0,1.0,2.0,1.0,2.0
22000000,2,42,алматы,43.319301005226,76.840754845271,2019,2685.0,5.0,5.0,3.0,2.0,2.0,2.0,0.0,2.0
45302400,1,43,алматы,43.198590751233,76.853935717227,2023,2311.0,2.0,3.0,3.0,5.0,2.0,4.0,0.0,2.0
25000000,1,38,алматы,43.212190040375,76.840816478504,2003,1836.0,9.0,9.0,3.0,1.0,1.0,2.0,0.0,2.0
16500000,1,30,алматы,43.313546111876,76.897116220901,2014,576.0,2.0,7.0,3.0,1.0,2.0,2.0,0.0,2.0
55500000,3,75,алматы,43.242667,76.937111,1963,1198.0,2.0,4.0,1.0,1.0,2.0,1.0,0.0,2.0
28500000,1,41,алматы,43.238860200486,76.862021080231,1981,3225.0,4.0,5.0,2.0,2.0,2.0,1.0,0.0,2.0
34000000,2,45,алматы,43.19566,76.880086,1975,1601.0,4.0,5.0,2.0,1.0,2.0,2.0,0.0,2.0
19400000,1,39,алматы,43.230245367931,76.784650080336,2025,1509.0,3.0,9.0,3.0,6.0,2.0,2.0,0.0,2.0
19000000,1,40,алматы,43.29585311308,76.831578600259,2023,2690.0,5.0,5.0,3.0,1.0,2.0,2.0,0.0,2.0
23500000,1,36,алматы,43.291566270676,77.017935050056,2022,758.0,5.0,9.0,2.0,1.0,1.0,1.0,0.0,2.0
57000000,2,50,алматы,43.226717269996,76.937085340764,2025,1475.0,10.0,19.0,3.0,1.0,2.0,2.0,0.0,2.0
18000000,1,25,алматы,43.256968,76.861518,1991,1601.0,4.0,5.0,1.0,2.0,1.0,2.0,0.0,1.0
25500000,2,53,алматы,43.342110879136,76.829512936055,2021,3281.0,3.0,6.0,3.0,1.0,2.0,2.0,0.0,2.0
46500000,2,70,алматы,43.212810816248,76.843896958251,2015,512.0,16.0,17.0,3.0,2.0,2.0,1.0,0.0,2.0
24000000,1,47,алматы,43.32013007148,77.019565810865,2024,1866.0,7.0,9.0,3.0,5.0,2.0,2.0,0.0,2.0
74000000,2,67,алматы,43.245258269756,76.936096901117,2022,1621.0,6.0,10.0,3.0,1.0,1.0,1.0,0.0,2.0
48500000,4,78,алматы,43.254467,76.882987,1978,850.0,3.0,5.0,2.0,1.0,3.0,1.0,0.0,2.0
35000000,1,42,алматы,43.223354591761,76.894609367648,2016,803.0,9.0,12.0,3.0,1.0,2.0,2.0,0.0,2.0
36500000,3,78,алматы,43.307295757846,76.840277394169,2015,1601.0,3.0,5.0,2.0,1.0,2.0,2.0,0.0,2.0
52000000,2,49,алматы,43.211365939247,76.897194385529,2020,1125.0,7.0,16.0,3.0,1.0,1.0,2.0,0.0,2.0
61000000,2,61,алматы,43.211378151827,76.979132265357,2019,1601.0,2.0,4.0,3.0,1.0,2.0,2.0,0.0,2.0
52000000,3,68,алматы,43.212463,76.85151,1993,2685.0,2.0,5.0,2.0,1.0,2.0,1.0,0.0,2.0
63000000,4,83,алматы,43.212673,76.871821,1990,2213.0,5.0,5.0,2.0,1.0,2.0,1.0,0.0,2.0
35000000,2,46,алматы,43.236546,76.859335,1971,464.0,3.0,4.0,2.0,1.0,1.0,1.0,0.0,2.0
26000000,2,63,алматы,43.322046,77.018516,2024,242.0,6.0,7.0,2.0,6.0,2.0,2.0,0.0,2.0
39500000,3,62,алматы,43.326612256935,76.939897353351,2022,1689.0,2.0,10.0,3.0,1.0,1.0,2.0,1.0,2.0
54000000,2,78,алматы,43.215347361947,76.880843493499,2023,1770.0,6.0,17.0,3.0,6.0,2.0,2.0,0.0,2.0
75000000,4,138,алматы,43.286425442313,77.00199253716,2016,73.0,5.0,5.0,3.0,1.0,2.0,3.0,0.0,2.0
26000000,1,31,алматы,43.245615,76.908257,1967,371.0,1.0,4.0,1.0,1.0,1.0,2.0,0.0,2.0
31000000,1,28,алматы,43.214272941997,76.889320759506,2022,1935.0,3.0,16.0,3.0,1.0,3.0,2.0,0.0,2.0
74000000,2,87,алматы,43.259372967159,76.927962045518,2015,630.0,16.0,16.0,3.0,1.0,1.0,2.0,0.0,2.0
39500000,2,52,алматы,43.211083,76.86883,1980,1601.0,4.0,5.0,1.0,2.0,3.0,1.0,0.0,2.0
37000000,3,65,алматы,43.293338,77.014141,2025,144.0,5.0,6.0,2.0,1.0,2.0,2.0,0.0,2.0
74000000,3,120,алматы,43.286533,77.00382,2019,2883.0,4.0,5.0,3.0,1.0,2.0,2.0,0.0,2.0
28500000,2,48,алматы,43.210194027448,76.785902224205,2024,3225.0,2.0,9.0,3.0,1.0,1.0,2.0,0.0,2.0
31500000,2,43,алматы,43.261039,76.925118,1975,1688.0,5.0,5.0,2.0,1.0,2.0,2.0,0.0,2.0
60000000,3,68,алматы,43.235265,76.892752,2016,2525.0,2.0,16.0,3.0,1.0,2.0,2.0,0.0,2.0
39000000,3,57,алматы,43.231757,76.832197,2020,957.0,7.0,10.0,3.0,1.0,1.0,2.0,1.0,2.0
36900000,3,75,алматы,43.21196202967,76.792943103344,2019,2960.0,8.0,9.0,3.0,1.0,1.0,1.0,0.0,2.0
55000000,2,52,алматы,43.253403,76.919585,1987,1601.0,3.0,5.0,1.0,1.0,2.0,1.0,0.0,2.0
22500000,1,33,алматы,43.214809318446,76.868240279762,1967,1601.0,1.0,4.0,2.0,1.0,2.0,2.0,0.0,2.0
64500000,3,70,алматы,43.230028241857,76.876761868133,2019,1401.0,9.0,16.0,3.0,1.0,1.0,1.0,0.0,2.0
30000000,1,30,алматы,43.253147,76.904762,1971,1601.0,3.0,4.0,2.0,1.0,2.0,2.0,1.0,2.0
66000000,3,96,алматы,43.212246,76.852741,2005,636.0,7.0,9.0,3.0,1.0,2.0,1.0,0.0,2.0
29500000,2,45,алматы,43.222791,76.874283,1966,3177.0,2.0,4.0,2.0,1.0,1.0,2.0,0.0,2.0
31000000,1,40,алматы,43.288447548674,76.949766920982,2022,2236.0,4.0,13.0,3.0,1.0,1.0,2.0,0.0,2.0
37000000,2,45,алматы,43.265179638936,76.918001685368,2021,1522.0,12.0,13.0,3.0,1.0,1.0,2.0,0.0,2.0
55000000,1,47,алматы,43.227798498906,76.88536594687,2025,607.0,1.0,9.0,3.0,1.0,2.0,1.0,0.0,2.0
27500000,1,43,алматы,43.328079,76.924112,1987,755.0,4.0,5.0,2.0,1.0,1.0,2.0,0.0,2.0
42000000,2,49,алматы,43.252229459895,76.901961512085,2020,1434.0,6.0,17.0,3.0,2.0,1.0,2.0,0.0,2.0
32999999,2,45,алматы,43.260536563975,76.916182545098,1979,2264.0,5.0,5.0,2.0,1.0,2.0,2.0,0.0,2.0
75000000,3,85,алматы,43.217880398012,76.903017326082,2016,775.0,10.0,11.0,3.0,1.0,2.0,2.0,0.0,2.0
40900000,2,60,алматы,43.214677,76.849462,2006,1987.0,3.0,9.0,3.0,2.0,1.0,1.0,0.0,2.0
12900000,1,17,алматы,43.223454,76.855894,1963,2577.0,3.0,4.0,2.0,1.0,2.0,2.0,0.0,1.0
28200000,1,42,алматы,43.306576007041,77.005857728481,2025,3204.0,2.0,6.0,3.0,1.0,2.0,2.0,0.0,2.0
47000000,3,78,алматы,43.229563147294,76.832314291345,2004,1808.0,5.0,10.0,3.0,4.0,2.0,1.0,0.0,2.0
55500000,2,64,алматы,43.271876683944,76.946355195349,2023,1822.0,1.0,13.0,3.0,1.0,2.0,2.0,0.0,2.0
16000000,2,32,алматы,43.25922,76.924004,1981,2925.0,4.0,4.0,2.0,1.0,1.0,4.0,0.0,1.0
26000000,1,34,алматы,43.21438395356,76.874063014984,2014,1060.0,1.0,16.0,3.0,2.0,1.0,2.0,0.0,2.0
70000000,4,90,алматы,43.325948,76.916827,1989,1601.0,2.0,5.0,2.0,2.0,2.0,1.0,0.0,2.0
32300000,2,73,алматы,43.213353462722,76.787273347675,2024,3417.0,9.0,10.0,3.0,1.0,3.0,2.0,0.0,2.0
54800000,4,104,алматы,43.234078791823,76.82603607765,1998,2716.0,1.0,5.0,1.0,1.0,2.0,1.0,0.0,2.0
33500000,2,53,алматы,43.270735352121,76.922881129526,1986,1777.0,2.0,3.0,1.0,2.0,1.0,1.0,0.0,2.0
42500000,2,65,алматы,43.236092624297,76.808679115483,2020,1171.0,11.0,16.0,3.0,1.0,1.0,2.0,0.0,2.0
16700000,1,28,алматы,43.212661849287,76.786037206846,2024,3417.0,4.0,4.0,3.0,1.0,2.0,2.0,0.0,2.0
40000000,3,71,алматы,43.189284,76.82925,1990,1974.0,4.0,6.0,1.0,1.0,1.0,1.0,1.0,2.0
23500000,2,45,алматы,43.360603149025,77.13624900528,1970,2758.0,1.0,4.0,2.0,1.0,2.0,2.0,0.0,2.0
40000000,3,62,алматы,43.24859,76.892824,1977,1398.0,5.0,5.0,2.0,4.0,2.0,2.0,0.0,2.0
23000000,2,45,алматы,43.32879379427,76.964179301998,1964,2333.0,3.0,3.0,1.0,4.0,2.0,2.0,0.0,2.0
34700000,2,48,алматы,43.198353647892,76.88825925764,1973,2987.0,4.0,4.0,2.0,1.0,2.0,1.0,0.0,2.0
39000000,2,62,алматы,43.222489,76.838566,1993,1601.0,7.0,9.0,2.0,1.0,2.0,1.0,0.0,2.0
35000000,2,58,алматы,43.27873,76.818497,2013,1713.0,5.0,5.0,3.0,1.0,2.0,1.0,0.0,2.0
47500000,2,47,алматы,43.199998640021,76.890745616691,2014,72.0,4.0,25.0,3.0,2.0,2.0,2.0,0.0,2.0
23300000,2,56,алматы,43.227920782442,76.768884990972,2024,1553.0,5.0,10.0,3.0,6.0,2.0,2.0,0.0,2.0
62000000,3,70,алматы,43.26695843638,76.966522096789,2021,1766.0,8.0,10.0,3.0,2.0,1.0,1.0,0.0,2.0
27500000,2,45,алматы,43.218455,76.870276,1966,3462.0,3.0,4.0,2.0,1.0,2.0,2.0,0.0,2.0
37000000,2,55,алматы,43.325422669398,77.01359869304,2023,1476.0,1.0,3.0,1.0,1.0,2.0,2.0,0.0,2.0
55000000,2,59,алматы,43.266722053024,76.954544856569,1984,3380.0,5.0,5.0,1.0,2.0,2.0,1.0,0.0,2.0
21500000,1,31,алматы,43.316915382983,76.942125974205,1989,2070.0,5.0,5.0,2.0,2.0,1.0,2.0,0.0,2.0
25000000,1,35,алматы,43.263621090727,76.820133884314,2017,636.0,7.0,12.0,3.0,1.0,1.0,2.0,1.0,2.0
47500000,3,60,алматы,43.23026,76.906451,1983,1601.0,3.0,5.0,2.0,1.0,2.0,2.0,0.0,2.0
35000000,2,57,алматы,43.266284,76.820006,2018,1117.0,8.0,12.0,3.0,1.0,1.0,1.0,0.0,2.0
45000000,2,70,алматы,43.329190252207,76.939827966339,2021,1689.0,8.0,10.0,3.0,1.0,1.0,3.0,0.0,2.0
50000000,2,55,алматы,43.214522421881,76.892049908802,2019,1189.0,6.0,12.0,3.0,1.0,2.0,2.0,0.0,2.0
46000000,2,49,алматы,43.214272941997,76.889320759506,2022,1935.0,9.0,13.0,3.0,1.0,1.0,1.0,0.0,2.0
9500000,1,13,алматы,43.246732,76.841979,1989,2789.0,1.0,5.0,1.0,2.0,2.0,1.0,0.0,2.0
37000000,3,72,алматы,43.221705980823,76.786440765848,2019,1124.0,4.0,6.0,3.0,1.0,1.0,2.0,0.0,2.0
75000000,2,71,алматы,43.214657784448,76.891821921036,2019,1601.0,4.0,6.0,2.0,1.0,2.0,2.0,0.0,2.0
39000000,3,70,алматы,43.354174,77.004934,1976,1544.0,1.0,3.0,1.0,1.0,2.0,1.0,0.0,2.0
42500000,3,69,алматы,43.324807,76.914177,1987,1601.0,1.0,5.0,2.0,2.0,2.0,1.0,0.0,2.0
33000000,2,51,алматы,43.252280219112,76.863031211864,2025,1601.0,4.0,6.0,2.0,1.0,2.0,2.0,0.0,2.0
52700000,3,70,алматы,43.21008682933,76.841748644895,2000,976.0,1.0,5.0,2.0,1.0,1.0,3.0,0.0,2.0
60000000,2,78,алматы,43.262554353583,76.918500452423,2019,1542.0,7.0,13.0,3.0,1.0,1.0,2.0,0.0,2.0
26500000,1,32,алматы,43.23072,76.893552,1986,172.0,5.0,5.0,2.0,1.0,1.0,2.0,0.0,2.0
22000000,1,46,алматы,43.304764442021,77.009378763371,2025,2072.0,8.0,9.0,3.0,6.0,2.0,2.0,0.0,2.0
25500000,1,31,алматы,43.226995,76.872648,1964,1601.0,1.0,4.0,2.0,1.0,2.0,2.0,0.0,2.0
21450000,2,53,алматы,43.390191,77.00382,1988,1209.0,4.0,5.0,1.0,2.0,1.0,1.0,0.0,2.0
40900000,2,51,алматы,43.268832,76.947289,2016,3140.0,6.0,16.0,3.0,1.0,1.0,2.0,0.0,2.0
50000000,4,83,алматы,43.325727479428,76.913035431073,1985,406.0,5.0,5.0,2.0,1.0,1.0,1.0,0.0,2.0
26000000,1,47,алматы,43.304538,76.921094,2005,2730.0,7.0,9.0,3.0,2.0,2.0,2.0,0.0,2.0
52000000,1,46,алматы,43.214641777532,76.892089134918,2019,2140.0,4.0,12.0,3.0,2.0,2.0,2.0,0.0,2.0
48000000,2,71,алматы,43.192231425385,76.855351893992,2024,719.0,4.0,4.0,3.0,1.0,2.0,2.0,0.0,2.0
39000000,2,39,алматы,43.231325668676,76.882417584496,2022,2618.0,10.0,10.0,3.0,1.0,2.0,2.0,0.0,2.0
76500000,3,98,алматы,43.221870943883,76.86719005836,2015,749.0,5.0,10.0,3.0,2.0,2.0,3.0,0.0,2.0
35500000,3,59,алматы,43.261367,76.915102,1971,1601.0,4.0,4.0,2.0,1.0,2.0,1.0,0.0,2.0
30500000,1,46,алматы,43.233537,76.892815,1985,710.0,1.0,5.0,2.0,2.0,2.0,1.0,0.0,2.0
40999990,2,62,алматы,43.207947348917,76.788693814508,2023,2403.0,4.0,10.0,3.0,1.0,1.0,2.0,0.0,2.0
72000000,3,78,алматы,43.180857,76.866674,2025,1630.0,4.0,4.0,3.0,1.0,2.0,3.0,0.0,2.0
43000000,3,116,алматы,43.22259127983,76.794274245274,2013,92.0,15.0,16.0,3.0,1.0,2.0,3.0,0.0,2.0
23000000,2,41,алматы,43.300431,76.835395,2019,1846.0,5.0,5.0,3.0,2.0,1.0,2.0,0.0,2.0
60000000,2,52,алматы,43.229800361494,76.954505457672,1991,1601.0,5.0,5.0,1.0,1.0,2.0,1.0,0.0,2.0
35000000,1,48,алматы,43.208244,76.883338,2001,2374.0,1.0,5.0,2.0,1.0,2.0,2.0,0.0,2.0
50000000,3,78,алматы,43.304682,76.924463,2006,2064.0,3.0,5.0,3.0,2.0,2.0,2.0,0.0,2.0
42000000,1,45,алматы,43.254928046841,76.957783022282,1985,1998.0,5.0,5.0,2.0,1.0,1.0,2.0,1.0,2.0
38000000,2,60,алматы,43.218298294283,76.880121253562,2018,534.0,4.0,16.0,3.0,1.0,2.0,2.0,0.0,2.0
72000000,3,105,алматы,43.216421692117,76.883046710645,2012,109.0,7.0,9.0,3.0,1.0,2.0,1.0,0.0,2.0
27700000,2,55,алматы,43.26922808726,76.820343557748,2022,1117.0,12.0,12.0,3.0,1.0,1.0,2.0,0.0,2.0
43000000,2,55,алматы,43.231096989712,76.832493562958,2020,957.0,2.0,9.0,3.0,1.0,2.0,2.0,0.0,2.0
38500000,2,54,алматы,43.214839512528,76.898645839286,1987,446.0,5.0,5.0,1.0,1.0,2.0,1.0,0.0,2.0
46500000,2,50,алматы,43.233894267748,76.875101566839,2020,1206.0,15.0,16.0,3.0,1.0,2.0,2.0,0.0,2.0
67000000,3,95,алматы,43.231350339629,76.904633186503,1995,3315.0,7.0,9.0,1.0,2.0,2.0,1.0,0.0,2.0
41000000,2,66,алматы,43.16974607729,76.872367858887,2013,120.0,10.0,10.0,3.0,1.0,2.0,2.0,1.0,2.0
23500000,2,54,алматы,43.301409,76.838278,2018,1601.0,4.0,5.0,3.0,2.0,3.0,2.0,0.0,2.0
43000000,3,72,алматы,43.222147,76.787838,2019,2021.0,5.0,6.0,3.0,1.0,2.0,1.0,1.0,2.0
69000000,3,104,алматы,43.216421692117,76.883046710645,2009,109.0,12.0,15.0,3.0,2.0,1.0,3.0,0.0,2.0
26000000,1,42,алматы,43.252280219112,76.863031211864,2025,3177.0,6.0,13.0,3.0,5.0,2.0,2.0,0.0,2.0
61500000,2,90,алматы,43.248938,76.866782,2017,52.0,6.0,12.0,3.0,1.0,1.0,2.0,0.0,2.0
60000000,2,61,алматы,43.224159958527,76.960589749786,1981,1152.0,3.0,9.0,2.0,1.0,1.0,1.0,0.0,2.0
60000000,3,84,алматы,43.221009696864,76.886923955006,2023,1959.0,12.0,16.0,3.0,5.0,2.0,2.0,0.0,2.0
32000000,1,39,алматы,43.211374899261,76.793861972402,2023,2075.0,7.0,12.0,3.0,1.0,1.0,2.0,1.0,2.0
36000000,3,79,алматы,43.356986,76.995483,2010,3465.0,5.0,6.0,3.0,2.0,2.0,1.0,0.0,2.0
74000000,4,130,алматы,43.24331255684,76.875931342729,2012,463.0,11.0,18.0,3.0,1.0,1.0,1.0,0.0,2.0
17000000,1,35,алматы,43.221128225175,76.782937732332,2025,3399.0,5.0,9.0,3.0,6.0,2.0,2.0,0.0,2.0
47900000,3,83,алматы,43.288455087187,76.988109140778,2020,934.0,9.0,9.0,3.0,1.0,2.0,2.0,0.0,2.0
80000000,3,100,алматы,43.236716301955,76.879343032826,2022,1549.0,8.0,18.0,3.0,1.0,1.0,3.0,0.0,2.0
70000000,3,84,алматы,43.238864,76.95523,1974,135.0,2.0,5.0,1.0,1.0,2.0,1.0,0.0,2.0
59000000,2,70,алматы,43.207593233807,76.913377164892,2005,29.0,2.0,13.0,3.0,2.0,1.0,2.0,0.0,2.0
48500000,2,76,алматы,43.230697810474,76.831165850807,2014,527.0,5.0,13.0,3.0,1.0,1.0,1.0,0.0,2.0
38000000,2,60,алматы,43.234787316223,76.806842338619,2021,1171.0,11.0,16.0,3.0,1.0,2.0,2.0,0.0,2.0
19900000,1,35,алматы,43.363423,76.993929,1989,1493.0,3.0,5.0,1.0,2.0,2.0,2.0,0.0,2.0
15000000,1,23,алматы,43.333332,76.943255,1976,3289.0,3.0,3.0,3.0,1.0,2.0,1.0,0.0,1.0
32500000,2,50,алматы,43.294234218758,76.829937584526,2023,2610.0,2.0,5.0,3.0,1.0,1.0,2.0,1.0,2.0
29000000,1,47,алматы,43.263349824965,76.900389207642,2001,756.0,5.0,9.0,2.0,2.0,2.0,2.0,0.0,2.0
28000000,1,45,алматы,43.245106363396,76.808328387663,2024,1769.0,9.0,12.0,3.0,1.0,3.0,2.0,0.0,2.0
52000000,3,63,алматы,43.265179638936,76.918001685368,2024,1522.0,5.0,13.0,3.0,1.0,2.0,3.0,0.0,2.0
9000000,1,15,алматы,43.227808909569,76.800307533848,1983,349.0,2.0,5.0,2.0,1.0,2.0,2.0,0.0,1.0
36999000,3,72,алматы,43.265778338828,76.900933292706,2007,71.0,4.0,9.0,3.0,2.0,1.0,1.0,0.0,2.0
53500000,3,64,алматы,43.230858,76.901987,1971,880.0,1.0,4.0,2.0,1.0,2.0,2.0,0.0,2.0
58000000,2,55,алматы,43.244117374859,76.923104566522,2021,1324.0,10.0,13.0,3.0,1.0,1.0,1.0,0.0,2.0
75000000,3,75,алматы,43.231562308662,76.926639638478,1987,1601.0,3.0,5.0,1.0,2.0,2.0,1.0,0.0,2.0
49000000,3,55,алматы,43.226713,76.903316,1979,3289.0,4.0,4.0,1.0,1.0,1.0,2.0,0.0,2.0
12000000,1,14,алматы,43.229866,76.865228,1968,1601.0,2.0,4.0,2.0,1.0,2.0,2.0,0.0,1.0
35500000,3,78,алматы,43.217147,76.773932,2022,3346.0,4.0,6.0,3.0,1.0,2.0,2.0,0.0,2.0
20990000,1,37,алматы,43.311275,76.896058,2013,818.0,6.0,7.0,3.0,1.0,2.0,2.0,0.0,2.0
79000000,3,87,алматы,43.264191239399,76.963163134918,1971,2527.0,4.0,5.0,1.0,2.0,2.0,1.0,0.0,2.0
21000000,2,40,алматы,43.334800883953,76.942513229499,1963,1616.0,3.0,3.0,1.0,2.0,2.0,2.0,0.0,2.0
40000000,3,58,алматы,43.230122,76.869593,1967,2129.0,2.0,4.0,2.0,1.0,1.0,2.0,1.0,2.0
36000000,1,35,алматы,43.221099001783,76.935868025795,1980,3119.0,5.0,5.0,1.0,1.0,1.0,2.0,0.0,2.0
27000000,1,42,алматы,43.293555135653,76.829470449407,2024,2610.0,2.0,5.0,3.0,1.0,1.0,2.0,0.0,2.0
27000000,1,40,алматы,43.24247,76.837281,1984,1064.0,7.0,9.0,2.0,1.0,1.0,2.0,0.0,2.0
30000000,2,60,алматы,43.217259,76.776241,2022,355.0,9.0,10.0,3.0,1.0,1.0,2.0,0.0,2.0
26500000,1,33,алматы,43.268838,76.944657,1971,2506.0,4.0,5.0,2.0,1.0,2.0,2.0,0.0,2.0
30000000,2,44,алматы,43.218685,76.857664,1965,3019.0,3.0,4.0,2.0,1.0,2.0,2.0,0.0,2.0
46000000,4,74,алматы,43.234227,76.882224,1975,1601.0,4.0,5.0,2.0,2.0,2.0,1.0,0.0,2.0
35000000,2,47,алматы,43.228585,76.845069,1971,1601.0,4.0,4.0,2.0,1.0,2.0,1.0,0.0,2.0
70000000,4,90,алматы,43.234851,76.828082,1990,1601.0,3.0,5.0,2.0,1.0,1.0,1.0,0.0,2.0
38000000,2,52,алматы,43.258531,76.820743,2024,1504.0,5.0,6.0,2.0,1.0,2.0,2.0,1.0,2.0
25500000,1,37,алматы,43.236092624297,76.808679115483,2020,1171.0,2.0,12.0,3.0,2.0,2.0,2.0,0.0,2.0
20000000,2,45,алматы,43.235906823407,76.797552108656,2025,3080.0,7.0,11.0,3.0,1.0,2.0,2.0,0.0,2.0
72000000,2,65,алматы,43.204436181418,76.897387504578,2018,871.0,4.0,12.0,3.0,2.0,1.0,2.0,0.0,2.0
34900000,3,79,алматы,43.245190695652,76.807707579348,2024,2691.0,4.0,12.0,3.0,5.0,2.0,1.0,1.0,2.0
20000000,2,45,алматы,43.288502,76.932952,1958,2075.0,2.0,2.0,2.0,2.0,2.0,2.0,0.0,2.0
29000000,2,56,алматы,43.328925,76.920591,1989,1783.0,1.0,5.0,1.0,2.0,2.0,2.0,0.0,1.0
38000000,2,63,алматы,43.32642798476,76.985422989778,2017,2760.0,4.0,5.0,3.0,1.0,1.0,1.0,0.0,2.0
51500000,3,72,алматы,43.254235974538,76.909124602515,1971,2741.0,3.0,4.0,2.0,1.0,1.0,2.0,0.0,2.0
48000000,2,72,алматы,43.218298294283,76.880121253562,2016,534.0,4.0,16.0,3.0,1.0,2.0,2.0,0.0,2.0
60000000,3,87,алматы,43.220912,76.841943,2016,1987.0,5.0,9.0,3.0,1.0,2.0,1.0,0.0,2.0
19300000,1,35,алматы,43.363423,76.993929,1988,957.0,1.0,5.0,2.0,2.0,2.0,2.0,0.0,2.0
39000000,2,62,алматы,43.221807951698,76.839000079254,1993,2115.0,7.0,9.0,2.0,1.0,2.0,1.0,0.0,2.0
25000000,1,42,алматы,43.313207088422,76.896268261427,2021,1799.0,5.0,9.0,3.0,1.0,1.0,2.0,0.0,2.0
80000000,3,102,алматы,43.267430964904,76.956138552932,2018,1112.0,5.0,10.0,3.0,1.0,2.0,2.0,0.0,2.0
40000000,3,62,алматы,43.231475,76.90213,1970,1420.0,1.0,4.0,2.0,1.0,2.0,2.0,0.0,2.0
39500000,1,52,алматы,43.239717488539,76.8988400483,1974,1601.0,4.0,8.0,1.0,1.0,2.0,2.0,0.0,2.0
36000000,2,67,алматы,43.274655700144,76.815242535065,2024,2147.0,9.0,12.0,3.0,1.0,2.0,2.0,0.0,2.0
34500000,2,66,алматы,43.241340485664,76.810090851075,2014,11.0,13.0,16.0,3.0,2.0,2.0,2.0,0.0,2.0
43000000,2,70,алматы,43.24331255684,76.875931342729,2011,463.0,1.0,19.0,3.0,1.0,1.0,2.0,0.0,2.0
34000000,2,43,алматы,43.197967,76.888449,1973,1442.0,2.0,4.0,2.0,2.0,1.0,1.0,0.0,2.0
23000000,2,41,алматы,43.300431,76.835395,2019,1601.0,5.0,5.0,3.0,2.0,2.0,2.0,0.0,2.0
36000000,2,51,алматы,43.239245,76.825657,2010,2999.0,2.0,7.0,2.0,1.0,2.0,1.0,0.0,2.0
35000000,2,65,алматы,43.323686346451,76.984526164743,2018,2328.0,3.0,5.0,3.0,1.0,1.0,2.0,0.0,2.0
40000000,2,56,алматы,43.22013066357,76.886750838408,2023,1959.0,12.0,16.0,3.0,1.0,2.0,2.0,0.0,2.0
31500000,1,33,алматы,43.222633,76.93305,1972,2797.0,4.0,4.0,3.0,1.0,1.0,2.0,0.0,2.0
54000000,3,64,алматы,43.225268048824,76.933566145599,2012,104.0,14.0,16.0,3.0,1.0,1.0,2.0,0.0,2.0
58000000,3,74,алматы,43.247579,76.904376,1980,1601.0,5.0,9.0,2.0,1.0,1.0,2.0,0.0,2.0
33500000,2,52,алматы,43.255268,76.871507,1992,3172.0,5.0,5.0,2.0,2.0,2.0,2.0,0.0,2.0
14500000,2,35,алматы,43.265376215278,76.853926383185,2022,2204.0,4.0,6.0,3.0,6.0,2.0,2.0,0.0,2.0
45000000,3,69,алматы,43.324707538968,76.913711207407,1987,601.0,1.0,5.0,2.0,1.0,2.0,1.0,0.0,2.0
84500000,3,95,алматы,43.257441,76.936868,1977,1601.0,7.0,7.0,1.0,2.0,1.0,3.0,0.0,2.0
32000000,2,43,алматы,43.238293,76.901672,1973,364.0,3.0,5.0,2.0,1.0,2.0,2.0,0.0,2.0
37000000,3,74,алматы,43.339574,76.904484,2012,1012.0,2.0,2.0,2.0,1.0,2.0,3.0,0.0,2.0
33000000,1,40,алматы,43.252021092113,76.897559165955,2020,1323.0,11.0,12.0,3.0,2.0,1.0,2.0,0.0,2.0
23500000,1,32,алматы,43.201003147816,76.885254312913,1973,1568.0,4.0,5.0,2.0,2.0,2.0,2.0,0.0,2.0
43000000,2,55,алматы,43.256542,76.933985,1989,983.0,3.0,5.0,2.0,2.0,2.0,1.0,0.0,2.0
26500000,1,40,алматы,43.317435228194,76.973818612237,2022,1244.0,4.0,7.0,3.0,1.0,2.0,2.0,1.0,2.0
12900000,1,17,алматы,43.223454,76.855894,1963,1601.0,3.0,4.0,2.0,1.0,2.0,2.0,0.0,1.0
66000000,3,80,алматы,43.229971,76.927184,1986,1601.0,5.0,5.0,1.0,1.0,1.0,1.0,0.0,2.0
37000000,3,62,алматы,43.255078,76.872342,1981,1601.0,1.0,5.0,2.0,1.0,2.0,1.0,0.0,2.0
50500000,3,75,алматы,43.265952429049,76.901817410412,2007,71.0,2.0,9.0,3.0,1.0,1.0,1.0,0.0,2.0
25000000,2,47,алматы,43.209362,76.786445,2024,2875.0,3.0,6.0,2.0,6.0,2.0,2.0,0.0,2.0
35000000,2,57,алматы,43.2466,76.922316,1972,844.0,5.0,5.0,1.0,1.0,2.0,2.0,0.0,2.0
27000000,2,38,алматы,43.224258094715,76.889299905413,1962,1992.0,1.0,4.0,1.0,2.0,1.0,2.0,0.0,2.0
49000000,2,70,алматы,43.230304380658,76.831252114195,2014,527.0,8.0,13.0,3.0,1.0,1.0,1.0,0.0,2.0
51500000,2,45,алматы,43.204939,76.897495,2018,871.0,10.0,12.0,3.0,1.0,2.0,2.0,0.0,2.0
24000000,2,45,алматы,43.386535,77.000065,1968,578.0,3.0,4.0,1.0,2.0,1.0,1.0,0.0,2.0
23000000,1,35,алматы,43.260503549015,76.82140531891,2017,636.0,5.0,12.0,3.0,2.0,2.0,2.0,0.0,2.0
19000000,1,40,алматы,43.355931,76.920941,2009,1667.0,5.0,6.0,3.0,1.0,2.0,2.0,0.0,2.0
51000000,3,61,алматы,43.250041366545,76.905581856481,1981,1601.0,2.0,5.0,1.0,1.0,1.0,2.0,0.0,2.0
62500000,2,61,алматы,43.22107,76.963854,1986,1777.0,7.0,9.0,2.0,2.0,1.0,1.0,0.0,2.0
60000000,3,68,алматы,43.21286260329,76.900243702862,1995,1120.0,1.0,9.0,1.0,1.0,2.0,1.0,0.0,2.0
45900000,2,50,алматы,43.219215834738,76.886465278617,2023,1959.0,17.0,18.0,3.0,1.0,1.0,2.0,0.0,2.0
47500000,2,50,алматы,43.246266717616,76.913388601329,2019,1128.0,13.0,13.0,3.0,1.0,2.0,2.0,0.0,2.0
30500000,2,56,алматы,43.257925823,76.817907062061,2025,3014.0,2.0,6.0,3.0,6.0,2.0,2.0,0.0,2.0
48000000,1,48,алматы,43.230736258398,76.876721634998,2019,1401.0,2.0,16.0,3.0,2.0,2.0,2.0,0.0,2.0
47900000,3,83,алматы,43.288455087187,76.988109140778,2020,934.0,9.0,9.0,3.0,1.0,1.0,1.0,0.0,2.0
72000000,4,90,алматы,43.226824,76.892761,1981,267.0,1.0,5.0,1.0,1.0,2.0,3.0,0.0,2.0
27000000,2,65,алматы,43.250969062637,76.812486785984,2024,1601.0,9.0,9.0,2.0,1.0,2.0,2.0,0.0,2.0
31900000,2,54,алматы,43.189258754756,76.829131273274,1986,349.0,3.0,4.0,1.0,1.0,2.0,2.0,0.0,2.0
45500000,2,47,алматы,43.266929228928,76.930058406974,2024,2491.0,11.0,12.0,3.0,1.0,1.0,2.0,0.0,2.0
30500000,2,48,алматы,43.258652749622,76.88338211045,2016,3442.0,4.0,9.0,3.0,4.0,3.0,1.0,0.0,2.0
36000000,2,54,алматы,43.266131311599,76.819339976756,2018,1117.0,3.0,12.0,3.0,2.0,1.0,2.0,0.0,2.0
32000000,2,56,алматы,43.260487729195,76.812949532805,2017,921.0,9.0,9.0,3.0,1.0,2.0,2.0,0.0,2.0
30000000,2,52,алматы,43.270597,76.861329,1989,1420.0,3.0,3.0,1.0,1.0,1.0,1.0,1.0,2.0
12800000,1,17,алматы,43.225373,76.861643,1966,3087.0,1.0,4.0,2.0,1.0,2.0,2.0,0.0,2.0
37000000,3,62,алматы,43.219381,76.862155,1969,1601.0,4.0,4.0,2.0,1.0,1.0,2.0,0.0,2.0
76500000,3,99,алматы,43.221321710869,76.866294200548,2015,749.0,5.0,10.0,3.0,2.0,2.0,3.0,0.0,2.0
45000000,2,48,алматы,43.200083016679,76.889267719524,2014,72.0,6.0,25.0,3.0,2.0,2.0,2.0,0.0,2.0
58000000,2,56,алматы,43.229327,76.95647,1992,218.0,8.0,9.0,3.0,2.0,1.0,2.0,0.0,2.0
20000000,1,27,алматы,43.157147,76.902023,2025,3246.0,3.0,3.0,3.0,6.0,2.0,2.0,0.0,2.0
55000000,3,59,алматы,43.263749361301,76.944671826215,1977,200.0,4.0,5.0,2.0,2.0,2.0,2.0,0.0,2.0
27500000,1,33,алматы,43.246515,76.889949,1978,220.0,2.0,5.0,2.0,1.0,2.0,2.0,0.0,2.0
32500000,2,45,алматы,43.265179638936,76.918001685368,2016,1522.0,3.0,13.0,3.0,2.0,2.0,2.0,0.0,2.0
22500000,1,41,алматы,43.224506156989,76.783829744705,2019,3210.0,7.0,10.0,3.0,2.0,1.0,2.0,0.0,2.0
25500000,1,45,алматы,43.267660061189,76.820322100077,2018,1117.0,4.0,12.0,3.0,2.0,2.0,2.0,0.0,2.0
40000000,2,69,алматы,43.251381,76.815829,2013,2792.0,9.0,9.0,3.0,1.0,2.0,1.0,0.0,2.0
26500000,1,44,алматы,43.323797,76.985512,2017,1601.0,2.0,5.0,3.0,1.0,2.0,2.0,0.0,2.0
22500000,1,36,алматы,43.318184588786,76.914807796295,1984,3228.0,5.0,5.0,2.0,1.0,2.0,2.0,0.0,2.0
41000000,2,43,алматы,43.25272,76.897333,2020,2225.0,12.0,13.0,3.0,1.0,2.0,2.0,0.0,2.0
65000000,3,82,алматы,43.236707153159,76.881629024674,2024,2555.0,6.0,20.0,3.0,5.0,2.0,2.0,0.0,2.0
21500000,1,45,алматы,43.32013007148,77.019565810865,2024,1866.0,6.0,9.0,3.0,6.0,2.0,2.0,0.0,2.0
23000000,1,41,алматы,43.188984524386,76.821437214778,2013,1601.0,4.0,6.0,2.0,2.0,2.0,2.0,0.0,2.0
52000000,2,67,алматы,43.189843345982,76.966277902323,2017,1771.0,1.0,3.0,3.0,1.0,2.0,1.0,0.0,2.0
54000000,3,59,алматы,43.268040992095,76.945926560772,2020,1440.0,2.0,10.0,3.0,1.0,1.0,2.0,0.0,2.0
28000000,2,46,алматы,43.214739027508,76.865362701311,1966,1601.0,2.0,4.0,2.0,1.0,2.0,2.0,0.0,2.0
50000000,2,55,алматы,43.252556,76.868893,1983,1397.0,2.0,5.0,2.0,1.0,2.0,1.0,0.0,2.0
28500000,2,46,алматы,43.231096989712,76.832493562958,2017,957.0,8.0,10.0,3.0,1.0,1.0,2.0,0.0,2.0
53000000,4,83,алматы,43.227022173656,76.884860477497,1989,1601.0,4.0,5.0,2.0,1.0,2.0,1.0,0.0,2.0
70000000,3,83,алматы,43.208523854873,76.892832802624,2024,2199.0,16.0,16.0,3.0,6.0,2.0,3.0,0.0,2.0
36000000,1,32,алматы,43.219411360912,76.887733996827,2023,1959.0,3.0,17.0,3.0,1.0,1.0,2.0,0.0,2.0
26900000,2,60,алматы,43.244861804101,76.807628403752,2024,2691.0,5.0,12.0,3.0,1.0,2.0,2.0,0.0,2.0
73000000,2,73,алматы,43.188811609922,76.964258221963,2019,1618.0,3.0,3.0,3.0,6.0,2.0,2.0,0.0,2.0
35000000,1,40,алматы,43.201469,76.878972,1977,120.0,7.0,8.0,2.0,1.0,2.0,2.0,0.0,2.0
46000000,3,81,алматы,43.242186023228,76.814216963104,2011,11.0,5.0,9.0,3.0,1.0,1.0,2.0,0.0,2.0
43000000,2,57,алматы,43.219283328668,76.887168929223,2024,1959.0,15.0,17.0,3.0,1.0,2.0,3.0,0.0,2.0
25000000,1,44,алматы,43.303423,76.838476,2018,1477.0,3.0,5.0,3.0,1.0,2.0,2.0,0.0,2.0
60000000,2,61,алматы,43.208523854873,76.892832802624,2024,2199.0,4.0,16.0,3.0,6.0,3.0,2.0,0.0,2.0
26000000,1,33,алматы,43.266357,76.951942,1973,321.0,5.0,5.0,2.0,1.0,1.0,2.0,0.0,2.0
36900000,2,44,алматы,43.246970041536,76.852302446655,2021,2129.0,7.0,10.0,3.0,1.0,1.0,2.0,0.0,2.0
21000000,2,42,алматы,43.302832,76.942474,1961,799.0,1.0,2.0,2.0,2.0,3.0,1.0,0.0,2.0
27500000,2,48,алматы,43.221572460565,76.786434091249,2022,1124.0,4.0,6.0,3.0,1.0,2.0,2.0,0.0,2.0
55000000,3,63,алматы,43.200832,76.879187,1980,1601.0,2.0,5.0,1.0,2.0,2.0,2.0,0.0,2.0
24900000,1,32,алматы,43.267926,76.947127,1972,2233.0,2.0,4.0,2.0,2.0,2.0,2.0,0.0,2.0
45000000,2,70,алматы,43.288447548674,76.949766920982,2023,2236.0,9.0,13.0,3.0,1.0,2.0,1.0,0.0,2.0
58000000,4,77,алматы,43.241682,76.902912,1973,2510.0,2.0,4.0,1.0,2.0,1.0,2.0,0.0,2.0
49500000,3,73,алматы,43.252021092113,76.897559165955,2020,1323.0,13.0,13.0,3.0,1.0,2.0,2.0,0.0,2.0
36500000,2,70,алматы,43.253878855674,76.825725823878,2008,26.0,7.0,9.0,3.0,1.0,1.0,1.0,0.0,2.0
38900000,2,55,алматы,43.230189904702,76.841682910838,2019,1474.0,8.0,10.0,3.0,1.0,2.0,2.0,0.0,2.0
56000000,3,90,алматы,43.322111953268,77.018537050038,2022,1866.0,5.0,10.0,3.0,1.0,2.0,2.0,0.0,2.0
21500000,1,34,алматы,43.247876116355,76.870837118716,1996,1601.0,2.0,12.0,3.0,4.0,2.0,2.0,0.0,2.0
28000000,2,43,алматы,43.215933304178,76.864131600208,1966,2284.0,2.0,4.0,2.0,2.0,2.0,2.0,0.0,2.0
44500000,3,83,алматы,43.249142,76.86627,2016,2215.0,4.0,13.0,3.0,1.0,2.0,2.0,0.0,2.0
34000000,2,39,алматы,43.225024,76.891,1962,2738.0,2.0,4.0,1.0,1.0,1.0,2.0,0.0,2.0
80000000,4,100,алматы,43.230754022994,76.881036758423,2018,983.0,4.0,12.0,3.0,1.0,1.0,2.0,0.0,2.0
30500000,2,58,алматы,43.266642502982,76.819424373339,2020,953.0,9.0,12.0,3.0,2.0,2.0,1.0,0.0,2.0
22000000,1,40,алматы,43.321876107961,76.896471667239,2023,2689.0,2.0,8.0,3.0,1.0,2.0,2.0,0.0,1.0
10900000,1,20,алматы,43.181799539056,76.815114372302,2015,1785.0,4.0,4.0,2.0,1.0,1.0,2.0,0.0,2.0
55000000,2,73,алматы,43.231074642998,76.885882615934,2014,601.0,6.0,17.0,3.0,1.0,2.0,2.0,0.0,2.0
12000000,1,17,алматы,43.256714644332,76.86152894332,1991,1912.0,5.0,5.0,2.0,1.0,2.0,2.0,0.0,2.0
26000000,3,108,алматы,43.357252491226,76.922582499683,2008,360.0,6.0,6.0,3.0,1.0,2.0,1.0,0.0,2.0
21000000,1,25,алматы,43.288455087187,76.988109140778,2020,934.0,7.0,9.0,3.0,1.0,1.0,2.0,0.0,2.0
85000000,3,130,алматы,43.234843116956,76.92135102523,2016,111.0,17.0,20.0,3.0,1.0,2.0,2.0,0.0,2.0
26000000,1,41,алматы,43.26067787684,76.814966553984,2017,921.0,6.0,8.0,3.0,2.0,2.0,2.0,1.0,2.0
39000000,2,50,алматы,43.208158587857,76.787260534937,2022,2403.0,5.0,10.0,3.0,1.0,1.0,2.0,0.0,2.0
30500000,2,43,алматы,43.219665231005,76.898726779098,1975,2308.0,2.0,5.0,2.0,2.0,2.0,2.0,0.0,2.0
31000000,2,43,алматы,43.274502302328,76.815229655076,2024,2147.0,5.0,12.0,3.0,1.0,2.0,2.0,0.0,2.0
47700000,2,52,алматы,43.221009696864,76.886923955006,2023,1959.0,13.0,18.0,3.0,1.0,1.0,2.0,0.0,2.0
73000000,3,78,алматы,43.253016,76.955257,1987,381.0,4.0,5.0,1.0,1.0,2.0,2.0,0.0,2.0
29500000,1,45,алматы,43.214572,76.854825,2012,2080.0,8.0,10.0,3.0,1.0,2.0,2.0,0.0,2.0
44000000,3,70,алматы,43.23204,76.839931,1988,3121.0,5.0,9.0,3.0,1.0,3.0,1.0,0.0,2.0
53000000,2,50,алматы,43.2249,76.958122,1972,282.0,3.0,4.0,1.0,1.0,2.0,2.0,0.0,2.0
46500000,3,78,алматы,43.216664308501,76.866345788304,1975,2974.0,1.0,6.0,1.0,1.0,2.0,1.0,0.0,2.0
13431000,1,36,алматы,43.288686,77.006739,2020,2444.0,2.0,9.0,3.0,6.0,3.0,1.0,0.0,2.0
42000000,3,65,алматы,43.26014,76.920447,1974,947.0,2.0,5.0,1.0,1.0,2.0,2.0,0.0,2.0
35000000,3,59,алматы,43.358881,76.994441,1981,2524.0,3.0,3.0,2.0,1.0,2.0,2.0,1.0,2.0
34500000,2,56,алматы,43.218199,76.838179,1992,876.0,8.0,6.0,2.0,1.0,2.0,2.0,0.0,2.0
55500000,3,68,алматы,43.262088779397,76.953821987874,1980,1601.0,2.0,5.0,1.0,2.0,2.0,1.0,0.0,2.0
76000000,3,74,алматы,43.224391280116,76.960177432742,1984,433.0,3.0,9.0,2.0,1.0,1.0,2.0,0.0,2.0
55000000,3,88,алматы,43.207953813856,76.789556848027,2020,1785.0,4.0,9.0,3.0,1.0,1.0,1.0,0.0,2.0
61000000,3,95,алматы,43.265179638936,76.918001685368,2024,1522.0,10.0,13.0,3.0,1.0,1.0,3.0,0.0,2.0
19800000,1,31,алматы,43.314352,76.939967,1973,1601.0,3.0,4.0,1.0,1.0,3.0,2.0,0.0,2.0
22300000,1,31,алматы,43.373207,76.942285,1972,1855.0,1.0,4.0,2.0,1.0,2.0,2.0,0.0,2.0
26000000,2,60,алматы,43.221705980823,76.786440765848,2019,1124.0,4.0,5.0,3.0,1.0,1.0,2.0,0.0,2.0
22000000,2,39,алматы,43.30154,76.932467,1973,957.0,2.0,2.0,2.0,1.0,2.0,2.0,0.0,2.0
29500000,2,65,алматы,43.320806800027,76.982486561742,2017,1601.0,5.0,5.0,3.0,2.0,2.0,1.0,0.0,2.0
51500000,2,48,алматы,43.230028241857,76.876761868133,2020,1401.0,13.0,16.0,3.0,1.0,2.0,2.0,0.0,2.0
42000000,3,65,алматы,43.253298,76.871866,1982,1601.0,5.0,5.0,2.0,1.0,1.0,2.0,0.0,2.0
38500000,3,56,алматы,43.205959970263,76.837156255294,1985,880.0,4.0,5.0,1.0,1.0,2.0,2.0,0.0,2.0
32000000,2,57,алматы,43.295636821363,76.977097161871,2022,1428.0,5.0,9.0,3.0,1.0,1.0,1.0,0.0,2.0
65000000,3,70,алматы,43.257538102927,76.821208090366,2024,1998.0,1.0,6.0,3.0,1.0,2.0,3.0,0.0,2.0
49000000,2,51,алматы,43.204362879927,76.891121125953,2014,72.0,19.0,25.0,3.0,2.0,2.0,2.0,0.0,2.0
66000000,3,70,алматы,43.230028241857,76.876761868133,2019,1401.0,10.0,16.0,3.0,2.0,1.0,2.0,0.0,2.0
17500000,1,25,алматы,43.243120624645,76.882561414679,1977,2587.0,3.0,4.0,2.0,2.0,2.0,2.0,0.0,2.0
36000000,2,54,алматы,43.254520210315,76.863757305955,2024,2388.0,11.0,13.0,3.0,1.0,2.0,1.0,0.0,2.0
85000000,3,80,алматы,43.2342659074,76.919188561893,2019,825.0,11.0,16.0,3.0,1.0,1.0,3.0,0.0,2.0
45000000,3,75,алматы,43.313328,76.976322,2016,1601.0,7.0,9.0,3.0,1.0,1.0,1.0,0.0,2.0
35500000,1,36,алматы,43.2161631019,76.966466576721,1984,2623.0,5.0,5.0,1.0,2.0,2.0,2.0,0.0,2.0
25900000,2,40,алматы,43.242562,76.833849,2018,1408.0,6.0,10.0,3.0,1.0,2.0,2.0,0.0,2.0
24900000,1,33,алматы,43.255064,76.910943,1972,864.0,5.0,5.0,2.0,1.0,1.0,2.0,0.0,2.0
61000000,3,128,алматы,43.220792581394,76.7957458474,2013,92.0,4.0,16.0,3.0,1.0,1.0,3.0,0.0,2.0
30000000,2,52,алматы,43.358487,76.991495,1986,772.0,4.0,5.0,1.0,2.0,1.0,1.0,0.0,2.0
33000000,1,45,алматы,43.242754497532,76.855806242871,2019,2375.0,5.0,12.0,3.0,1.0,2.0,2.0,0.0,2.0
24500000,1,45,алматы,43.281585,76.817644,2014,1601.0,2.0,9.0,2.0,1.0,1.0,2.0,1.0,2.0
78000000,3,73,алматы,43.193237303336,76.808881199322,2020,1109.0,4.0,4.0,3.0,5.0,1.0,3.0,0.0,2.0
67000000,3,74,алматы,43.261494803805,76.899913108869,2022,1992.0,11.0,15.0,3.0,1.0,1.0,1.0,0.0,2.0
22000000,1,41,алматы,43.316051,76.897567,2024,2007.0,3.0,9.0,3.0,5.0,2.0,2.0,0.0,2.0
67000000,3,80,алматы,43.213324,76.855023,2005,880.0,4.0,9.0,3.0,1.0,2.0,2.0,0.0,2.0
78000000,3,90,алматы,43.234168,76.960431,2006,349.0,19.0,20.0,3.0,2.0,2.0,2.0,0.0,2.0
10000000,1,13,алматы,43.239035,76.88508,1969,1801.0,5.0,5.0,2.0,1.0,2.0,2.0,0.0,1.0
24900000,1,27,алматы,43.170047772424,76.875159067479,2016,23.0,3.0,5.0,3.0,1.0,2.0,2.0,0.0,2.0
26000000,1,31,алматы,43.163979,76.853334,1973,1144.0,1.0,5.0,2.0,1.0,2.0,2.0,0.0,2.0
42500000,3,57,алматы,43.239894877375,76.94788010318,1974,2691.0,4.0,5.0,2.0,1.0,2.0,2.0,0.0,2.0
55000000,2,43,алматы,43.204436181418,76.897387504578,2018,871.0,4.0,11.0,3.0,1.0,1.0,2.0,0.0,2.0
48500000,3,87,алматы,43.27755787298,76.817649008598,2013,1204.0,4.0,4.0,2.0,1.0,2.0,3.0,0.0,2.0
23000000,1,35,алматы,43.260503549015,76.82140531891,2017,636.0,10.0,12.0,3.0,1.0,1.0,2.0,0.0,2.0
30000000,3,64,алматы,43.303738,76.99101,2018,527.0,1.0,2.0,1.0,1.0,1.0,2.0,0.0,2.0
31300000,2,66,алматы,43.281421,76.823968,2013,1601.0,5.0,9.0,3.0,1.0,2.0,1.0,0.0,2.0
28000000,1,48,алматы,43.254618,76.817868,2018,2792.0,2.0,9.0,3.0,2.0,1.0,2.0,1.0,2.0
23200000,2,44,алматы,43.33227018071,76.92112082209,1989,1601.0,5.0,5.0,1.0,2.0,2.0,1.0,0.0,2.0
37000000,1,32,алматы,43.26338525582,76.932451195962,2024,2758.0,9.0,12.0,3.0,1.0,1.0,2.0,0.0,2.0
48000000,3,85,алматы,43.236092624297,76.808679115483,2020,1171.0,5.0,16.0,3.0,1.0,2.0,2.0,0.0,2.0
35000000,3,61,алматы,43.220137,76.861742,1969,2236.0,1.0,4.0,2.0,1.0,2.0,2.0,0.0,2.0
48000000,2,71,алматы,43.245235528534,76.876227348394,2012,463.0,10.0,19.0,3.0,1.0,1.0,1.0,0.0,2.0
74500000,3,75,алматы,43.193248932985,76.838808394847,2020,1520.0,4.0,4.0,3.0,1.0,1.0,3.0,0.0,2.0
11000000,1,18,алматы,43.24836,76.887686,1961,640.0,2.0,2.0,1.0,1.0,2.0,2.0,0.0,1.0
35000000,1,46,алматы,43.271876683944,76.946355195349,2023,1822.0,12.0,13.0,3.0,6.0,2.0,2.0,0.0,2.0
45000000,2,54,алматы,43.195125629996,76.894949547496,2012,7.0,17.0,18.0,3.0,2.0,2.0,2.0,0.0,2.0
38900000,1,45,алматы,43.209725415453,76.858977466102,2019,1089.0,6.0,12.0,3.0,1.0,2.0,2.0,0.0,2.0
49000000,2,70,алматы,43.262716978463,76.918269472168,2019,1542.0,13.0,13.0,3.0,1.0,1.0,2.0,0.0,2.0
24000000,1,39,алматы,43.357176,76.918632,2008,3121.0,5.0,6.0,3.0,1.0,1.0,2.0,0.0,2.0
33500000,1,40,алматы,43.24968,76.871507,1989,1601.0,3.0,9.0,2.0,1.0,2.0,2.0,0.0,2.0
13500000,1,24,алматы,43.208775176856,76.829192367467,2019,1767.0,1.0,3.0,3.0,1.0,1.0,2.0,0.0,2.0
41000000,2,60,алматы,43.226976819846,76.843292124992,1988,3069.0,5.0,9.0,2.0,2.0,1.0,1.0,0.0,2.0
29000000,2,45,алматы,43.268452329677,76.947068301892,1976,871.0,3.0,4.0,2.0,1.0,2.0,2.0,0.0,2.0
48000000,2,52,алматы,43.238699610358,76.907046322754,1991,48.0,4.0,5.0,1.0,2.0,2.0,1.0,0.0,2.0
27500000,2,43,алматы,43.222791,76.874283,1966,2618.0,1.0,4.0,2.0,1.0,1.0,2.0,0.0,2.0
59000000,4,66,алматы,43.222508,76.901268,1963,827.0,1.0,4.0,1.0,1.0,3.0,2.0,0.0,2.0
34000000,1,41,алматы,43.24320617919,76.855535171577,2023,2375.0,15.0,15.0,3.0,1.0,2.0,2.0,0.0,2.0
21500000,2,45,алматы,43.355577,76.988315,1961,1601.0,1.0,3.0,1.0,2.0,2.0,2.0,0.0,2.0
45000000,3,58,алматы,43.200648,76.875028,1976,2479.0,2.0,5.0,2.0,4.0,2.0,1.0,0.0,2.0
35500000,3,60,алматы,43.225596,76.896875,1962,417.0,3.0,4.0,2.0,1.0,2.0,2.0,0.0,2.0
34900000,2,50,алматы,43.229432,76.85761,1973,1601.0,5.0,5.0,2.0,2.0,1.0,2.0,0.0,2.0
29000000,2,43,алматы,43.232828,76.846695,1968,1838.0,4.0,4.0,2.0,1.0,1.0,2.0,0.0,2.0
28500000,2,43,алматы,43.266088518642,76.936702780426,1973,2084.0,2.0,5.0,2.0,1.0,2.0,2.0,0.0,2.0
39500000,3,80,алматы,43.309773,76.841485,2015,338.0,4.0,5.0,3.0,1.0,1.0,1.0,0.0,2.0
75000000,2,73,алматы,43.207909039956,76.895041477282,2021,1481.0,4.0,6.0,3.0,1.0,1.0,2.0,0.0,2.0
47000000,2,62,алматы,43.209736715171,76.815153987401,2024,2075.0,5.0,12.0,3.0,1.0,2.0,2.0,0.0,2.0
40000000,2,51,алматы,43.219868000494,76.841566760083,2007,32.0,3.0,12.0,3.0,1.0,1.0,2.0,0.0,2.0
49000000,2,55,алматы,43.211365939247,76.897194385529,2020,1125.0,10.0,16.0,3.0,1.0,1.0,2.0,0.0,2.0
45022400,2,59,алматы,43.231645608162,76.878961334847,2025,3401.0,6.0,9.0,3.0,1.0,2.0,2.0,0.0,2.0
48000000,3,67,алматы,43.222618079216,76.891773070113,1991,2089.0,1.0,5.0,1.0,1.0,2.0,1.0,0.0,2.0
36000000,2,54,алматы,43.254520210315,76.863757305955,2024,2388.0,11.0,13.0,3.0,1.0,3.0,1.0,0.0,2.0
32000000,1,38,алматы,43.305069,76.982548,2022,1428.0,6.0,9.0,3.0,1.0,1.0,2.0,1.0,2.0
45000000,2,70,алматы,43.170016410645,76.874082470114,2018,1812.0,8.0,6.0,3.0,2.0,1.0,2.0,0.0,2.0
27500000,2,62,алматы,43.281798702757,76.812270138625,2020,1317.0,1.0,5.0,3.0,2.0,2.0,2.0,0.0,2.0
24800000,2,45,алматы,43.222168903795,76.785882866373,2019,1124.0,8.0,10.0,3.0,1.0,2.0,2.0,0.0,2.0
32500000,3,62,алматы,43.19848601656,76.873029474869,1975,912.0,1.0,5.0,2.0,4.0,2.0,1.0,0.0,2.0
35000000,3,55,алматы,43.272061,76.924885,2002,1601.0,3.0,3.0,1.0,1.0,1.0,1.0,1.0,2.0
40000000,1,48,алматы,43.262554353583,76.918500452423,2021,1542.0,12.0,13.0,3.0,1.0,2.0,2.0,0.0,2.0
60000000,2,91,алматы,43.237463238691,76.8835295397,2009,41.0,7.0,19.0,3.0,1.0,2.0,3.0,0.0,2.0
41000000,3,58,алматы,43.231153,76.923959,1969,289.0,2.0,4.0,2.0,1.0,2.0,2.0,0.0,2.0
47000000,3,78,алматы,43.229563147294,76.832314291345,2004,1601.0,5.0,10.0,3.0,4.0,2.0,1.0,0.0,2.0
19000000,1,46,алматы,43.295972661911,76.831332926793,2023,1201.0,5.0,5.0,3.0,6.0,2.0,2.0,0.0,2.0
59000000,3,70,алматы,43.251321576286,76.880111316997,1980,3352.0,1.0,9.0,2.0,2.0,2.0,2.0,0.0,2.0
36800000,2,55,алматы,43.221009696864,76.886923955006,2023,1959.0,15.0,15.0,3.0,1.0,2.0,2.0,0.0,2.0
57000000,2,82,алматы,43.202407565482,76.873767691723,2011,113.0,14.0,16.0,3.0,1.0,2.0,2.0,0.0,2.0
30500000,2,44,алматы,43.253003,76.906002,1975,1601.0,3.0,4.0,2.0,2.0,2.0,2.0,0.0,2.0
57000000,2,82,алматы,43.201622692167,76.873971539608,2011,113.0,14.0,16.0,3.0,2.0,2.0,1.0,0.0,2.0
50000000,2,55,алматы,43.206632334711,76.884845495224,2015,123.0,6.0,18.0,3.0,1.0,2.0,2.0,0.0,2.0
44500000,3,71,алматы,43.302329141807,76.998867487977,2022,1810.0,2.0,7.0,3.0,1.0,1.0,2.0,0.0,2.0
30000000,1,34,алматы,43.211698781176,76.899497678226,1987,957.0,5.0,5.0,1.0,1.0,1.0,2.0,0.0,2.0
45000000,2,50,алматы,43.236930943868,76.887052909439,2020,997.0,4.0,9.0,3.0,1.0,2.0,2.0,0.0,2.0
24200000,1,65,алматы,43.221418826228,76.794052750988,2012,92.0,12.0,12.0,3.0,2.0,2.0,2.0,0.0,2.0
47500000,2,48,алматы,43.201085954146,76.890330994062,2014,72.0,7.0,25.0,3.0,1.0,1.0,2.0,0.0,2.0
24800000,2,40,алматы,43.245263392685,76.839469730163,1974,1601.0,4.0,5.0,2.0,2.0,2.0,2.0,0.0,2.0
57000000,2,82,алматы,43.202319268269,76.873971539608,2011,113.0,14.0,16.0,3.0,2.0,2.0,1.0,0.0,2.0
58800000,3,140,алматы,43.248428556831,76.865483691727,2016,810.0,3.0,13.0,3.0,1.0,1.0,1.0,1.0,2.0
75000000,3,105,алматы,43.230646228716,76.831235179589,2014,527.0,6.0,13.0,3.0,1.0,2.0,3.0,0.0,2.0
43000000,3,86,алматы,43.253988,76.819414,2018,3290.0,9.0,9.0,3.0,1.0,2.0,2.0,0.0,2.0
26500000,2,45,алматы,43.321527,76.908616,1982,3266.0,5.0,5.0,2.0,2.0,2.0,1.0,0.0,2.0
57000000,3,86,алматы,43.244508192998,76.853591742919,2014,452.0,4.0,12.0,3.0,1.0,2.0,2.0,0.0,2.0
64700000,3,73,алматы,43.261494803805,76.899913108869,2021,1992.0,2.0,15.0,3.0,1.0,3.0,1.0,0.0,2.0
27500000,2,44,алматы,43.230884,76.861266,1970,1601.0,1.0,4.0,2.0,2.0,2.0,2.0,0.0,2.0
25000000,2,48,алматы,43.302279583064,76.995248794501,2025,2513.0,3.0,9.0,3.0,6.0,2.0,1.0,0.0,2.0
65000000,3,110,алматы,43.204637401887,76.877087371976,2011,48.0,4.0,16.0,3.0,1.0,2.0,2.0,0.0,2.0
59000000,3,88,алматы,43.213915,76.793353,2022,2075.0,1.0,12.0,3.0,1.0,1.0,1.0,0.0,2.0
72000000,3,90,алматы,43.263838408303,76.96343135582,1971,2999.0,3.0,5.0,1.0,1.0,2.0,1.0,0.0,2.0
25500000,1,48,алматы,43.272402717746,76.830034609873,2023,2115.0,5.0,7.0,3.0,1.0,1.0,2.0,0.0,2.0
35500000,2,43,алматы,43.260369,76.923429,1976,512.0,2.0,5.0,2.0,1.0,1.0,2.0,0.0,2.0
31500000,2,66,алматы,43.28826489273,77.003851378922,2020,1601.0,8.0,9.0,3.0,1.0,1.0,3.0,0.0,2.0
36000000,1,41,алматы,43.203638,76.903334,1990,1601.0,7.0,9.0,2.0,2.0,1.0,2.0,0.0,2.0
76500000,3,98,алматы,43.221384479582,76.866653616557,2015,749.0,4.0,10.0,3.0,1.0,2.0,2.0,0.0,2.0
32800000,2,57,алматы,43.244808,76.823294,2018,1601.0,7.0,12.0,3.0,1.0,2.0,2.0,0.0,2.0
25800000,1,40,алматы,43.221572460565,76.786434091249,2022,1124.0,4.0,10.0,3.0,1.0,2.0,2.0,0.0,2.0
60000000,2,50,алматы,43.230187678466,76.939114198105,2019,1072.0,2.0,21.0,3.0,4.0,2.0,2.0,0.0,2.0
32000000,1,38,алматы,43.305069,76.982548,2022,1428.0,6.0,9.0,3.0,1.0,1.0,2.0,1.0,2.0
24000000,2,43,алматы,43.311265511429,76.896065112787,2016,2590.0,6.0,7.0,3.0,1.0,1.0,2.0,0.0,2.0
79800000,3,56,алматы,43.227276440024,76.940733169686,2024,2031.0,9.0,21.0,3.0,1.0,1.0,2.0,0.0,2.0
24500000,2,42,алматы,43.222049,76.788601,2019,3469.0,3.0,6.0,3.0,2.0,2.0,2.0,0.0,2.0
75000000,3,98,алматы,43.217110549715,76.880165842076,2008,534.0,16.0,17.0,3.0,1.0,2.0,3.0,0.0,2.0
42000000,2,57,алматы,43.24739267165,76.806197081648,2024,2691.0,5.0,12.0,2.0,1.0,2.0,1.0,0.0,2.0
48000000,3,76,алматы,43.169917,76.897783,1980,1072.0,2.0,2.0,1.0,6.0,2.0,1.0,0.0,2.0
46000000,2,69,алматы,43.241755933623,76.876821870698,2012,1601.0,2.0,18.0,3.0,1.0,1.0,1.0,0.0,2.0
23500000,1,33,алматы,43.255137572173,76.877469451396,1981,1601.0,2.0,5.0,2.0,1.0,2.0,2.0,0.0,2.0
36500000,3,55,алматы,43.221296001366,76.890198820067,1977,3380.0,5.0,5.0,2.0,1.0,2.0,2.0,0.0,2.0
59500000,4,71,алматы,43.242861617055,76.896572716907,1980,1671.0,4.0,5.0,1.0,2.0,2.0,1.0,0.0,2.0
31200000,1,49,алматы,43.221365,76.846498,2014,1601.0,10.0,10.0,3.0,1.0,2.0,2.0,0.0,2.0
65000000,2,70,алматы,43.24511,76.950541,1969,1778.0,4.0,5.0,1.0,1.0,2.0,2.0,0.0,2.0
28000000,2,50,алматы,43.254520210315,76.863757305955,2024,2388.0,8.0,13.0,3.0,6.0,2.0,2.0,0.0,2.0
52000000,3,82,алматы,43.234313,76.80195,2019,1171.0,12.0,16.0,3.0,1.0,2.0,3.0,0.0,2.0
23000000,1,32,алматы,43.321967,76.912686,1986,1401.0,5.0,5.0,2.0,1.0,1.0,2.0,0.0,2.0
38500000,2,40,алматы,43.242517634744,76.833753733109,2018,995.0,2.0,10.0,3.0,1.0,2.0,2.0,0.0,2.0
61000000,3,70,алматы,43.19516,76.886976,1976,1245.0,1.0,8.0,2.0,1.0,3.0,1.0,0.0,2.0
43500000,3,71,алматы,43.268582015703,76.820479196429,2020,650.0,3.0,12.0,3.0,2.0,2.0,1.0,0.0,2.0
73000000,3,118,алматы,43.213278,76.871893,2017,1060.0,13.0,17.0,3.0,1.0,1.0,3.0,0.0,2.0
59000000,3,76,алматы,43.212975,76.89966,1995,3121.0,2.0,9.0,1.0,1.0,1.0,2.0,0.0,2.0
27000000,1,50,алматы,43.252596,76.824911,2011,578.0,5.0,9.0,3.0,1.0,1.0,2.0,0.0,2.0
21000000,1,41,алматы,43.32013007148,77.019565810865,2024,1866.0,8.0,9.0,3.0,5.0,2.0,2.0,0.0,2.0
21000000,2,53,алматы,43.322688,76.938764,1959,2162.0,1.0,2.0,1.0,2.0,2.0,1.0,0.0,2.0
49500000,3,87,алматы,43.258322440143,76.866277456229,2024,2981.0,11.0,12.0,3.0,4.0,2.0,2.0,0.0,2.0
66300000,2,72,алматы,43.230150111309,76.885308624103,2019,601.0,5.0,12.0,3.0,1.0,1.0,1.0,0.0,2.0
31500000,1,44,алматы,43.242626702476,76.85331072961,2024,2375.0,7.0,16.0,3.0,6.0,2.0,2.0,0.0,2.0
34000000,2,47,алматы,43.219316707886,76.841608079921,2008,1020.0,10.0,13.0,3.0,2.0,1.0,2.0,1.0,2.0
27000000,1,32,алматы,43.221084231083,76.889870984129,1981,1397.0,2.0,4.0,2.0,2.0,1.0,2.0,0.0,2.0
78000000,2,90,алматы,43.236033,76.893794,2015,876.0,5.0,21.0,3.0,1.0,3.0,3.0,0.0,2.0
46800000,4,78,алматы,43.220725750021,76.872467506214,1974,1601.0,1.0,5.0,2.0,1.0,2.0,2.0,0.0,2.0
38500000,2,55,алматы,43.230133346346,76.902914024466,1968,248.0,4.0,4.0,1.0,2.0,2.0,2.0,0.0,2.0
40000000,3,63,алматы,43.219867,76.87413,1974,692.0,1.0,5.0,2.0,1.0,2.0,1.0,0.0,2.0
32500000,2,63,алматы,43.308481,76.842042,2017,3163.0,5.0,5.0,3.0,1.0,2.0,1.0,0.0,2.0
50000000,2,57,алматы,43.245589,76.920025,1981,1383.0,2.0,5.0,1.0,1.0,1.0,1.0,0.0,2.0
49000000,2,82,алматы,43.217953042906,76.880818627905,2009,534.0,13.0,16.0,3.0,1.0,1.0,2.0,0.0,2.0
70000000,4,86,алматы,43.254611,76.879304,1986,706.0,1.0,5.0,2.0,1.0,2.0,1.0,0.0,2.0
35000000,2,49,алматы,43.230247,76.797953,2023,692.0,1.0,12.0,3.0,5.0,2.0,2.0,0.0,2.0
51000000,3,71,алматы,43.275254699949,76.816359928887,2024,2147.0,11.0,12.0,3.0,1.0,3.0,3.0,0.0,2.0
26000000,2,57,алматы,43.227019796966,76.769962122815,2024,1553.0,1.0,10.0,3.0,6.0,2.0,2.0,0.0,2.0
21500000,1,29,алматы,43.221610310765,76.886939163924,2025,1959.0,10.0,15.0,3.0,6.0,2.0,2.0,0.0,2.0
53000000,3,74,алматы,43.222195772289,76.837652507934,1990,1456.0,3.0,9.0,2.0,2.0,2.0,1.0,0.0,2.0
73000000,2,72,алматы,43.233159639148,76.884805299097,2022,1714.0,13.0,16.0,3.0,1.0,1.0,3.0,0.0,2.0
32500000,2,44,алматы,43.22714,76.931326,1974,996.0,5.0,5.0,2.0,1.0,2.0,1.0,0.0,2.0
18000000,1,39,алматы,43.320008231304,76.89719969382,2023,2027.0,8.0,9.0,3.0,1.0,2.0,2.0,0.0,2.0
70900000,4,129,алматы,43.245215,76.876987,2012,463.0,10.0,18.0,3.0,1.0,2.0,3.0,1.0,2.0
28000000,3,106,алматы,43.358428,76.92228,2008,1601.0,6.0,6.0,3.0,1.0,2.0,1.0,0.0,2.0
65500000,3,97,алматы,43.230028241857,76.876761868133,2020,1401.0,14.0,16.0,3.0,4.0,3.0,3.0,0.0,2.0
60000000,2,68,алматы,43.170015264754,76.87289499255,2010,120.0,2.0,10.0,3.0,2.0,2.0,2.0,0.0,2.0
26800000,2,46,алматы,43.216554640878,76.866999024467,1967,1601.0,4.0,4.0,2.0,2.0,2.0,2.0,0.0,2.0
36000000,1,55,алматы,43.242662011545,76.875679515433,2008,640.0,3.0,20.0,3.0,2.0,1.0,2.0,0.0,2.0
25500000,2,45,алматы,43.217739,76.866279,1968,1601.0,4.0,4.0,2.0,1.0,2.0,2.0,0.0,2.0
43900000,2,55,алматы,43.212542,76.902526,1986,2988.0,7.0,9.0,2.0,1.0,2.0,1.0,0.0,2.0
38000001,3,76,алматы,43.325843100671,76.984890410968,2018,657.0,4.0,5.0,2.0,1.0,2.0,2.0,0.0,2.0
33500000,3,60,алматы,43.322665257282,76.919021082,1985,2574.0,4.0,5.0,2.0,2.0,2.0,1.0,0.0,2.0
33000000,1,25,алматы,43.223763,76.954296,2008,1601.0,2.0,5.0,3.0,2.0,2.0,2.0,0.0,2.0
26000000,2,58,алматы,43.221588288008,76.786891376963,2019,1124.0,4.0,5.0,3.0,1.0,2.0,2.0,0.0,2.0
57000000,4,98,алматы,43.266266301303,76.947365898146,1984,1601.0,1.0,5.0,2.0,2.0,2.0,2.0,0.0,2.0
35000000,2,55,алматы,43.267643,76.820402,2020,1601.0,7.0,12.0,3.0,1.0,2.0,2.0,0.0,2.0
19100000,1,29,алматы,43.260036749,76.901961301666,2025,2729.0,8.0,17.0,3.0,1.0,2.0,2.0,0.0,2.0
30000000,2,47,алматы,43.329190252207,76.939827966339,2021,1689.0,9.0,10.0,3.0,1.0,1.0,2.0,0.0,2.0
63000000,3,120,алматы,43.219750173977,76.841610636111,2007,32.0,9.0,12.0,3.0,2.0,1.0,2.0,0.0,2.0
58000000,2,54,алматы,43.2347,76.95169,1988,2067.0,10.0,12.0,3.0,1.0,1.0,2.0,0.0,2.0
9000000,1,20,алматы,43.341397,77.007305,1969,3311.0,2.0,3.0,1.0,1.0,2.0,2.0,0.0,1.0
41000000,3,62,алматы,43.236487,76.829421,1982,1601.0,3.0,5.0,2.0,2.0,1.0,1.0,0.0,2.0
85000000,3,97,алматы,43.197560035838,76.930209610588,2022,1944.0,4.0,5.0,3.0,1.0,2.0,3.0,0.0,2.0
23500000,1,31,алматы,43.252240167767,76.872724898148,1981,692.0,1.0,5.0,2.0,2.0,2.0,2.0,0.0,2.0
45500000,2,60,алматы,43.205347,76.904502,1993,1124.0,7.0,9.0,1.0,2.0,2.0,1.0,0.0,2.0
37500000,2,62,алматы,43.243744,76.815838,2010,11.0,7.0,9.0,3.0,1.0,2.0,2.0,0.0,2.0
29500000,3,58,алматы,43.225629,76.8478,1963,1249.0,4.0,4.0,2.0,1.0,3.0,2.0,0.0,2.0
76000000,4,110,алматы,43.212831,76.852894,2006,1601.0,7.0,9.0,3.0,1.0,1.0,3.0,0.0,2.0
27500000,1,33,алматы,43.229721188674,76.903822635582,1980,1185.0,4.0,5.0,2.0,1.0,2.0,2.0,0.0,2.0
30500000,2,53,алматы,43.242305,76.833239,2000,2728.0,1.0,12.0,3.0,1.0,2.0,1.0,0.0,2.0
38000000,2,70,алматы,43.322520837266,77.01819205421,2024,1866.0,1.0,7.0,3.0,1.0,1.0,2.0,0.0,2.0
27900000,2,50,алматы,43.314201,76.908949,2015,1601.0,6.0,6.0,3.0,1.0,2.0,2.0,0.0,2.0
65000000,3,66,алматы,43.216458,76.967115,1984,1777.0,1.0,5.0,1.0,1.0,1.0,2.0,0.0,2.0
52000000,2,77,алматы,43.216421692117,76.883046710645,2012,109.0,12.0,14.0,3.0,2.0,2.0,3.0,0.0,2.0
48500000,2,50,алматы,43.212762337474,76.899544128538,1995,1601.0,6.0,9.0,1.0,1.0,2.0,1.0,0.0,2.0
29000000,1,39,алматы,43.211374899261,76.793861972402,2022,2075.0,3.0,12.0,3.0,1.0,2.0,2.0,0.0,2.0
57000000,2,80,алматы,43.202219196832,76.873756962887,2011,113.0,14.0,17.0,3.0,2.0,2.0,1.0,0.0,2.0
60000000,3,72,алматы,43.182679448981,76.844165123163,2022,2167.0,3.0,3.0,3.0,1.0,1.0,2.0,0.0,2.0
28000000,1,40,алматы,43.325056,76.916009,1990,1601.0,1.0,5.0,2.0,1.0,3.0,1.0,0.0,2.0
33500000,1,35,алматы,43.236720154861,76.854047154135,2021,1634.0,5.0,13.0,3.0,1.0,1.0,2.0,0.0,2.0
22000000,1,32,алматы,43.214973,76.868201,1969,1601.0,1.0,4.0,2.0,2.0,1.0,2.0,0.0,2.0
56000000,3,85,алматы,43.219329,76.841584,2008,636.0,2.0,12.0,3.0,1.0,2.0,1.0,0.0,2.0
26000000,1,40,алматы,43.227827222585,76.835608509262,1987,1601.0,2.0,5.0,2.0,2.0,2.0,1.0,0.0,2.0
73500000,3,98,алматы,43.233894267748,76.875101566839,2024,2652.0,9.0,16.0,3.0,5.0,2.0,2.0,0.0,2.0
39000000,2,77,алматы,43.314194,76.90894,2017,755.0,2.0,6.0,3.0,1.0,2.0,2.0,0.0,2.0
46500000,2,71,алматы,43.212810816248,76.843896958251,2015,512.0,16.0,17.0,3.0,1.0,2.0,1.0,0.0,2.0
29500000,2,39,алматы,43.177313,76.813251,1962,2965.0,2.0,2.0,2.0,1.0,1.0,2.0,0.0,2.0
36800000,3,60,алматы,43.246686,76.890776,1978,959.0,5.0,5.0,2.0,1.0,2.0,1.0,0.0,2.0
38500000,3,68,алматы,43.255156,76.861446,1986,886.0,2.0,5.0,1.0,2.0,2.0,1.0,0.0,2.0
22000000,1,29,алматы,43.230469366362,76.780980100066,2021,1821.0,9.0,9.0,3.0,1.0,1.0,2.0,1.0,2.0
68300000,3,79,алматы,43.205388773962,76.885450111592,2015,123.0,2.0,18.0,3.0,1.0,1.0,3.0,0.0,2.0
75000000,4,130,алматы,43.244010708356,76.876856851676,2011,1601.0,3.0,21.0,3.0,1.0,1.0,3.0,0.0,2.0
63700000,2,70,алматы,43.230028241857,76.876761868133,2019,1401.0,13.0,16.0,3.0,1.0,1.0,2.0,0.0,2.0
72000000,3,110,алматы,43.232493715048,76.860843250704,2017,857.0,6.0,9.0,3.0,2.0,1.0,3.0,0.0,2.0
63000000,3,75,алматы,43.244318915524,76.915249639217,1989,1302.0,8.0,9.0,1.0,2.0,2.0,1.0,0.0,2.0
22000000,1,35,алматы,43.247770655844,76.854399622091,2025,1069.0,17.0,41.0,2.0,1.0,2.0,2.0,0.0,2.0
64000000,2,72,алматы,43.235265,76.892743,2017,876.0,15.0,16.0,3.0,1.0,2.0,2.0,0.0,2.0
36500000,3,75,алматы,43.302891,76.839168,2018,73.0,1.0,5.0,3.0,1.0,1.0,2.0,0.0,2.0
28500000,2,52,алматы,43.361614,76.992025,1986,1017.0,5.0,5.0,2.0,1.0,2.0,1.0,0.0,2.0
33000000,2,62,алматы,43.221692985647,76.788777613696,2020,1124.0,6.0,6.0,3.0,1.0,1.0,2.0,0.0,2.0
44000000,2,71,алматы,43.209362,76.786409,2023,1601.0,1.0,10.0,3.0,1.0,1.0,2.0,0.0,2.0
28000000,2,42,алматы,43.229485,76.925307,1970,601.0,1.0,4.0,2.0,1.0,2.0,2.0,0.0,2.0
35000000,1,53,алматы,43.23052356515,76.840239904433,2015,1172.0,6.0,9.0,3.0,1.0,2.0,2.0,0.0,2.0
22500000,1,47,алматы,43.210145429049,76.787599508126,2023,3225.0,6.0,9.0,3.0,6.0,2.0,2.0,0.0,2.0
10500000,1,13,алматы,43.227737,76.800136,1983,1122.0,5.0,5.0,3.0,2.0,2.0,2.0,0.0,1.0
29499995,1,35,алматы,43.248728,76.910916,1984,1601.0,5.0,5.0,1.0,1.0,1.0,2.0,0.0,2.0
36500000,3,60,алматы,43.322144,76.910521,1985,2183.0,4.0,5.0,2.0,2.0,2.0,1.0,0.0,2.0
28000000,2,41,алматы,43.288508,77.003829,2020,253.0,1.0,9.0,3.0,1.0,1.0,2.0,0.0,2.0
36500000,3,60,алматы,43.246686,76.890776,1979,1010.0,5.0,5.0,2.0,1.0,2.0,1.0,0.0,2.0
26000000,1,27,алматы,43.227565015734,76.900227728835,1976,1601.0,5.0,5.0,1.0,1.0,2.0,2.0,0.0,2.0
54000000,2,66,алматы,43.21741,76.856487,2019,1601.0,4.0,10.0,3.0,1.0,1.0,2.0,0.0,2.0
19500000,1,40,алматы,43.357242,76.925055,2008,1601.0,2.0,6.0,3.0,4.0,1.0,2.0,0.0,2.0
65000000,3,132,алматы,43.243485568875,76.875818990302,2011,640.0,10.0,20.0,3.0,1.0,2.0,3.0,0.0,2.0
58000000,3,95,алматы,43.185998,76.865892,1986,1522.0,2.0,5.0,1.0,1.0,3.0,3.0,0.0,2.0
33500000,2,44,алматы,43.250448,76.923627,1977,636.0,2.0,5.0,2.0,2.0,2.0,2.0,0.0,2.0
63000000,3,81,алматы,43.271876683944,76.946355195349,2023,1822.0,9.0,13.0,3.0,1.0,2.0,2.0,0.0,2.0
19900000,3,50,алматы,43.244913,76.791566,1970,650.0,1.0,4.0,1.0,1.0,2.0,2.0,0.0,2.0
34000000,1,41,алматы,43.265179638936,76.918001685368,2020,1522.0,3.0,13.0,3.0,1.0,1.0,2.0,0.0,2.0
47000000,2,62,алматы,43.214272941997,76.889320759506,2024,1935.0,5.0,13.0,3.0,5.0,2.0,2.0,0.0,2.0
24000000,1,31,алматы,43.232887,76.863826,1965,1601.0,1.0,4.0,2.0,1.0,1.0,2.0,0.0,2.0
85000000,4,141,алматы,43.215808222396,76.882067198141,2011,109.0,9.0,14.0,3.0,1.0,2.0,3.0,0.0,2.0
49500000,2,65,алматы,43.24320617919,76.855535171577,2023,1171.0,4.0,6.0,2.0,1.0,2.0,2.0,0.0,2.0
27000000,1,33,алматы,43.255064,76.910943,1972,11.0,5.0,5.0,2.0,1.0,2.0,2.0,0.0,2.0
71500000,3,102,алматы,43.236280945321,76.8796327114,2022,1549.0,11.0,18.0,3.0,2.0,2.0,3.0,0.0,2.0
38000000,2,44,алматы,43.259421838792,76.927448301697,2015,630.0,15.0,16.0,3.0,2.0,2.0,3.0,0.0,2.0
44000000,2,45,алматы,43.240546061859,76.871720309175,2021,1812.0,7.0,12.0,3.0,2.0,1.0,2.0,0.0,2.0
81500000,3,85,алматы,43.230028241857,76.876761868133,2019,1401.0,3.0,16.0,3.0,1.0,2.0,3.0,0.0,2.0
31999999,2,58,алматы,43.223888,76.784433,2021,1124.0,3.0,10.0,3.0,1.0,2.0,2.0,0.0,2.0
26888888,1,45,алматы,43.241340485664,76.810090851075,2010,11.0,1.0,9.0,3.0,1.0,2.0,2.0,0.0,2.0
40000000,1,45,алматы,43.217588011385,76.878253893997,2025,3426.0,3.0,9.0,3.0,4.0,2.0,2.0,0.0,2.0
65000000,4,85,алматы,43.229012,76.887686,1990,872.0,4.0,6.0,2.0,1.0,2.0,2.0,0.0,2.0
80000000,2,76,алматы,43.188210514897,76.868512619548,2008,103.0,3.0,7.0,3.0,1.0,2.0,2.0,0.0,2.0
42300000,1,42,алматы,43.247736,76.93314,1993,1601.0,3.0,9.0,1.0,1.0,1.0,2.0,0.0,2.0
42000000,2,68,алматы,43.216786,76.880697,2010,502.0,16.0,16.0,3.0,1.0,2.0,2.0,0.0,2.0
31000000,3,60,алматы,43.22668,76.866916,1967,1601.0,4.0,4.0,2.0,2.0,2.0,2.0,0.0,2.0
50000000,2,46,алматы,43.267274365552,76.927917259836,2023,2146.0,6.0,12.0,3.0,1.0,2.0,2.0,0.0,2.0
42000000,1,34,алматы,43.252782624905,76.957500087062,1977,758.0,1.0,5.0,1.0,2.0,2.0,2.0,0.0,2.0
26000000,2,42,алматы,43.221168,76.784694,2019,1601.0,9.0,10.0,3.0,1.0,1.0,2.0,0.0,2.0
24500000,2,45,алматы,43.22338188352,76.775977625575,2023,1601.0,10.0,10.0,3.0,1.0,1.0,2.0,0.0,2.0
27000000,1,40,алматы,43.249818,76.871704,1991,11.0,9.0,9.0,2.0,1.0,2.0,2.0,0.0,2.0
29000000,1,47,алматы,43.256883,76.866027,2025,3177.0,12.0,13.0,3.0,6.0,2.0,2.0,0.0,2.0
67000000,2,90,алматы,43.210278555985,76.840865228194,2015,912.0,5.0,13.0,3.0,1.0,1.0,2.0,0.0,2.0
46500000,3,72,алматы,43.256831,76.884146,1987,1601.0,4.0,5.0,2.0,1.0,2.0,1.0,0.0,2.0
59000000,2,75,алматы,43.22555,76.890255,2009,1851.0,2.0,10.0,2.0,1.0,2.0,2.0,0.0,2.0
35500000,2,54,алматы,43.327215659943,76.920619294462,1991,1601.0,1.0,5.0,2.0,2.0,2.0,2.0,0.0,2.0
45000000,2,47,алматы,43.261881802047,76.901504193695,2022,1992.0,8.0,15.0,3.0,1.0,1.0,2.0,0.0,2.0
48000000,3,84,алматы,43.241504050017,76.815506053535,2011,3112.0,6.0,9.0,3.0,1.0,1.0,3.0,0.0,2.0
28000000,2,60,алматы,43.217147,76.773932,2021,464.0,2.0,10.0,3.0,2.0,2.0,2.0,0.0,2.0
55900000,3,70,алматы,43.200024,76.886149,1978,1714.0,6.0,8.0,2.0,2.0,2.0,1.0,0.0,2.0
28000000,2,40,алматы,43.225333,76.930616,1962,1855.0,1.0,3.0,1.0,2.0,2.0,2.0,0.0,2.0
38499999,3,83,алматы,43.252763617273,76.862965458284,2024,2523.0,2.0,13.0,3.0,1.0,2.0,2.0,0.0,2.0
28500000,2,43,алматы,43.225596,76.850001,1962,1522.0,1.0,4.0,2.0,1.0,2.0,2.0,0.0,2.0
55098907,3,78,алматы,43.231822902454,76.879055748637,2025,3401.0,4.0,9.0,3.0,6.0,2.0,1.0,0.0,2.0
40500000,3,83,алматы,43.244368,76.813637,2010,11.0,4.0,9.0,3.0,2.0,2.0,2.0,0.0,2.0
45500000,2,60,алматы,43.205347,76.904502,1993,706.0,7.0,9.0,1.0,2.0,2.0,1.0,0.0,2.0
73000000,2,77,алматы,43.212400144585,76.980832743642,2017,5.0,5.0,9.0,3.0,1.0,2.0,2.0,0.0,2.0
72000000,4,100,алматы,43.239422,76.862919,1993,3247.0,11.0,12.0,3.0,2.0,2.0,1.0,0.0,2.0
56000000,2,73,алматы,43.200140864119,76.890990526472,2014,72.0,18.0,25.0,3.0,2.0,1.0,2.0,0.0,2.0
41000000,1,45,алматы,43.217595429,76.889883482144,2020,2444.0,9.0,13.0,3.0,1.0,2.0,2.0,0.0,2.0
32500000,1,38,алматы,43.235974,76.895681,1990,1390.0,1.0,9.0,2.0,1.0,2.0,2.0,0.0,2.0
74000000,2,80,алматы,43.212272641004,76.980813030592,2018,5.0,4.0,8.0,3.0,1.0,2.0,3.0,0.0,2.0
48900000,2,60,алматы,43.268967369064,76.945720911026,2020,1440.0,4.0,10.0,3.0,1.0,1.0,1.0,0.0,2.0
73000000,3,103,алматы,43.229801816012,76.840207717925,2014,1172.0,3.0,9.0,3.0,1.0,1.0,1.0,0.0,2.0
28500000,2,44,алматы,43.232868,76.850441,1964,120.0,1.0,4.0,2.0,1.0,1.0,2.0,0.0,2.0
36500000,2,62,алматы,43.211374899261,76.793861972402,2023,2075.0,11.0,12.0,3.0,1.0,2.0,2.0,0.0,2.0
27100000,2,41,алматы,43.298462606593,76.872425737801,2022,2166.0,2.0,6.0,3.0,1.0,2.0,2.0,0.0,2.0
30000000,1,35,алматы,43.217772,76.837586,1994,1601.0,5.0,5.0,1.0,2.0,1.0,2.0,0.0,2.0
40500000,2,53,алматы,43.236724562906,76.882085910123,2024,2555.0,10.0,20.0,3.0,5.0,2.0,2.0,0.0,2.0
39990000,4,66,алматы,43.255307,76.902903,1974,1625.0,1.0,4.0,1.0,1.0,2.0,1.0,0.0,2.0
12800000,1,19,алматы,43.31712,76.97466,2022,1244.0,1.0,9.0,3.0,4.0,3.0,2.0,0.0,2.0
60000000,3,93,алматы,43.227334003253,76.782388429646,2023,2376.0,4.0,6.0,2.0,1.0,2.0,2.0,0.0,2.0
69000000,4,110,алматы,43.235744,76.890704,1986,2108.0,5.0,9.0,1.0,2.0,2.0,2.0,0.0,2.0
49000000,3,72,алматы,43.236402273046,76.882017179534,2024,2555.0,14.0,20.0,3.0,1.0,2.0,2.0,0.0,2.0
24000000,2,65,алматы,43.227087133629,76.779752430737,2019,1124.0,6.0,6.0,3.0,2.0,2.0,2.0,0.0,2.0
38000000,2,70,алматы,43.251565,76.815407,2011,413.0,5.0,9.0,3.0,4.0,2.0,1.0,0.0,2.0
67900000,2,70,алматы,43.189186,76.930975,2019,576.0,7.0,8.0,3.0,1.0,2.0,2.0,0.0,2.0
45000000,3,55,алматы,43.190436879273,76.854336995947,2021,675.0,1.0,3.0,1.0,2.0,1.0,2.0,0.0,2.0
33000000,2,42,алматы,43.238293,76.831532,1981,2147.0,3.0,5.0,2.0,2.0,1.0,2.0,0.0,2.0
75000000,2,63,алматы,43.231061,76.947019,2019,1601.0,3.0,33.0,3.0,2.0,3.0,3.0,0.0,2.0
25400000,1,31,алматы,43.195739,76.88641,1975,2259.0,4.0,4.0,2.0,1.0,1.0,2.0,0.0,2.0
60000000,4,105,алматы,43.237285422135,76.882590165418,2024,2555.0,7.0,18.0,3.0,5.0,2.0,2.0,0.0,2.0
44000000,3,87,алматы,43.329499038902,76.940064839696,2021,1689.0,8.0,10.0,3.0,1.0,1.0,2.0,0.0,2.0
27500000,2,45,алматы,43.206372,76.836652,1985,1419.0,1.0,5.0,2.0,1.0,2.0,2.0,0.0,2.0
30500000,2,44,алматы,43.270969271253,76.941272440475,1966,2115.0,3.0,5.0,2.0,2.0,2.0,2.0,0.0,2.0
27000000,2,57,алматы,43.209059541386,76.7845168711,2025,3172.0,6.0,9.0,3.0,1.0,2.0,2.0,0.0,2.0
69500000,4,90,алматы,43.206043,76.899283,1989,1092.0,5.0,9.0,2.0,1.0,1.0,1.0,0.0,2.0
33000000,2,58,алматы,43.260957264407,76.821260466562,2019,636.0,11.0,12.0,3.0,1.0,2.0,2.0,0.0,2.0
26000000,2,42,алматы,43.242117615098,76.814271965432,2011,11.0,6.0,9.0,3.0,1.0,2.0,2.0,0.0,2.0
29000000,2,53,алматы,43.37343,76.990075,1984,2444.0,5.0,5.0,1.0,1.0,1.0,1.0,0.0,2.0
15000000,1,24,алматы,43.297118,76.94065,1975,1992.0,3.0,3.0,2.0,1.0,2.0,2.0,0.0,1.0
42000000,2,40,алматы,43.204349559411,76.886174463123,2016,756.0,7.0,13.0,3.0,2.0,2.0,2.0,0.0,2.0
34500000,3,60,алматы,43.230595,76.847666,1964,1601.0,3.0,4.0,2.0,1.0,1.0,2.0,0.0,2.0
35000000,2,55,алматы,43.266891714384,76.822103086863,2020,1117.0,1.0,12.0,3.0,2.0,2.0,2.0,0.0,2.0
25500000,2,58,алматы,43.32304332211,76.941276578637,2024,2430.0,6.0,6.0,3.0,6.0,3.0,1.0,0.0,2.0
85000000,2,84,алматы,43.19285440112,76.808899487924,2020,1109.0,2.0,4.0,3.0,1.0,2.0,3.0,0.0,2.0
27000000,1,53,алматы,43.297664771908,76.895389647147,2021,1537.0,5.0,8.0,3.0,1.0,2.0,2.0,0.0,2.0
28000000,1,39,алматы,43.2622598688,76.894100127992,2024,1997.0,6.0,12.0,3.0,1.0,2.0,2.0,0.0,2.0
39000000,2,48,алматы,43.267079,76.956254,1993,1601.0,3.0,5.0,1.0,1.0,1.0,1.0,0.0,2.0
38500000,3,84,алматы,43.241340485664,76.810090851075,2010,11.0,12.0,16.0,3.0,1.0,2.0,2.0,0.0,2.0
73500000,3,69,алматы,43.260884293516,76.947101643367,2021,1912.0,4.0,12.0,3.0,1.0,1.0,3.0,0.0,2.0
40000000,2,60,алматы,43.248617074286,76.867676060672,2016,810.0,2.0,15.0,3.0,1.0,2.0,2.0,0.0,2.0
43500000,2,44,алматы,43.235987,76.900136,1970,20.0,3.0,4.0,2.0,1.0,1.0,1.0,0.0,2.0
37000000,2,77,алматы,43.21658138793,76.880183178672,2018,534.0,17.0,17.0,3.0,1.0,1.0,2.0,0.0,2.0
40000000,2,60,алматы,43.297860929415,76.896457819552,2021,1537.0,4.0,8.0,3.0,1.0,1.0,2.0,1.0,2.0
12000000,1,12,алматы,43.224545,76.873133,1976,1450.0,1.0,5.0,2.0,2.0,2.0,2.0,0.0,2.0
49000000,2,63,алматы,43.218718,76.899939,1971,1601.0,5.0,5.0,1.0,2.0,2.0,2.0,0.0,2.0
25000000,1,31,алматы,43.226995,76.872648,1964,2079.0,1.0,4.0,2.0,1.0,2.0,2.0,0.0,2.0
63000000,3,130,алматы,43.223699901709,76.794156228077,2012,92.0,15.0,16.0,3.0,1.0,2.0,3.0,0.0,2.0
46000000,3,70,алматы,43.263173,76.901987,1990,1601.0,4.0,5.0,1.0,2.0,1.0,1.0,0.0,2.0
36000000,2,56,алматы,43.188031447558,76.850306723143,2024,3333.0,3.0,3.0,3.0,5.0,2.0,1.0,0.0,2.0
37000000,2,64,алматы,43.294657,76.941926,2015,243.0,3.0,6.0,3.0,2.0,2.0,1.0,0.0,2.0
22300000,1,40,алматы,43.221705980823,76.786440765848,2019,1124.0,6.0,6.0,3.0,1.0,1.0,2.0,0.0,2.0
30200000,3,62,алматы,43.32232029205,76.916730799931,1983,202.0,5.0,5.0,2.0,1.0,1.0,2.0,0.0,2.0
33500000,2,64,алматы,43.359412,76.993902,2007,2138.0,4.0,6.0,3.0,1.0,1.0,1.0,0.0,2.0
33000000,2,52,алматы,43.288781772162,76.925386446417,1984,1959.0,1.0,3.0,1.0,1.0,2.0,1.0,0.0,2.0
29500000,2,69,алматы,43.255911,76.818273,2018,1424.0,9.0,12.0,3.0,1.0,2.0,3.0,0.0,2.0
26000000,2,55,алматы,43.284899,77.001861,2020,1274.0,7.0,9.0,3.0,1.0,1.0,2.0,0.0,2.0
40000000,2,88,алматы,43.253316493038,76.825108215714,2012,3469.0,9.0,9.0,3.0,1.0,1.0,1.0,0.0,2.0
30500000,1,48,алматы,43.247906900044,76.853952955209,2024,3433.0,2.0,10.0,1.0,1.0,2.0,2.0,0.0,2.0
24000000,1,47,алматы,43.210160889162,76.784350824371,2025,3172.0,4.0,9.0,3.0,5.0,2.0,2.0,0.0,2.0
34000000,2,41,алматы,43.23337088451,76.900495,1970,1604.0,2.0,4.0,1.0,1.0,1.0,2.0,0.0,2.0
56000000,2,72,алматы,43.252021092113,76.897559165955,2020,1323.0,6.0,10.0,3.0,1.0,1.0,2.0,0.0,2.0
41000000,3,65,алматы,43.206375965529,76.835332538658,1992,1068.0,4.0,5.0,2.0,2.0,3.0,1.0,0.0,2.0
40500000,2,60,алматы,43.219631,76.842887,2009,1846.0,8.0,12.0,3.0,1.0,2.0,3.0,0.0,2.0
23350000,1,46,алматы,43.297969490553,76.832912672311,2025,3245.0,5.0,5.0,3.0,5.0,2.0,2.0,0.0,2.0
39500000,2,44,алматы,43.251820754616,76.934856305552,1963,576.0,3.0,4.0,1.0,2.0,2.0,2.0,0.0,2.0
41000000,3,67,алматы,43.215344308603,76.901768015869,1979,316.0,5.0,5.0,2.0,2.0,2.0,1.0,0.0,2.0
28000000,1,44,алматы,43.21263158979,76.791895277495,2018,1064.0,7.0,9.0,3.0,1.0,1.0,2.0,0.0,2.0
43000000,2,60,алматы,43.25361116974,76.91389656316,1986,2439.0,6.0,9.0,2.0,2.0,1.0,1.0,0.0,2.0
21000000,1,40,алматы,43.360401,76.994325,2005,1601.0,3.0,5.0,3.0,4.0,2.0,2.0,0.0,2.0
48500000,2,57,алматы,43.204351272306,76.89955286668,1986,1199.0,4.0,5.0,1.0,2.0,2.0,1.0,0.0,2.0
34000000,2,65,алматы,43.313958140575,76.908653957008,2017,3312.0,2.0,6.0,3.0,2.0,2.0,1.0,0.0,2.0
27379240,2,61,алматы,43.230324044112,76.783371873326,2025,1509.0,7.0,9.0,3.0,1.0,2.0,2.0,0.0,2.0
27500000,1,47,алматы,43.251243,76.826762,2010,336.0,7.0,9.0,3.0,1.0,2.0,2.0,0.0,2.0
32500000,2,60,алматы,43.207986585164,76.787561922306,2023,2403.0,5.0,9.0,3.0,1.0,2.0,2.0,0.0,2.0
26000000,1,31,алматы,43.222791,76.874283,1967,1601.0,1.0,4.0,2.0,2.0,2.0,2.0,0.0,2.0
38000000,2,75,алматы,43.225951,76.792823,2014,92.0,15.0,16.0,3.0,1.0,1.0,2.0,0.0,2.0
25500000,1,47,алматы,43.254389009243,76.818288320719,2018,1083.0,9.0,12.0,3.0,2.0,1.0,2.0,0.0,2.0
42900000,2,59,алматы,43.285231659577,77.001857542328,2019,2408.0,4.0,5.0,3.0,1.0,2.0,2.0,0.0,2.0
26000000,2,45,алматы,43.221705980823,76.786440765848,2019,1124.0,9.0,10.0,3.0,1.0,1.0,2.0,0.0,2.0
38000000,2,60,алматы,43.267059,76.95496,1980,349.0,4.0,5.0,1.0,2.0,2.0,1.0,0.0,2.0
34500000,3,55,алматы,43.245925771761,76.891187205268,1977,2905.0,5.0,6.0,2.0,2.0,2.0,1.0,0.0,2.0
30000000,1,41,алматы,43.261715,76.813251,2016,2523.0,6.0,9.0,3.0,1.0,1.0,2.0,0.0,2.0
26500000,1,34,алматы,43.233176,76.906379,1973,977.0,4.0,4.0,1.0,2.0,2.0,1.0,0.0,2.0
47000000,2,65,алматы,43.241598984996,76.875980378288,2012,463.0,10.0,19.0,3.0,1.0,1.0,2.0,0.0,2.0
35500000,2,60,алматы,43.236092624297,76.808679115483,2020,1171.0,13.0,16.0,3.0,1.0,2.0,2.0,0.0,2.0
26000000,1,48,алматы,43.362905,76.9941,2007,3366.0,8.0,9.0,3.0,1.0,2.0,2.0,0.0,2.0
48000000,2,70,алматы,43.216786,76.880697,2016,534.0,8.0,16.0,3.0,1.0,1.0,2.0,0.0,2.0
47500000,3,69,алматы,43.218048,76.840138,1991,2681.0,1.0,5.0,1.0,2.0,1.0,1.0,0.0,2.0
29400000,1,51,алматы,43.285650756353,77.002368464942,2017,1681.0,3.0,5.0,3.0,1.0,2.0,2.0,0.0,2.0
45000000,2,73,алматы,43.236748331732,76.882635208869,2024,2555.0,2.0,20.0,3.0,5.0,2.0,2.0,0.0,2.0
63000000,2,95,алматы,43.210278555985,76.840865228194,2015,912.0,12.0,13.0,3.0,2.0,1.0,2.0,0.0,2.0
50000000,2,50,алматы,43.253016,76.901654,2023,1206.0,16.0,17.0,2.0,1.0,2.0,2.0,0.0,2.0
33500000,2,52,алматы,43.241340485664,76.810090851075,2020,11.0,2.0,9.0,3.0,1.0,2.0,2.0,0.0,2.0
40960000,3,56,алматы,43.202566293088,76.900646941806,1975,1428.0,2.0,5.0,2.0,4.0,2.0,1.0,0.0,2.0
32000000,2,53,алматы,43.234542,76.838224,1992,1601.0,2.0,9.0,2.0,1.0,1.0,1.0,0.0,2.0
42900000,2,55,алматы,43.261971128691,76.945544743475,1973,1601.0,2.0,9.0,2.0,2.0,2.0,2.0,0.0,2.0
32000000,2,42,алматы,43.232362,76.91618,1971,1691.0,1.0,4.0,2.0,1.0,2.0,2.0,0.0,2.0
30000000,3,63,алматы,43.301822,76.838072,2019,3352.0,3.0,5.0,3.0,1.0,2.0,2.0,1.0,2.0
35000000,3,74,алматы,43.321508,76.839302,2017,2849.0,2.0,5.0,3.0,1.0,1.0,1.0,0.0,2.0
31500000,1,33,алматы,43.222633,76.93305,1972,1777.0,4.0,4.0,2.0,1.0,1.0,2.0,0.0,2.0
19071000,2,49,алматы,43.291665,77.018516,2020,1599.0,3.0,9.0,3.0,5.0,2.0,2.0,0.0,2.0
50000000,3,60,алматы,43.258602158842,76.960528804893,1965,1935.0,4.0,4.0,2.0,1.0,2.0,2.0,0.0,2.0
46500000,2,48,алматы,43.214272941997,76.889320759506,2022,1935.0,3.0,13.0,3.0,1.0,2.0,2.0,0.0,2.0
57000000,3,72,алматы,43.234976,76.891584,1988,678.0,4.0,9.0,2.0,1.0,1.0,2.0,0.0,2.0
30000000,1,35,алматы,43.261682,76.925774,1974,2083.0,3.0,5.0,2.0,1.0,1.0,2.0,0.0,2.0
19500000,1,39,алматы,43.268953006199,76.823329925483,2025,3028.0,4.0,12.0,3.0,1.0,2.0,2.0,0.0,2.0
10000000,1,13,алматы,43.222357,76.85858,1972,636.0,2.0,4.0,2.0,2.0,1.0,4.0,0.0,1.0
25000000,1,54,алматы,43.211154279086,76.783770081445,2025,2239.0,8.0,9.0,2.0,1.0,2.0,2.0,0.0,2.0
36500000,3,65,алматы,43.236605895698,76.837862623348,1983,1601.0,5.0,5.0,2.0,1.0,2.0,1.0,0.0,2.0
50000000,3,68,алматы,43.25360997414,76.872484566794,1980,1691.0,3.0,5.0,2.0,1.0,2.0,1.0,0.0,2.0
37000000,3,75,алматы,43.311748,76.975298,2016,1206.0,8.0,9.0,3.0,2.0,2.0,1.0,0.0,2.0
35000000,1,52,алматы,43.317953,77.013692,2023,1476.0,4.0,12.0,1.0,6.0,2.0,2.0,0.0,2.0
32000000,1,34,алматы,43.260577953384,76.940157849212,1966,3117.0,4.0,4.0,1.0,2.0,2.0,2.0,0.0,2.0
16900000,1,35,алматы,43.353767295004,76.986963542325,1979,1601.0,1.0,3.0,1.0,1.0,2.0,2.0,0.0,2.0
51000000,3,100,алматы,43.169463371783,76.873344182968,2013,120.0,10.0,10.0,3.0,1.0,1.0,3.0,0.0,2.0
20000000,2,35,алматы,43.25296301482,76.790192714998,2025,3427.0,1.0,3.0,3.0,1.0,1.0,2.0,0.0,2.0
26500000,1,40,алматы,43.24036490774,76.831264796295,1982,1527.0,8.0,9.0,2.0,1.0,2.0,2.0,0.0,2.0
12000000,1,12,алматы,43.238805,76.885943,1950,2960.0,4.0,5.0,2.0,2.0,2.0,2.0,0.0,1.0
45500000,4,86,алматы,43.235293294934,76.825738966934,1989,1601.0,2.0,5.0,2.0,1.0,2.0,1.0,0.0,2.0
35000000,2,64,алматы,43.212661849287,76.786037206846,2021,3417.0,1.0,9.0,3.0,1.0,1.0,2.0,0.0,2.0
22000000,1,40,алматы,43.296360035441,76.977431367086,2020,1428.0,9.0,9.0,3.0,1.0,2.0,2.0,0.0,2.0
58500000,3,77,алматы,43.262554353583,76.918500452423,2019,1542.0,8.0,13.0,3.0,1.0,1.0,2.0,0.0,2.0
27000000,2,46,алматы,43.229715,76.84807,1968,2191.0,2.0,4.0,2.0,1.0,1.0,2.0,0.0,2.0
77000000,3,97,алматы,43.259350995945,76.946479423794,1974,378.0,6.0,6.0,2.0,2.0,1.0,3.0,0.0,2.0
28500000,1,32,алматы,43.203258557315,76.873664516137,2020,1137.0,3.0,12.0,3.0,1.0,2.0,2.0,0.0,2.0
31500000,3,58,алматы,43.228644,76.856146,1975,2200.0,3.0,4.0,2.0,2.0,2.0,1.0,0.0,2.0
48000000,2,41,алматы,43.240405217908,76.909024952709,2020,984.0,12.0,16.0,3.0,2.0,1.0,2.0,0.0,2.0
17000000,1,23,алматы,43.243205,76.882835,1977,225.0,3.0,4.0,2.0,2.0,2.0,1.0,0.0,2.0
35000000,3,66,алматы,43.237833,76.84074,1976,2075.0,2.0,5.0,2.0,2.0,2.0,1.0,0.0,2.0
34000000,3,58,алматы,43.353912,76.924921,1979,1601.0,1.0,3.0,1.0,1.0,1.0,1.0,0.0,2.0
38860000,2,58,алматы,43.166862574852,76.877039725619,2024,2286.0,3.0,3.0,3.0,1.0,2.0,2.0,0.0,2.0
78000000,3,105,алматы,43.232298371068,76.884929770359,2024,1714.0,11.0,16.0,3.0,4.0,2.0,3.0,0.0,2.0
47000000,2,62,алматы,43.207482,76.899094,1989,959.0,3.0,9.0,2.0,1.0,1.0,1.0,0.0,2.0
25000000,2,40,алматы,43.224080479219,76.895881044319,1962,123.0,1.0,4.0,1.0,4.0,2.0,2.0,0.0,2.0
40000000,1,46,алматы,43.240719407077,76.87066137358,2021,1468.0,19.0,21.0,3.0,1.0,1.0,2.0,0.0,2.0
75000000,2,71,алматы,43.236231961959,76.936727761495,2021,1667.0,10.0,10.0,3.0,1.0,1.0,2.0,0.0,2.0
20900000,1,39,алматы,43.357609,76.925046,2008,596.0,3.0,6.0,3.0,2.0,1.0,2.0,0.0,2.0
26000000,2,48,алматы,43.289810002021,76.929317763229,1988,1862.0,1.0,5.0,1.0,2.0,1.0,1.0,0.0,2.0
72000000,2,105,алматы,43.216421692117,76.883046710645,2012,109.0,7.0,9.0,3.0,1.0,2.0,1.0,0.0,2.0
33000000,2,43,алматы,43.24416277874,76.900457848865,1978,3277.0,3.0,5.0,2.0,1.0,2.0,2.0,0.0,2.0
22000000,1,41,алматы,43.311564,76.897702,2015,103.0,6.0,7.0,3.0,1.0,2.0,2.0,0.0,2.0
28000000,1,49,алматы,43.24092,76.824004,2006,651.0,7.0,9.0,3.0,2.0,1.0,2.0,0.0,2.0
72000000,2,70,алматы,43.248581003256,76.934178654039,1978,3281.0,8.0,8.0,1.0,2.0,1.0,2.0,0.0,2.0
25000000,1,31,алматы,43.227132296218,76.872546076057,1964,880.0,1.0,4.0,2.0,1.0,2.0,2.0,0.0,2.0
20900000,1,39,алматы,43.357609,76.925046,2008,1418.0,3.0,6.0,3.0,2.0,1.0,2.0,0.0,2.0
62500000,2,66,алматы,43.230028241857,76.876761868133,2015,1401.0,10.0,16.0,3.0,1.0,2.0,1.0,0.0,2.0
35000000,2,60,алматы,43.296108537832,76.979359388297,2024,1428.0,7.0,9.0,3.0,1.0,2.0,2.0,0.0,2.0
39000000,2,61,алматы,43.254199113052,76.863872245369,2024,1364.0,10.0,13.0,3.0,1.0,2.0,2.0,0.0,2.0
28900000,2,58,алматы,43.292679384553,77.013974189649,2024,3136.0,1.0,6.0,3.0,6.0,2.0,2.0,0.0,2.0
40000000,3,56,алматы,43.268694,76.940911,1969,1384.0,4.0,4.0,2.0,2.0,2.0,1.0,0.0,2.0
68000000,3,81,алматы,43.208803,76.911724,2008,17.0,13.0,13.0,3.0,1.0,2.0,2.0,0.0,2.0
53900000,2,57,алматы,43.193080218488,76.920015124051,2018,2555.0,4.0,6.0,2.0,1.0,2.0,2.0,0.0,2.0
41500000,3,55,алматы,43.229606334248,76.924608978018,1964,279.0,4.0,4.0,1.0,1.0,2.0,2.0,0.0,2.0
34000000,3,65,алматы,43.327227,76.923268,1985,2796.0,5.0,5.0,2.0,1.0,2.0,1.0,0.0,2.0
21000000,2,40,алматы,43.334710821163,76.942743899475,1963,1444.0,3.0,3.0,1.0,2.0,2.0,2.0,0.0,2.0
39900000,3,55,алматы,43.245405,76.89745,1980,2760.0,5.0,5.0,2.0,1.0,2.0,2.0,0.0,2.0
26000000,2,44,алматы,43.231462,76.859667,1965,1601.0,3.0,4.0,2.0,1.0,2.0,2.0,0.0,2.0
15500000,2,29,алматы,43.249654,76.89895,1982,2301.0,5.0,5.0,2.0,2.0,2.0,2.0,0.0,2.0
24500000,1,32,алматы,43.196180226346,76.876651492065,1980,1823.0,5.0,5.0,2.0,2.0,2.0,2.0,0.0,2.0
19000000,1,30,алматы,43.293340400907,76.829645474408,2025,2610.0,3.0,5.0,3.0,1.0,2.0,2.0,0.0,2.0
35500000,3,75,алматы,43.223796,76.804007,1989,1163.0,3.0,9.0,2.0,2.0,2.0,2.0,0.0,2.0
10400000,1,13,алматы,43.222916,76.858643,1974,2328.0,3.0,4.0,2.0,2.0,2.0,2.0,0.0,1.0
63000000,2,60,алматы,43.234843116956,76.92135102523,2016,111.0,5.0,20.0,3.0,1.0,1.0,2.0,0.0,2.0
58500000,3,73,алматы,43.228289,76.938809,1993,62.0,4.0,9.0,2.0,2.0,2.0,1.0,0.0,2.0
21500000,1,41,алматы,43.327259,76.924741,1985,640.0,1.0,5.0,2.0,2.0,2.0,1.0,0.0,2.0
38000000,2,58,алматы,43.260503549015,76.82140531891,2018,636.0,7.0,12.0,3.0,2.0,2.0,3.0,0.0,2.0
37000000,2,93,алматы,43.220754,76.795878,2014,92.0,3.0,16.0,3.0,1.0,2.0,2.0,0.0,2.0
43000000,2,54,алматы,43.268967369064,76.945720911026,2020,1440.0,1.0,12.0,3.0,1.0,1.0,2.0,0.0,2.0
46500000,3,66,алматы,43.248795348368,76.894014833666,1978,1613.0,4.0,6.0,2.0,1.0,2.0,2.0,0.0,2.0
45000000,3,75,алматы,43.241471,76.834083,1981,1959.0,9.0,9.0,2.0,1.0,1.0,1.0,0.0,2.0
30000000,1,42,алматы,43.296108537832,76.979359388297,2021,1428.0,2.0,9.0,3.0,1.0,2.0,2.0,0.0,2.0
26700000,2,51,алматы,43.252763617273,76.862965458284,2024,2523.0,9.0,13.0,3.0,6.0,2.0,2.0,0.0,2.0
28000000,3,61,алматы,43.230141451366,76.794665305557,1994,756.0,1.0,3.0,1.0,2.0,2.0,1.0,0.0,2.0
57500000,3,84,алматы,43.217109632327,76.88161884243,2022,1817.0,2.0,10.0,3.0,6.0,2.0,3.0,0.0,2.0
9500000,1,14,алматы,43.22318947869,76.856081440767,1965,463.0,4.0,4.0,2.0,1.0,2.0,2.0,0.0,1.0
45000000,2,60,алматы,43.242594568679,76.833741519265,2018,995.0,10.0,10.0,3.0,1.0,1.0,1.0,0.0,2.0
20000000,2,62,алматы,43.382505,76.995879,1960,1601.0,2.0,2.0,2.0,1.0,2.0,2.0,0.0,2.0
44000000,4,98,алматы,43.295156,76.914312,1989,1890.0,5.0,5.0,2.0,2.0,2.0,1.0,0.0,2.0
30500000,1,40,алматы,43.22057,76.844719,2007,1405.0,5.0,10.0,3.0,1.0,1.0,2.0,0.0,2.0
80000000,3,90,алматы,43.235271,76.951915,1990,2892.0,5.0,5.0,1.0,1.0,2.0,2.0,0.0,2.0
75000000,3,110,алматы,43.221009696864,76.886923955006,2023,1959.0,16.0,18.0,3.0,1.0,2.0,2.0,0.0,2.0
77000000,2,80,алматы,43.204379176098,76.893676642181,2017,1004.0,11.0,13.0,3.0,1.0,2.0,1.0,0.0,2.0
35000000,3,59,алматы,43.21902,76.85832,1965,2471.0,3.0,4.0,2.0,2.0,1.0,2.0,0.0,2.0
39000000,2,52,алматы,43.238956,76.825666,2004,1601.0,1.0,7.0,3.0,2.0,1.0,3.0,0.0,2.0
78000000,2,86,алматы,43.238011305107,76.890220096604,2025,3020.0,6.0,10.0,3.0,1.0,2.0,2.0,0.0,2.0
44000000,3,65,алматы,43.265179638936,76.918001685368,2020,1522.0,6.0,13.0,3.0,1.0,2.0,2.0,0.0,2.0
45000000,3,73,алматы,43.238431343157,76.831821087311,1983,678.0,4.0,9.0,2.0,2.0,2.0,2.0,0.0,2.0
37800000,2,57,алматы,43.260503549015,76.82140531891,2020,636.0,12.0,12.0,3.0,1.0,1.0,2.0,0.0,2.0
23000000,1,37,алматы,43.263394832287,76.820144263418,2019,636.0,8.0,12.0,3.0,1.0,1.0,2.0,0.0,2.0
20000000,1,45,алматы,43.302568693394,76.839946167723,2014,1937.0,4.0,5.0,2.0,1.0,2.0,2.0,0.0,2.0
36000000,3,64,алматы,43.207173,76.787119,2020,957.0,8.0,10.0,3.0,1.0,2.0,2.0,0.0,2.0
29999995,2,45,алматы,43.246082,76.890273,1977,225.0,5.0,5.0,2.0,1.0,1.0,2.0,0.0,2.0
63000000,2,75,алматы,43.233763092703,76.884327537665,2023,1714.0,9.0,12.0,3.0,1.0,2.0,3.0,0.0,2.0
24800000,2,40,алматы,43.245073196084,76.839721857811,1984,2220.0,4.0,5.0,2.0,2.0,1.0,2.0,0.0,2.0
39500000,2,44,алматы,43.251144,76.934631,1963,1601.0,3.0,4.0,1.0,2.0,2.0,2.0,0.0,2.0
67500000,3,110,алматы,43.230697810474,76.831165850807,2014,527.0,2.0,13.0,3.0,2.0,2.0,1.0,0.0,2.0
20900000,1,41,алматы,43.301356,76.840048,2017,1601.0,5.0,5.0,3.0,1.0,1.0,1.0,1.0,2.0
30500000,2,47,алматы,43.26956,76.945393,1967,512.0,4.0,6.0,2.0,1.0,2.0,2.0,0.0,2.0
59500000,4,73,алматы,43.242421445346,76.897421855154,1980,196.0,4.0,5.0,1.0,1.0,2.0,2.0,0.0,2.0
35000000,1,54,алматы,43.307123,77.004538,2023,2874.0,4.0,5.0,3.0,1.0,2.0,2.0,0.0,2.0
53000000,3,76,алматы,43.25427,76.867473,1984,261.0,1.0,9.0,2.0,1.0,2.0,1.0,0.0,1.0
82000000,3,75,алматы,43.188811,76.919459,2021,2844.0,3.0,3.0,3.0,1.0,1.0,3.0,0.0,2.0
29500000,1,28,алматы,43.216173283008,76.966677024467,1984,2819.0,5.0,5.0,1.0,1.0,2.0,2.0,0.0,2.0
45000000,3,77,алматы,43.221572460565,76.786434091249,2019,1124.0,4.0,6.0,3.0,1.0,2.0,3.0,0.0,2.0
30000000,1,40,алматы,43.212092943161,76.793770777295,2022,2075.0,1.0,12.0,3.0,1.0,1.0,2.0,0.0,2.0
28000000,1,39,алматы,43.235803555508,76.806579464166,2020,1171.0,9.0,16.0,3.0,2.0,1.0,2.0,0.0,2.0
42500000,2,86,алматы,43.247828,76.840021,2013,1601.0,4.0,10.0,3.0,1.0,2.0,1.0,0.0,2.0
46000000,3,78,алматы,43.216670188874,76.866382145703,1975,3366.0,1.0,6.0,1.0,1.0,2.0,1.0,0.0,2.0
16700000,1,39,алматы,43.221365675166,76.782517797687,2025,2218.0,7.0,9.0,3.0,6.0,2.0,2.0,1.0,2.0
80000000,3,88,алматы,43.184893,76.84727,1980,788.0,14.0,16.0,3.0,1.0,1.0,1.0,0.0,2.0
34000000,2,45,алматы,43.220978,76.872675,1974,2974.0,2.0,5.0,2.0,1.0,2.0,1.0,0.0,2.0
40500000,3,68,алматы,43.235961,76.822252,1990,1141.0,3.0,5.0,1.0,1.0,1.0,1.0,0.0,2.0
40500000,3,65,алматы,43.218672,76.837416,1997,2647.0,1.0,5.0,1.0,4.0,2.0,1.0,0.0,2.0
48000000,2,62,алматы,43.230377983418,76.852786371019,2010,118.0,4.0,16.0,3.0,2.0,1.0,3.0,0.0,2.0
55000000,4,105,алматы,43.234043,76.825675,1988,1124.0,1.0,5.0,1.0,2.0,2.0,1.0,0.0,2.0
32000000,2,44,алматы,43.269120999685,76.95116648214,1974,1601.0,3.0,5.0,2.0,2.0,2.0,2.0,0.0,2.0
66999999,3,70,алматы,43.267102151835,76.929931640407,2024,2491.0,8.0,12.0,3.0,1.0,2.0,2.0,0.0,2.0
71500000,2,67,алматы,43.208317133319,76.89548135956,2021,1481.0,8.0,10.0,3.0,1.0,2.0,2.0,0.0,2.0
40000000,2,64,алматы,43.241774121086,76.876751284145,2012,463.0,11.0,18.0,3.0,1.0,1.0,2.0,0.0,2.0
19500000,1,40,алматы,43.357242,76.925055,2008,864.0,2.0,6.0,3.0,1.0,2.0,2.0,0.0,2.0
40000000,1,36,алматы,43.263894005117,76.933546878938,2024,2758.0,2.0,12.0,3.0,1.0,1.0,2.0,0.0,2.0
44000000,3,65,алматы,43.265179638936,76.918001685368,2020,1522.0,6.0,13.0,3.0,1.0,2.0,2.0,0.0,2.0
76900000,3,99,алматы,43.233537,76.892797,2023,1401.0,5.0,16.0,3.0,1.0,2.0,3.0,0.0,2.0
54000000,2,66,алматы,43.221567561175,76.852005747877,2020,1568.0,3.0,13.0,3.0,1.0,1.0,2.0,0.0,2.0
20500000,1,25,алматы,43.289239592762,76.986607845891,2020,934.0,7.0,9.0,3.0,1.0,1.0,2.0,0.0,2.0
46000000,2,50,алматы,43.21718899588,76.882405431744,2023,2080.0,2.0,11.0,3.0,1.0,2.0,2.0,0.0,2.0
50000000,3,91,алматы,43.221668,76.786257,2021,3470.0,4.0,10.0,3.0,1.0,2.0,2.0,0.0,2.0
32000000,1,39,алматы,43.210163,76.881784,1982,1601.0,2.0,5.0,2.0,1.0,2.0,1.0,0.0,2.0
39000000,2,56,алматы,43.219151,76.837236,1996,1886.0,6.0,6.0,1.0,1.0,1.0,1.0,0.0,2.0
38000000,2,58,алматы,43.241196,76.860835,1991,1309.0,9.0,9.0,2.0,4.0,2.0,2.0,0.0,2.0
21600000,2,40,алматы,43.221558320738,76.787395632237,2021,1124.0,6.0,6.0,3.0,1.0,1.0,2.0,0.0,2.0
