{
  "type": "FeatureCollection",
  "features": [
    {
      "type": "Feature",
      "properties": {
        "name": "Аксай-1",
        "source": "nominatim",
        "display_name": "Car City, БЦ, 1, Аксай 1А микрорайон, Аксай 1А, Аксай, Ауэзовский район, Алматы, 050038, Казахстан"
      },
      "geometry": {
        "type": "Polygon",
        "coordinates": [
          [
            [
              76.8235011,
              43.2397838
            ],
            [
              76.8235834,
              43.239588
            ],
            [
              76.8235964,
              43.2395572
            ],
            [
              76.8236356,
              43.2394639
            ],
            [
              76.8239315,
              43.23953
            ],
            [
              76.823797,
              43.2398498
            ],
            [
              76.8235011,
              43.2397838
            ]
          ]
        ]
      }
    },
    {
      "type": "Feature",
      "properties": {
        "name": "Аксай-2",
        "source": "nominatim",
        "display_name": "2, Аксай 1А микрорайон, Аксай 1А, Аксай, Ауэзовский район, Алматы, 050038, Казахстан"
      },
      "geometry": {
        "type": "Polygon",
        "coordinates": [
          [
            [
              76.824106,
              43.2384677
            ],
            [
              76.8241403,
              43.2383803
            ],
            [
              76.8245048,
              43.238456
            ],
            [
              76.8244707,
              43.2385431
            ],
            [
              76.8243403,
              43.238516
            ],
            [
              76.8243299,
              43.2385425
            ],
            [
              76.8243013,
              43.2386156
            ],
            [
              76.824192,
              43.2385929
            ],
            [
              76.8242214,
              43.2385178
            ],
            [
              76.8242309,
              43.2384936
            ],
            [
              76.824106,
              43.2384677
            ]
          ]
        ]
      }
    },
    {
      "type": "Feature",
      "properties": {
        "name": "Аксай-3",
        "source": "nominatim",
        "display_name": "3, Аксай 5-й микрорайон, микрорайон Аксай-5, Аксай, Ауэзовский район, Алматы, 050063, Казахстан"
      },
      "geometry": {
        "type": "Polygon",
        "coordinates": [
          [
            [
              76.83291,
              43.2296922
            ],
            [
              76.8330639,
              43.2293454
            ],
            [
              76.8331384,
              43.229363
            ],
            [
              76.8331483,
              43.2293407
            ],
            [
              76.8333878,
              43.229397
            ],
            [
              76.8333828,
              43.2294082
            ],
            [
              76.8334327,
              43.2294199
            ],
            [
              76.8333955,
              43.2295038
            ],
            [
              76.8334242,
              43.2295105
            ],
            [
              76.8332972,
              43.2297967
            ],
            [
              76.8330591,
              43.2297406
            ],
            [
              76.8330644,
              43.2297286
            ],
            [
              76.83291,
              43.2296922
            ]
          ]
        ]
      }
    },
    {
      "type": "Feature",
      "properties": {
        "name": "Аксай-4",
        "source": "nominatim",
        "display_name": "4, Аксай 4-й микрорайон, Аксай-4, Аксай, Ауэзовский район, Алматы, 050063, Казахстан"
      },
      "geometry": {
        "type": "Polygon",
        "coordinates": [
          [
            [
              76.8402478,
              43.2322501
            ],
            [
              76.8402812,
              43.23214
            ],
            [
              76.8404385,
              43.2321803
            ],
            [
              76.8404193,
              43.2322313
            ],
            [
              76.8404157,
              43.232286
            ],
            [
              76.8404269,
              43.2323381
            ],
            [
              76.8404546,
              43.2324003
            ],
            [
              76.8405174,
              43.2324719
            ],
            [
              76.8406148,
              43.2325244
            ],
            [
              76.8407213,
              43.2325617
            ],
            [
              76.8406384,
              43.2326729
            ],
            [
              76.8405212,
              43.23263
            ],
            [
              76.8404066,
              43.2325651
            ],
            [
              76.8403182,
              43.2324802
            ],
            [
              76.8402606,
              43.2323699
            ],
            [
              76.840251,
              43.2323186
            ],
            [
              76.8402478,
              43.2322501
            ]
          ]
        ]
      }
    },
    {
      "type": "Feature",
      "properties": {
        "name": "Аксай-5",
        "source": "nominatim",
        "display_name": "5, Аксай 5-й микрорайон, микрорайон Аксай-5, Аксай, Ауэзовский район, Алматы, 050063, Казахстан"
      },
      "geometry": {
        "type": "Polygon",
        "coordinates": [
          [
            [
              76.8333807,
              43.2289922
            ],
            [
              76.8335079,
              43.2286936
            ],
            [
              76.8336578,
              43.2287276
            ],
            [
              76.8335306,
              43.2290262
            ],
            [
              76.8333807,
              43.2289922
            ]
          ]
        ]
      }
    },
    {
      "type": "Feature",
      "properties": {
        "name": "Айнабулак-1",
        "source": "nominatim",
        "display_name": "1, Айнабулак 1-й микрорайон, Айнабулак 1-й, Айнабулак, Жетысуский район, Алматы, 050014, Казахстан"
      },
      "geometry": {
        "type": "Polygon",
        "coordinates": [
          [
            [
              76.913012,
              43.3210828
            ],
            [
              76.913132,
              43.3209921
            ],
            [
              76.9134411,
              43.3212087
            ],
            [
              76.9133211,
              43.3212994
            ],
            [
              76.913012,
              43.3210828
            ]
          ]
        ]
      }
    },
    {
      "type": "Feature",
      "properties": {
        "name": "Айнабулак-2",
        "source": "nominatim",
        "display_name": "2, Айнабулак 1-й микрорайон, Айнабулак 1-й, Айнабулак, Жетысуский район, Алматы, 050014, Казахстан"
      },
      "geometry": {
        "type": "Polygon",
        "coordinates": [
          [
            [
              76.9120446,
              43.3222703
            ],
            [
              76.9134087,
              43.3214458
            ],
            [
              76.9135013,
              43.3215269
            ],
            [
              76.9121372,
              43.3223514
            ],
            [
              76.9120446,
              43.3222703
            ]
          ]
        ]
      }
    },
    {
      "type": "Feature",
      "properties": {
        "name": "Айнабулак-3",
        "source": "nominatim",
        "display_name": "3, Айнабулак 1-й микрорайон, Айнабулак 1-й, Айнабулак, Жетысуский район, Алматы, 050014, Казахстан"
      },
      "geometry": {
        "type": "Polygon",
        "coordinates": [
          [
            [
              76.9120871,
              43.320932
            ],
            [
              76.912196,
              43.3208599
            ],
            [
              76.9127692,
              43.3213182
            ],
            [
              76.9126603,
              43.3213902
            ],
            [
              76.9120871,
              43.320932
            ]
          ]
        ]
      }
    },
    {
      "type": "Feature",
      "properties": {
        "name": "Айнабулак-4",
        "source": "nominatim",
        "display_name": "4, Айнабулак 1-й микрорайон, Айнабулак 1-й, Айнабулак, Жетысуский район, Алматы, 050014, Казахстан"
      },
      "geometry": {
        "type": "Polygon",
        "coordinates": [
          [
            [
              76.9117181,
              43.3211681
            ],
            [
              76.911843,
              43.3210863
            ],
            [
              76.9123943,
              43.3215323
            ],
            [
              76.9122694,
              43.3216141
            ],
            [
              76.9117181,
              43.3211681
            ]
          ]
        ]
      }
    },
    {
      "type": "Feature",
      "properties": {
        "name": "Алатау",
        "source": "nominatim",
        "display_name": "Алатау, 1/74 1/75, Зердели микрорайон, Зерделі, Коккайнар, Алатауский район, Алматы, 050047, Казахстан"
      },
      "geometry": {
        "type": "Point",
        "coordinates": [
          76.8259414,
          43.2785528
        ]
      }
    },
    {
      "type": "Feature",
      "properties": {
        "name": "Алмагуль",
        "source": "nominatim",
        "display_name": "алмагуль дом 5, 5, микрорайон Алмагуль, Алмагуль, Орбита, Бостандыкский район, Алматы, 050060, Казахстан"
      },
      "geometry": {
        "type": "Polygon",
        "coordinates": [
          [
            [
              76.9003762,
              43.2083803
            ],
            [
              76.9003896,
              43.2082805
            ],
            [
              76.9015117,
              43.2083609
            ],
            [
              76.9014982,
              43.2084607
            ],
            [
              76.9003762,
              43.2083803
            ]
          ]
        ]
      }
    },
    {
      "type": "Feature",
      "properties": {
        "name": "Алтын Бесик",
        "source": "nominatim",
        "display_name": "Алтын Бесик микрорайон, Аксай, Ауэзовский район, Алматы, A10H6G1, Казахстан"
      },
      "geometry": {
        "type": "Point",
        "coordinates": [
          76.813681,
          43.2359958
        ]
      }
    },
    {
      "type": "Feature",
      "properties": {
        "name": "Алгабас",
        "source": "nominatim",
        "display_name": "улица Ильяшева (Алгабас), микрорайон Аккент, Алатауский район, Алматы, 050038, Казахстан"
      },
      "geometry": {
        "type": "Point",
        "coordinates": [
          76.8110608,
          43.247161
        ]
      }
    },
    {
      "type": "Feature",
      "properties": {
        "name": "Алгабас-1",
        "source": "nominatim",
        "display_name": "20/1, улица Ильяшева (Алгабас), микрорайон Аккент, Алатауский район, Алматы, 050038, Казахстан"
      },
      "geometry": {
        "type": "Polygon",
        "coordinates": [
          [
            [
              76.8114898,
              43.2469515
            ],
            [
              76.8115311,
              43.2468346
            ],
            [
              76.8117101,
              43.2468682
            ],
            [
              76.8116687,
              43.246985
            ],
            [
              76.8114898,
              43.2469515
            ]
          ]
        ]
      }
    },
    {
      "type": "Feature",
      "properties": {
        "name": "Алгабас-6",
        "source": "nominatim",
        "display_name": "6, улица Ильяшева (Алгабас), микрорайон Аккент, Акбулак, Алатауский район, Алматы, 050038, Казахстан"
      },
      "geometry": {
        "type": "Polygon",
        "coordinates": [
          [
            [
              76.8121008,
              43.245384
            ],
            [
              76.81213,
              43.2453086
            ],
            [
              76.8123068,
              43.2453449
            ],
            [
              76.8122776,
              43.2454203
            ],
            [
              76.8121008,
              43.245384
            ]
          ]
        ]
      }
    },
    {
      "type": "Feature",
      "properties": {
        "name": "Акбулак",
        "source": "nominatim",
        "display_name": "улица Нурпеисова (Акбулак), микрорайон Аккент, Акбулак, Алатауский район, Алматы, 050038, Казахстан"
      },
      "geometry": {
        "type": "Point",
        "coordinates": [
          76.8206404,
          43.2455558
        ]
      }
    },
    {
      "type": "Feature",
      "properties": {
        "name": "Акбулак-1",
        "source": "nominatim",
        "display_name": "1, улица Нурпеисова (Акбулак), микрорайон Аккент, Акбулак, Алатауский район, Алматы, 050038, Казахстан"
      },
      "geometry": {
        "type": "Polygon",
        "coordinates": [
          [
            [
              76.8189016,
              43.2457105
            ],
            [
              76.8189076,
              43.2455974
            ],
            [
              76.8190535,
              43.2456015
            ],
            [
              76.8190475,
              43.2457146
            ],
            [
              76.8189016,
              43.2457105
            ]
          ]
        ]
      }
    },
    {
      "type": "Feature",
      "properties": {
        "name": "Акбулак-2",
        "source": "nominatim",
        "display_name": "2, улица Нурпеисова (Акбулак), микрорайон Аккент, Акбулак, Алатауский район, Алматы, 050038, Казахстан"
      },
      "geometry": {
        "type": "Polygon",
        "coordinates": [
          [
            [
              76.818969,
              43.24543
            ],
            [
              76.8189731,
              43.245339
            ],
            [
              76.8191284,
              43.2453427
            ],
            [
              76.8191242,
              43.2454338
            ],
            [
              76.818969,
              43.24543
            ]
          ]
        ]
      }
    },
    {
      "type": "Feature",
      "properties": {
        "name": "Баганашыл",
        "source": "nominatim",
        "display_name": "Баганашыл, Микрорайон Нур-Алатау, Бостандыкский район, Алматы, Казахстан"
      },
      "geometry": {
        "type": "Polygon",
        "coordinates": [
          [
            [
              76.9044282,
              43.180368
            ],
            [
              76.9056093,
              43.1805116
            ],
            [
              76.9086541,
              43.1808133
            ],
            [
              76.9086437,
              43.1809498
            ],
            [
              76.9086241,
              43.181187
            ],
            [
              76.9087259,
              43.1811927
            ],
            [
              76.9087225,
              43.1812313
            ],
            [
              76.9088754,
              43.1812339
            ],
            [
              76.9088502,
              43.1816212
            ],
            [
              76.9087453,
              43.1816188
            ],
            [
              76.9087391,
              43.1818372
            ],
            [
              76.9085944,
              43.1833433
            ],
            [
              76.9078983,
              43.1841308
            ],
            [
              76.9065603,
              43.1832535
            ],
            [
              76.9061633,
              43.1825416
            ],
            [
              76.9055178,
              43.1821115
            ],
            [
              76.9044325,
              43.1807196
            ],
            [
              76.9044282,
              43.180368
            ]
          ]
        ]
      }
    },
    {
      "type": "Feature",
      "properties": {
        "name": "Горный Гигант",
        "source": "nominatim",
        "display_name": "Горный Гигант, Медеуский район, Алматы, Казахстан"
      },
      "geometry": {
        "type": "Polygon",
        "coordinates": [
          [
            [
              76.9370797,
              43.2209889
            ],
            [
              76.939592,
              43.2192531
            ],
            [
              76.93997,
              43.2194579
            ],
            [
              76.9406724,
              43.2188919
            ],
            [
              76.9394672,
              43.2186604
            ],
            [
              76.9393489,
              43.21713
            ],
            [
              76.9445072,
              43.2141684
            ],
            [
              76.9440882,
              43.2139147
            ],
            [
              76.9448823,
              43.2132873
            ],
            [
              76.9439084,
              43.2115227
            ],
            [
              76.948066,
              43.2103154
            ],
            [
              76.9487024,
              43.2102991
            ],
            [
              76.9509581,
              43.2098344
            ],
            [
              76.9508553,
              43.2090855
            ],
            [
              76.9543828,
              43.2087111
            ],
            [
              76.9541088,
              43.2079955
            ],
            [
              76.9630245,
              43.2063415
            ],
            [
              76.9636557,
              43.2059497
            ],
            [
              76.9633009,
              43.2049924
            ],
            [
              76.9660246,
              43.2041792
            ],
            [
              76.9678991,
              43.2029132
            ],
            [
              76.9689596,
              43.2036601
            ],
            [
              76.9687637,
              43.2040938
            ],
            [
              76.967634,
              43.2054498
            ],
            [
              76.9664892,
              43.2066194
            ],
            [
              76.9663235,
              43.2069048
            ],
            [
              76.9657436,
              43.2072342
            ],
            [
              76.9649226,
              43.2077942
            ],
            [
              76.9642136,
              43.2078155
            ],
            [
              76.9653517,
              43.2092967
            ],
            [
              76.9649876,
              43.2104804
            ],
            [
              76.964095,
              43.2102661
            ],
            [
              76.9630423,
              43.210904
            ],
            [
              76.9641013,
              43.2115877
            ],
            [
              76.96401,
              43.2123531
            ],
            [
              76.9630454,
              43.2123074
            ],
            [
              76.9620239,
              43.2148143
            ],
            [
              76.9611675,
              43.2146328
            ],
            [
              76.9591776,
              43.2145247
            ],
            [
              76.9581559,
              43.214753
            ],
            [
              76.955326,
              43.2167896
            ],
            [
              76.9546894,
              43.2179564
            ],
            [
              76.9527971,
              43.2213317
            ],
            [
              76.9530686,
              43.2213919
            ],
            [
              76.9526991,
              43.2224365
            ],
            [
              76.9508029,
              43.2219728
            ],
            [
              76.9504005,
              43.2224678
            ],
            [
              76.9501155,
              43.222342
            ],
            [
              76.9451086,
              43.2266093
            ],
            [
              76.9421975,
              43.2248684
            ],
            [
              76.9394315,
              43.2232142
            ],
            [
              76.9370797,
              43.2209889
            ]
          ]
        ]
      }
    },
    {
      "type": "Feature",
      "properties": {
        "name": "Думан",
        "source": "nominatim",
        "display_name": "Думан, 9Б, Жетысу 2-й микрорайон, Жетысу, Жетысу-2, Ауэзовский район, Алматы, A10A4K5, Казахстан"
      },
      "geometry": {
        "type": "Point",
        "coordinates": [
          76.8413181,
          43.2254779
        ]
      }
    },
    {
      "type": "Feature",
      "properties": {
        "name": "Думан-2",
        "source": "nominatim",
        "display_name": "Думан, 9Б, Жетысу 2-й микрорайон, Жетысу, Жетысу-2, Ауэзовский район, Алматы, A10A4K5, Казахстан"
      },
      "geometry": {
        "type": "Point",
        "coordinates": [
          76.8413181,
          43.2254779
        ]
      }
    },
    {
      "type": "Feature",
      "properties": {
        "name": "Ерменсай",
        "source": "nominatim",
        "display_name": "Ерменсай, Алматы, 050023, Казахстан"
      },
      "geometry": {
        "type": "Point",
        "coordinates": [
          76.926392,
          43.185684
        ]
      }
    },
    {
      "type": "Feature",
      "properties": {
        "name": "Жас Канат",
        "source": "nominatim",
        "display_name": "Улица Жас Канат, микрорайон Жас Канат, Турксибский район, Алматы, 050054, Казахстан"
      },
      "geometry": {
        "type": "Point",
        "coordinates": [
          76.9784477,
          43.3210324
        ]
      }
    },
    {
      "type": "Feature",
      "properties": {
        "name": "Жетысу-1",
        "source": "nominatim",
        "display_name": "Жетысу 1-й микрорайон, Жетысу-1, Ауэзовский район, Алматы, A10A4K5, Казахстан"
      },
      "geometry": {
        "type": "Point",
        "coordinates": [
          76.8405702,
          43.2181677
        ]
      }
    },
    {
      "type": "Feature",
      "properties": {
        "name": "Жетысу-2",
        "source": "nominatim",
        "display_name": "54/2, Жетысу 1-й микрорайон, Жетысу-1, Ауэзовский район, Алматы, A10A4K5, Казахстан"
      },
      "geometry": {
        "type": "Polygon",
        "coordinates": [
          [
            [
              76.8406043,
              43.217448
            ],
            [
              76.8406536,
              43.217341
            ],
            [
              76.8408782,
              43.217396
            ],
            [
              76.840829,
              43.217503
            ],
            [
              76.8406043,
              43.217448
            ]
          ]
        ]
      }
    },
    {
      "type": "Feature",
      "properties": {
        "name": "Жетысу-3",
        "source": "nominatim",
        "display_name": "Жетысу-3, Ауэзовский район, Алматы, Казахстан"
      },
      "geometry": {
        "type": "Polygon",
        "coordinates": [
          [
            [
              76.8401951,
              43.2198064
            ],
            [
              76.8403877,
              43.2192618
            ],
            [
              76.8407797,
              43.2187334
            ],
            [
              76.841422,
              43.2182638
            ],
            [
              76.8421844,
              43.2180387
            ],
            [
              76.8429991,
              43.2182655
            ],
            [
              76.8436542,
              43.2184476
            ],
            [
              76.8442075,
              43.2187601
            ],
            [
              76.8442641,
              43.2187921
            ],
            [
              76.8446882,
              43.219262
            ],
            [
              76.8448807,
              43.2198067
            ],
            [
              76.8448209,
              43.2203674
            ],
            [
              76.8445125,
              43.220887
            ],
            [
              76.8439886,
              43.221305
            ],
            [
              76.8433064,
              43.2215758
            ],
            [
              76.8425403,
              43.2216698
            ],
            [
              76.841774,
              43.2215769
            ],
            [
              76.8410911,
              43.2213071
            ],
            [
              76.840566,
              43.2208899
            ],
            [
              76.8402561,
              43.2203708
            ],
            [
              76.8401951,
              43.2198064
            ]
          ]
        ]
      }
    },
    {
      "type": "Feature",
      "properties": {
        "name": "Жетысу-4",
        "source": "nominatim",
        "display_name": "16/4, Жетысу 1-й микрорайон, Жетысу-1, Ауэзовский район, Алматы, 050063, Казахстан"
      },
      "geometry": {
        "type": "Polygon",
        "coordinates": [
          [
            [
              76.8367754,
              43.2245302
            ],
            [
              76.8369042,
              43.2242155
            ],
            [
              76.8372515,
              43.2242898
            ],
            [
              76.83711,
              43.2246006
            ],
            [
              76.8367754,
              43.2245302
            ]
          ]
        ]
      }
    },
    {
      "type": "Feature",
      "properties": {
        "name": "Жулдыз-1",
        "source": "nominatim",
        "display_name": "1, улица Жулдыз, Микрорайон Нур-Алатау, Бостандыкский район, Алматы, 050023, Казахстан"
      },
      "geometry": {
        "type": "Polygon",
        "coordinates": [
          [
            [
              76.9033875,
              43.1777249
            ],
            [
              76.9035745,
              43.177716
            ],
            [
              76.9035867,
              43.1778435
            ],
            [
              76.9034118,
              43.1778524
            ],
            [
              76.9033875,
              43.1777249
            ]
          ]
        ]
      }
    },
    {
      "type": "Feature",
      "properties": {
        "name": "Жулдыз-2",
        "source": "nominatim",
        "display_name": "улица Жулдыз, Микрорайон Нур-Алатау, Бостандыкский район, Алматы, 050023, Казахстан"
      },
      "geometry": {
        "type": "Point",
        "coordinates": [
          76.9031912,
          43.176968
        ]
      }
    },
    {
      "type": "Feature",
      "properties": {
        "name": "Зердели",
        "source": "nominatim",
        "display_name": "Зердели, Зерделі, Коккайнар, Алатауский район, Алматы, Казахстан"
      },
      "geometry": {
        "type": "Polygon",
        "coordinates": [
          [
            [
              76.8162117,
              43.2806619
            ],
            [
              76.8170378,
              43.2762864
            ],
            [
              76.8211577,
              43.2765911
            ],
            [
              76.8213616,
              43.2766926
            ],
            [
              76.8222735,
              43.2776221
            ],
            [
              76.8225292,
              43.2776415
            ],
            [
              76.8274708,
              43.2780165
            ],
            [
              76.8274332,
              43.2807516
            ],
            [
              76.8271066,
              43.283184
            ],
            [
              76.8266441,
              43.2838414
            ],
            [
              76.8256311,
              43.2834848
            ],
            [
              76.8247173,
              43.2832193
            ],
            [
              76.8251196,
              43.282636
            ],
            [
              76.8229317,
              43.2820176
            ],
            [
              76.8225878,
              43.2825043
            ],
            [
              76.8219813,
              43.2822632
            ],
            [
              76.8190227,
              43.2822397
            ],
            [
              76.8169949,
              43.2816383
            ],
            [
              76.8162117,
              43.2806619
            ]
          ]
        ]
      }
    },
    {
      "type": "Feature",
      "properties": {
        "name": "Казахфильм",
        "source": "nominatim",
        "display_name": "Микрорайон Казахфильм, улица Исиналиева, Казахфильм, Микрорайон Нур-Алатау, Бостандыкский район, Алматы, 050023, Казахстан"
      },
      "geometry": {
        "type": "Point",
        "coordinates": [
          76.9021866,
          43.1910134
        ]
      }
    },
    {
      "type": "Feature",
      "properties": {
        "name": "Кайрат",
        "source": "nominatim",
        "display_name": "Кайрат, Турксибский район, Алматы, Казахстан"
      },
      "geometry": {
        "type": "Polygon",
        "coordinates": [
          [
            [
              76.9758529,
              43.2964275
            ],
            [
              76.9759662,
              43.2961401
            ],
            [
              76.9759433,
              43.2960075
            ],
            [
              76.9760244,
              43.2954303
            ],
            [
              76.9766943,
              43.2950582
            ],
            [
              76.9768194,
              43.2950253
            ],
            [
              76.9769206,
              43.2949987
            ],
            [
              76.9777612,
              43.2947778
            ],
            [
              76.9792271,
              43.2953729
            ],
            [
              76.9795597,
              43.2954969
            ],
            [
              76.9797597,
              43.295539
            ],
            [
              76.9907952,
              43.2974072
            ],
            [
              76.9908862,
              43.2974168
            ],
            [
              76.9909792,
              43.2974187
            ],
            [
              76.9910652,
              43.2974164
            ],
            [
              76.9911223,
              43.2974115
            ],
            [
              76.9911704,
              43.2974053
            ],
            [
              76.9977847,
              43.2962243
            ],
            [
              76.9982628,
              43.2963009
            ],
            [
              76.9994409,
              43.2970106
            ],
            [
              77.0076785,
              43.3024675
            ],
            [
              77.0079566,
              43.3026517
            ],
            [
              77.0080758,
              43.3027307
            ],
            [
              77.0084096,
              43.3029518
            ],
            [
              77.0116941,
              43.3052402
            ],
            [
              77.0141008,
              43.306917
            ],
            [
              77.0153436,
              43.3084135
            ],
            [
              77.0209087,
              43.3151916
            ],
            [
              77.0242103,
              43.3189096
            ],
            [
              77.0246084,
              43.3197196
            ],
            [
              77.0243125,
              43.3201849
            ],
            [
              77.0229474,
              43.3211729
            ],
            [
              77.0219488,
              43.3219344
            ],
            [
              77.0205735,
              43.3228155
            ],
            [
              77.0078212,
              43.3309852
            ],
            [
              77.0060179,
              43.3323166
            ],
            [
              77.0026966,
              43.3354231
            ],
            [
              77.0026966,
              43.3351297
            ],
            [
              77.0025763,
              43.3342853
            ],
            [
              77.0026187,
              43.3336881
            ],
            [
              77.0027462,
              43.333235
            ],
            [
              77.0027816,
              43.3326378
            ],
            [
              77.0028382,
              43.3322207
            ],
            [
              77.0029116,
              43.3319372
            ],
            [
              77.0029289,
              43.3317942
            ],
            [
              77.0028948,
              43.3314844
            ],
            [
              77.0028263,
              43.3313099
            ],
            [
              77.0027243,
              43.3311341
            ],
            [
              77.0024206,
              43.3307739
            ],
            [
              77.0022103,
              43.3305628
            ],
            [
              77.0021456,
              43.3304903
            ],
            [
              77.0020879,
              43.3303826
            ],
            [
              77.0020898,
              43.3302496
            ],
            [
              77.0021374,
              43.3301457
            ],
            [
              77.0023427,
              43.3299398
            ],
            [
              77.0024611,
              43.32982
            ],
            [
              77.0025198,
              43.3297188
            ],
            [
              77.002555,
              43.329497
            ],
            [
              77.0025267,
              43.3291777
            ],
            [
              77.0024064,
              43.3288482
            ],
            [
              77.0020312,
              43.3282921
            ],
            [
              77.0010686,
              43.3269688
            ],
            [
              77.0004315,
              43.326253
            ],
            [
              77.0001413,
              43.325836
            ],
            [
              76.9999714,
              43.325388
            ],
            [
              76.9997025,
              43.3249194
            ],
            [
              76.9995043,
              43.324698
            ],
            [
              76.9992777,
              43.3243118
            ],
            [
              76.9989663,
              43.3238586
            ],
            [
              76.9984354,
              43.3232046
            ],
            [
              76.9982108,
              43.322956
            ],
            [
              76.9903704,
              43.3260805
            ],
            [
              76.9897405,
              43.3256016
            ],
            [
              76.9885263,
              43.3248426
            ],
            [
              76.9883686,
              43.3247205
            ],
            [
              76.9870932,
              43.3235332
            ],
            [
              76.9869369,
              43.3233618
            ],
            [
              76.9861649,
              43.3224498
            ],
            [
              76.9860625,
              43.3222882
            ],
            [
              76.9841399,
              43.3189813
            ],
            [
              76.9840791,
              43.3188987
            ],
            [
              76.9839913,
              43.3188145
            ],
            [
              76.9830264,
              43.3180624
            ],
            [
              76.9829602,
              43.317991
            ],
            [
              76.9828596,
              43.3178566
            ],
            [
              76.9827971,
              43.317774
            ],
            [
              76.9827385,
              43.3177162
            ],
            [
              76.98177,
              43.3170744
            ],
            [
              76.9796669,
              43.3159085
            ],
            [
              76.9794551,
              43.3157845
            ],
            [
              76.9792892,
              43.3156837
            ],
            [
              76.9791934,
              43.3156156
            ],
            [
              76.9789924,
              43.3154383
            ],
            [
              76.9789494,
              43.3153821
            ],
            [
              76.978903,
              43.3153216
            ],
            [
              76.978829,
              43.3151829
            ],
            [
              76.9787819,
              43.3150731
            ],
            [
              76.9787236,
              43.3148075
            ],
            [
              76.9787193,
              43.3147116
            ],
            [
              76.9787371,
              43.3146003
            ],
            [
              76.9787606,
              43.3145013
            ],
            [
              76.9788554,
              43.3142477
            ],
            [
              76.9790503,
              43.3136003
            ],
            [
              76.9793156,
              43.3126186
            ],
            [
              76.9794574,
              43.3120356
            ],
            [
              76.9797102,
              43.3109051
            ],
            [
              76.9798016,
              43.3107019
            ],
            [
              76.979859,
              43.3106002
            ],
            [
              76.9802319,
              43.309761
            ],
            [
              76.9802792,
              43.3096475
            ],
            [
              76.9803141,
              43.3095088
            ],
            [
              76.9803216,
              43.3094357
            ],
            [
              76.9803144,
              43.3093773
            ],
            [
              76.9802936,
              43.3093181
            ],
            [
              76.9802444,
              43.3092633
            ],
            [
              76.9792897,
              43.3087486
            ],
            [
              76.97916,
              43.3086713
            ],
            [
              76.9790728,
              43.3086042
            ],
            [
              76.9790282,
              43.3085474
            ],
            [
              76.978936,
              43.3083733
            ],
            [
              76.9789113,
              43.3083
            ],
            [
              76.9788996,
              43.3082173
            ],
            [
              76.9788978,
              43.3081521
            ],
            [
              76.9789115,
              43.308058
            ],
            [
              76.9789326,
              43.3079665
            ],
            [
              76.9791406,
              43.3074978
            ],
            [
              76.9793448,
              43.307182
            ],
            [
              76.9799828,
              43.306593
            ],
            [
              76.9800286,
              43.3065427
            ],
            [
              76.9800569,
              43.3064937
            ],
            [
              76.9802215,
              43.3061326
            ],
            [
              76.9802549,
              43.3060721
            ],
            [
              76.9803243,
              43.3059799
            ],
            [
              76.9804346,
              43.3058652
            ],
            [
              76.9805995,
              43.3057427
            ],
            [
              76.9809073,
              43.3056016
            ],
            [
              76.9809901,
              43.3055512
            ],
            [
              76.9810447,
              43.3054934
            ],
            [
              76.9810663,
              43.3054395
            ],
            [
              76.9810777,
              43.3053729
            ],
            [
              76.9810744,
              43.3052938
            ],
            [
              76.981043,
              43.3051391
            ],
            [
              76.9806429,
              43.3038385
            ],
            [
              76.9806339,
              43.3037891
            ],
            [
              76.9806382,
              43.3037206
            ],
            [
              76.980651,
              43.3036597
            ],
            [
              76.9806498,
              43.3036108
            ],
            [
              76.9806378,
              43.3035549
            ],
            [
              76.9805612,
              43.3034018
            ],
            [
              76.9805354,
              43.3033661
            ],
            [
              76.9805013,
              43.3033383
            ],
            [
              76.9799791,
              43.3030198
            ],
            [
              76.9799432,
              43.30299
            ],
            [
              76.9799198,
              43.3029467
            ],
            [
              76.9799125,
              43.3029011
            ],
            [
              76.9799187,
              43.3025735
            ],
            [
              76.9799156,
              43.3025207
            ],
            [
              76.9798959,
              43.3024694
            ],
            [
              76.9798443,
              43.3023755
            ],
            [
              76.97983,
              43.3023123
            ],
            [
              76.9798391,
              43.3022509
            ],
            [
              76.9798567,
              43.3021678
            ],
            [
              76.9798601,
              43.3021138
            ],
            [
              76.9798321,
              43.302051
            ],
            [
              76.9797551,
              43.3019505
            ],
            [
              76.9797182,
              43.3019081
            ],
            [
              76.979675,
              43.301866
            ],
            [
              76.9793755,
              43.3016491
            ],
            [
              76.9793374,
              43.3016169
            ],
            [
              76.9792928,
              43.3015611
            ],
            [
              76.97904,
              43.3011209
            ],
            [
              76.9790154,
              43.301038
            ],
            [
              76.9789776,
              43.3007993
            ],
            [
              76.9789751,
              43.3007417
            ],
            [
              76.9789837,
              43.3006893
            ],
            [
              76.9790302,
              43.3005694
            ],
            [
              76.9790375,
              43.300519
            ],
            [
              76.979019,
              43.3004712
            ],
            [
              76.9789861,
              43.3004292
            ],
            [
              76.9789599,
              43.3003901
            ],
            [
              76.9789517,
              43.3003487
            ],
            [
              76.9789346,
              43.2999851
            ],
            [
              76.9789312,
              43.2999279
            ],
            [
              76.9789157,
              43.299862
            ],
            [
              76.9785643,
              43.2986893
            ],
            [
              76.978533,
              43.2986097
            ],
            [
              76.9784725,
              43.298533
            ],
            [
              76.9780877,
              43.2982032
            ],
            [
              76.9780404,
              43.2981466
            ],
            [
              76.9780123,
              43.2980854
            ],
            [
              76.9780072,
              43.2980331
            ],
            [
              76.9780124,
              43.2979543
            ],
            [
              76.9779741,
              43.2978937
            ],
            [
              76.9778993,
              43.297858
            ],
            [
              76.9777864,
              43.2978172
            ],
            [
              76.9775018,
              43.2977494
            ],
            [
              76.977408,
              43.2977073
            ],
            [
              76.9773376,
              43.2976568
            ],
            [
              76.9772686,
              43.2975842
            ],
            [
              76.9771922,
              43.2975027
            ],
            [
              76.9771147,
              43.2974484
            ],
            [
              76.9769762,
              43.2973849
            ],
            [
              76.9768329,
              43.2973499
            ],
            [
              76.9767722,
              43.2972984
            ],
            [
              76.9763547,
              43.2968026
            ],
            [
              76.9758529,
              43.2964275
            ]
          ]
        ]
      }
    },
    {
      "type": "Feature",
      "properties": {
        "name": "Калкаман-1",
        "source": "nominatim",
        "display_name": "Калкаман-1, Шугыла, Наурызбайский район, Алматы, A10H6G1, Казахстан"
      },
      "geometry": {
        "type": "Point",
        "coordinates": [
          76.8074372,
          43.2320995
        ]
      }
    },
    {
      "type": "Feature",
      "properties": {
        "name": "Калкаман-2",
        "source": "nominatim",
        "display_name": "Калкаман-3, 2, улица Сагатая Маркабаева, Курамыс, Наурызбайский район, Алматы, 050006, Казахстан"
      },
      "geometry": {
        "type": "Polygon",
        "coordinates": [
          [
            [
              76.8309145,
              43.1989555
            ],
            [
              76.8310364,
              43.1988311
            ],
            [
              76.8311462,
              43.1988725
            ],
            [
              76.8310324,
              43.1990029
            ],
            [
              76.8309145,
              43.1989555
            ]
          ]
        ]
      }
    },
    {
      "type": "Feature",
      "properties": {
        "name": "Каменка",
        "source": "nominatim",
        "display_name": "Каменка, Рынок, Курамыс, Наурызбайский район, Алматы, Казахстан"
      },
      "geometry": {
        "type": "Polygon",
        "coordinates": [
          [
            [
              76.8387544,
              43.1962464
            ],
            [
              76.8388217,
              43.1961499
            ],
            [
              76.8425566,
              43.1924659
            ],
            [
              76.8435652,
              43.1929664
            ],
            [
              76.8399788,
              43.1967496
            ],
            [
              76.8399453,
              43.1967958
            ],
            [
              76.8387544,
              43.1962464
            ]
          ]
        ]
      }
    },
    {
      "type": "Feature",
      "properties": {
        "name": "Карагайлы",
        "source": "nominatim",
        "display_name": "Карагайлы, Наурызбайский район, Алматы, 050070, Казахстан"
      },
      "geometry": {
        "type": "Point",
        "coordinates": [
          76.8507745,
          43.1655386
        ]
      }
    },
    {
      "type": "Feature",
      "properties": {
        "name": "Кокжиек",
        "source": "nominatim",
        "display_name": "Кокжиек, Жетысуский район, Алматы, Казахстан"
      },
      "geometry": {
        "type": "Polygon",
        "coordinates": [
          [
            [
              76.9171133,
              43.356527
            ],
            [
              76.9173539,
              43.356352
            ],
            [
              76.9180335,
              43.3561153
            ],
            [
              76.9194067,
              43.3558065
            ],
            [
              76.9249136,
              43.3545096
            ],
            [
              76.9254374,
              43.3544169
            ],
            [
              76.9258197,
              43.3544581
            ],
            [
              76.9260887,
              43.3546434
            ],
            [
              76.9266266,
              43.355405
            ],
            [
              76.9268814,
              43.3556727
            ],
            [
              76.9257772,
              43.3566094
            ],
            [
              76.9257347,
              43.3578858
            ],
            [
              76.9232007,
              43.3604385
            ],
            [
              76.9218869,
              43.3598015
            ],
            [
              76.9177886,
              43.3574345
            ],
            [
              76.9171133,
              43.356527
            ]
          ]
        ]
      }
    },
    {
      "type": "Feature",
      "properties": {
        "name": "Коктем-1",
        "source": "nominatim",
        "display_name": "1, Коктем 1-й микрорайон, Коктем 1, Коктем, Бостандыкский район, Алматы, 050040, Казахстан"
      },
      "geometry": {
        "type": "Polygon",
        "coordinates": [
          [
            [
              76.927271,
              43.2274436
            ],
            [
              76.9273788,
              43.227359
            ],
            [
              76.9278027,
              43.2276454
            ],
            [
              76.9277704,
              43.2279328
            ],
            [
              76.9276235,
              43.2279241
            ],
            [
              76.9276487,
              43.2276991
            ],
            [
              76.927271,
              43.2274436
            ]
          ]
        ]
      }
    },
    {
      "type": "Feature",
      "properties": {
        "name": "Коктем-2",
        "source": "nominatim",
        "display_name": "2, Коктем 2-й микрорайон, Коктем 2, Коктем, Бостандыкский район, Алматы, 050040, Казахстан"
      },
      "geometry": {
        "type": "Polygon",
        "coordinates": [
          [
            [
              76.919997,
              43.2273092
            ],
            [
              76.9200138,
              43.2271859
            ],
            [
              76.9216004,
              43.2273005
            ],
            [
              76.9221692,
              43.2273415
            ],
            [
              76.9224422,
              43.2273613
            ],
            [
              76.9224254,
              43.2274846
            ],
            [
              76.9200908,
              43.227316
            ],
            [
              76.919997,
              43.2273092
            ]
          ]
        ]
      }
    },
    {
      "type": "Feature",
      "properties": {
        "name": "Коктем-3",
        "source": "nominatim",
        "display_name": "3, Коктем 3-й микрорайон, Коктем 3, Коктем, Бостандыкский район, Алматы, 050008, Казахстан"
      },
      "geometry": {
        "type": "Polygon",
        "coordinates": [
          [
            [
              76.9155924,
              43.2318102
            ],
            [
              76.91561,
              43.2316799
            ],
            [
              76.9164256,
              43.2317328
            ],
            [
              76.9164113,
              43.23185
            ],
            [
              76.9155924,
              43.2318102
            ]
          ]
        ]
      }
    },
    {
      "type": "Feature",
      "properties": {
        "name": "Кулагер",
        "source": "nominatim",
        "display_name": "Кулагер, 34а, Кулагер микрорайон, Кулагер, Жетысуский район, Алматы, 050064, Казахстан"
      },
      "geometry": {
        "type": "Polygon",
        "coordinates": [
          [
            [
              76.9231579,
              43.3055993
            ],
            [
              76.9231585,
              43.3054977
            ],
            [
              76.9233388,
              43.3054982
            ],
            [
              76.9233381,
              43.3056039
            ],
            [
              76.9231579,
              43.3055993
            ]
          ]
        ]
      }
    },
    {
      "type": "Feature",
      "properties": {
        "name": "Мамыр-1",
        "source": "nominatim",
        "display_name": "1, улица Мамыр, Микрорайон Нур-Алатау, Бостандыкский район, Алматы, 050023, Казахстан"
      },
      "geometry": {
        "type": "Polygon",
        "coordinates": [
          [
            [
              76.903345,
              43.1938176
            ],
            [
              76.9036213,
              43.1937429
            ],
            [
              76.903739,
              43.1939741
            ],
            [
              76.9034627,
              43.1940489
            ],
            [
              76.903345,
              43.1938176
            ]
          ]
        ]
      }
    },
    {
      "type": "Feature",
      "properties": {
        "name": "Мамыр-2",
        "source": "nominatim",
        "display_name": "2, улица Мамыр, Микрорайон Нур-Алатау, Бостандыкский район, Алматы, 050023, Казахстан"
      },
      "geometry": {
        "type": "Polygon",
        "coordinates": [
          [
            [
              76.9035716,
              43.1941437
            ],
            [
              76.9037182,
              43.1941157
            ],
            [
              76.9037576,
              43.1942258
            ],
            [
              76.9036111,
              43.1942537
            ],
            [
              76.9035716,
              43.1941437
            ]
          ]
        ]
      }
    },
    {
      "type": "Feature",
      "properties": {
        "name": "Мамыр-3",
        "source": "nominatim",
        "display_name": "3, улица Мамыр, Микрорайон Нур-Алатау, Бостандыкский район, Алматы, 050023, Казахстан"
      },
      "geometry": {
        "type": "Polygon",
        "coordinates": [
          [
            [
              76.9029778,
              43.1939117
            ],
            [
              76.9031282,
              43.1938821
            ],
            [
              76.9031607,
              43.1940184
            ],
            [
              76.9030063,
              43.1940392
            ],
            [
              76.9029778,
              43.1939117
            ]
          ]
        ]
      }
    },
    {
      "type": "Feature",
      "properties": {
        "name": "Мамыр-4",
        "source": "nominatim",
        "display_name": "4, улица Мамыр, Микрорайон Нур-Алатау, Бостандыкский район, Алматы, 050023, Казахстан"
      },
      "geometry": {
        "type": "Polygon",
        "coordinates": [
          [
            [
              76.9032709,
              43.1941409
            ],
            [
              76.9033512,
              43.1941279
            ],
            [
              76.9033914,
              43.19426
            ],
            [
              76.9033112,
              43.194273
            ],
            [
              76.9032709,
              43.1941409
            ]
          ]
        ]
      }
    },
    {
      "type": "Feature",
      "properties": {
        "name": "Мамыр-5",
        "source": "nominatim",
        "display_name": "5, улица Мамыр, Микрорайон Нур-Алатау, Бостандыкский район, Алматы, 050023, Казахстан"
      },
      "geometry": {
        "type": "Polygon",
        "coordinates": [
          [
            [
              76.9026485,
              43.1940721
            ],
            [
              76.902655,
              43.193959
            ],
            [
              76.9026487,
              43.1939589
            ],
            [
              76.9026555,
              43.1938159
            ],
            [
              76.9027847,
              43.1938191
            ],
            [
              76.9027788,
              43.1939456
            ],
            [
              76.9028601,
              43.1939494
            ],
            [
              76.9029573,
              43.1939527
            ],
            [
              76.902951,
              43.1940515
            ],
            [
              76.9028538,
              43.1940482
            ],
            [
              76.9027273,
              43.1940423
            ],
            [
              76.9027242,
              43.1940744
            ],
            [
              76.9026485,
              43.1940721
            ]
          ]
        ]
      }
    },
    {
      "type": "Feature",
      "properties": {
        "name": "Мамыр-6",
        "source": "nominatim",
        "display_name": "6, улица Мамыр, Микрорайон Нур-Алатау, Бостандыкский район, Алматы, 050023, Казахстан"
      },
      "geometry": {
        "type": "Polygon",
        "coordinates": [
          [
            [
              76.9030945,
              43.1941608
            ],
            [
              76.9032349,
              43.1941576
            ],
            [
              76.9032397,
              43.1942691
            ],
            [
              76.9030994,
              43.1942724
            ],
            [
              76.9030945,
              43.1941608
            ]
          ]
        ]
      }
    },
    {
      "type": "Feature",
      "properties": {
        "name": "Мамыр-7",
        "source": "nominatim",
        "display_name": "7, улица Мамыр, Микрорайон Нур-Алатау, Бостандыкский район, Алматы, 050023, Казахстан"
      },
      "geometry": {
        "type": "Polygon",
        "coordinates": [
          [
            [
              76.9025509,
              43.1936954
            ],
            [
              76.9027176,
              43.1936805
            ],
            [
              76.9027176,
              43.1937843
            ],
            [
              76.9025672,
              43.1938021
            ],
            [
              76.9025509,
              43.1936954
            ]
          ]
        ]
      }
    },
    {
      "type": "Feature",
      "properties": {
        "name": "Мирас",
        "source": "nominatim",
        "display_name": "Мирас Парк, ЖК, 31/1, Мирас микрорайон, Мирас, Каргалы, Бостандыкский район, Алматы, A17C7P0, Казахстан"
      },
      "geometry": {
        "type": "Polygon",
        "coordinates": [
          [
            [
              76.8747109,
              43.1877045
            ],
            [
              76.8747624,
              43.1875548
            ],
            [
              76.8747943,
              43.1875606
            ],
            [
              76.8748704,
              43.1873393
            ],
            [
              76.8757513,
              43.1875002
            ],
            [
              76.8756789,
              43.1877107
            ],
            [
              76.8757327,
              43.1877205
            ],
            [
              76.8756809,
              43.1878713
            ],
            [
              76.8753957,
              43.1878192
            ],
            [
              76.8754565,
              43.1876423
            ],
            [
              76.8750524,
              43.1875684
            ],
            [
              76.8749882,
              43.1877552
            ],
            [
              76.8747109,
              43.1877045
            ]
          ]
        ]
      }
    },
    {
      "type": "Feature",
      "properties": {
        "name": "Нур Алатау",
        "source": "nominatim",
        "display_name": "улица Алма 3 (Нур Алатау м-н), Микрорайон Нур-Алатау, Бостандыкский район, Алматы, 050023, Казахстан"
      },
      "geometry": {
        "type": "Point",
        "coordinates": [
          76.9127913,
          43.1899265
        ]
      }
    },
    {
      "type": "Feature",
      "properties": {
        "name": "Нуркент",
        "source": "nominatim",
        "display_name": "Микрорайон Нуркент, улица Онгарсыновой, микрорайон Аккент, Алатауский район, Алматы, A10H6G1, Казахстан"
      },
      "geometry": {
        "type": "Point",
        "coordinates": [
          76.8057914,
          43.2407208
        ]
      }
    },
    {
      "type": "Feature",
      "properties": {
        "name": "Орбита-1",
        "source": "nominatim",
        "display_name": "1, Орбита 1-й микрорайон, Орбита-1, Орбита, Бостандыкский район, Алматы, 050042, Казахстан"
      },
      "geometry": {
        "type": "Polygon",
        "coordinates": [
          [
            [
              76.8849458,
              43.2034155
            ],
            [
              76.8851593,
              43.202789
            ],
            [
              76.8853292,
              43.2028198
            ],
            [
              76.8851157,
              43.2034462
            ],
            [
              76.8849458,
              43.2034155
            ]
          ]
        ]
      }
    },
    {
      "type": "Feature",
      "properties": {
        "name": "Орбита-2",
        "source": "nominatim",
        "display_name": "orbita, Кафе, 2А, Орбита 1-й микрорайон, Орбита-1, Орбита, Бостандыкский район, Алматы, 050042, Казахстан"
      },
      "geometry": {
        "type": "Polygon",
        "coordinates": [
          [
            [
              76.8855886,
              43.2016147
            ],
            [
              76.8856259,
              43.2014994
            ],
            [
              76.8859541,
              43.2015558
            ],
            [
              76.8859168,
              43.2016712
            ],
            [
              76.8855886,
              43.2016147
            ]
          ]
        ]
      }
    },
    {
      "type": "Feature",
      "properties": {
        "name": "Орбита-3",
        "source": "nominatim",
        "display_name": "3, Орбита 3-й микрорайон, Орбита-3, Орбита, Бостандыкский район, Алматы, 050042, Казахстан"
      },
      "geometry": {
        "type": "Polygon",
        "coordinates": [
          [
            [
              76.8787691,
              43.2017676
            ],
            [
              76.878965,
              43.2011829
            ],
            [
              76.8789815,
              43.2011337
            ],
            [
              76.8791309,
              43.2011603
            ],
            [
              76.8791133,
              43.2012129
            ],
            [
              76.8790996,
              43.2012538
            ],
            [
              76.8790886,
              43.2012865
            ],
            [
              76.8790619,
              43.2013662
            ],
            [
              76.8790036,
              43.2015401
            ],
            [
              76.8790013,
              43.201547
            ],
            [
              76.8789644,
              43.2016569
            ],
            [
              76.8789184,
              43.2017942
            ],
            [
              76.8787691,
              43.2017676
            ]
          ]
        ]
      }
    },
    {
      "type": "Feature",
      "properties": {
        "name": "Орбита-4",
        "source": "nominatim",
        "display_name": "4, Орбита 4-й микрорайон, Орбита-4, Орбита, Бостандыкский район, Алматы, 050043, Казахстан"
      },
      "geometry": {
        "type": "Polygon",
        "coordinates": [
          [
            [
              76.8790453,
              43.1968255
            ],
            [
              76.8790821,
              43.1967224
            ],
            [
              76.8801753,
              43.1969298
            ],
            [
              76.8801385,
              43.1970329
            ],
            [
              76.8790453,
              43.1968255
            ]
          ]
        ]
      }
    },
    {
      "type": "Feature",
      "properties": {
        "name": "Рахат",
        "source": "nominatim",
        "display_name": "Рахат, Жетысу 1-й микрорайон, Жетысу-1, Ауэзовский район, Алматы, A10A4K5, Казахстан"
      },
      "geometry": {
        "type": "Point",
        "coordinates": [
          76.8408674,
          43.21819
        ]
      }
    },
    {
      "type": "Feature",
      "properties": {
        "name": "Сайран",
        "source": "nominatim",
        "display_name": "Сайран, Ауэзовский район, Алматы, Казахстан"
      },
      "geometry": {
        "type": "Polygon",
        "coordinates": [
          [
            [
              76.8584894,
              43.2410117
            ],
            [
              76.860605,
              43.236721
            ],
            [
              76.860757,
              43.2365812
            ],
            [
              76.8609386,
              43.2364705
            ],
            [
              76.8610017,
              43.2364231
            ],
            [
              76.8638429,
              43.2350952
            ],
            [
              76.8639947,
              43.2350242
            ],
            [
              76.8640319,
              43.2350069
            ],
            [
              76.8641208,
              43.2349653
            ],
            [
              76.865397,
              43.2343594
            ],
            [
              76.865621,
              43.234253
            ],
            [
              76.8662766,
              43.2339136
            ],
            [
              76.8667501,
              43.233639
            ],
            [
              76.8668317,
              43.2335917
            ],
            [
              76.8678286,
              43.2328691
            ],
            [
              76.8679304,
              43.2327953
            ],
            [
              76.8681988,
              43.2326008
            ],
            [
              76.8688201,
              43.2321504
            ],
            [
              76.8689561,
              43.2320992
            ],
            [
              76.8690728,
              43.2320923
            ],
            [
              76.8691453,
              43.2321102
            ],
            [
              76.8696897,
              43.2324812
            ],
            [
              76.8696441,
              43.2325682
            ],
            [
              76.869628,
              43.2326278
            ],
            [
              76.8696625,
              43.232721
            ],
            [
              76.8700936,
              43.2331446
            ],
            [
              76.8692029,
              43.2339465
            ],
            [
              76.8686875,
              43.2350296
            ],
            [
              76.8677859,
              43.2360811
            ],
            [
              76.8660713,
              43.2368716
            ],
            [
              76.8650577,
              43.2378669
            ],
            [
              76.862771,
              43.2405614
            ],
            [
              76.8609713,
              43.2416489
            ],
            [
              76.8584894,
              43.2410117
            ]
          ]
        ]
      }
    },
    {
      "type": "Feature",
      "properties": {
        "name": "Самал-1",
        "source": "nominatim",
        "display_name": "Самал 1, Медеуский район, Алматы, Казахстан"
      },
      "geometry": {
        "type": "Polygon",
        "coordinates": [
          [
            [
              76.9491408,
              43.23682
            ],
            [
              76.9491949,
              43.2364055
            ],
            [
              76.9492006,
              43.2363574
            ],
            [
              76.949258,
              43.2359208
            ],
            [
              76.9492647,
              43.2358692
            ],
            [
              76.9492715,
              43.2358176
            ],
            [
              76.9492774,
              43.2357722
            ],
            [
              76.9492824,
              43.2357381
            ],
            [
              76.949389,
              43.2349583
            ],
            [
              76.9494008,
              43.2348637
            ],
            [
              76.9495158,
              43.2339882
            ],
            [
              76.9495178,
              43.2339523
            ],
            [
              76.949536,
              43.2339281
            ],
            [
              76.9495674,
              43.2339016
            ],
            [
              76.9495929,
              43.2338932
            ],
            [
              76.9496157,
              43.2338857
            ],
            [
              76.9496854,
              43.2338808
            ],
            [
              76.9497614,
              43.2338788
            ],
            [
              76.9498383,
              43.2338829
            ],
            [
              76.9533649,
              43.2341487
            ],
            [
              76.9551326,
              43.2342712
            ],
            [
              76.9572468,
              43.2344263
            ],
            [
              76.9583626,
              43.2345104
            ],
            [
              76.9575853,
              43.2366565
            ],
            [
              76.9574062,
              43.2380942
            ],
            [
              76.9572151,
              43.2380835
            ],
            [
              76.9571557,
              43.2380802
            ],
            [
              76.9570281,
              43.2380731
            ],
            [
              76.9560717,
              43.2380196
            ],
            [
              76.9528592,
              43.2369793
            ],
            [
              76.9518597,
              43.2369696
            ],
            [
              76.9518272,
              43.2369689
            ],
            [
              76.9510029,
              43.2369518
            ],
            [
              76.9492828,
              43.2368258
            ],
            [
              76.9492289,
              43.2368235
            ],
            [
              76.9491408,
              43.23682
            ]
          ]
        ]
      }
    },
    {
      "type": "Feature",
      "properties": {
        "name": "Самал-2",
        "source": "nominatim",
        "display_name": "Самал 2, Медеуский район, Алматы, 050051, Казахстан"
      },
      "geometry": {
        "type": "Polygon",
        "coordinates": [
          [
            [
              76.949635,
              43.2333482
            ],
            [
              76.9496986,
              43.2329369
            ],
            [
              76.9496558,
              43.2329331
            ],
            [
              76.9496583,
              43.2329096
            ],
            [
              76.949661,
              43.2328832
            ],
            [
              76.9497061,
              43.2328832
            ],
            [
              76.9497767,
              43.2323306
            ],
            [
              76.9503332,
              43.2285083
            ],
            [
              76.9503964,
              43.2284219
            ],
            [
              76.9505583,
              43.2283284
            ],
            [
              76.9507914,
              43.2283155
            ],
            [
              76.9539353,
              43.2284972
            ],
            [
              76.9555072,
              43.2285881
            ],
            [
              76.9566407,
              43.2287867
            ],
            [
              76.9600137,
              43.2290299
            ],
            [
              76.9601183,
              43.2290687
            ],
            [
              76.9601638,
              43.229109
            ],
            [
              76.9602131,
              43.229181
            ],
            [
              76.9602783,
              43.2293277
            ],
            [
              76.9602774,
              43.2294687
            ],
            [
              76.9601852,
              43.2298244
            ],
            [
              76.9600119,
              43.2302295
            ],
            [
              76.9584421,
              43.2338796
            ],
            [
              76.9585564,
              43.2339276
            ],
            [
              76.9584331,
              43.2342087
            ],
            [
              76.9583598,
              43.2343096
            ],
            [
              76.9582967,
              43.2343303
            ],
            [
              76.9582298,
              43.2343295
            ],
            [
              76.9529576,
              43.2339527
            ],
            [
              76.950423,
              43.2337716
            ],
            [
              76.9501043,
              43.2337488
            ],
            [
              76.9500263,
              43.233682
            ],
            [
              76.949995,
              43.2336484
            ],
            [
              76.9499708,
              43.2336088
            ],
            [
              76.9499357,
              43.2335629
            ],
            [
              76.9498638,
              43.2334989
            ],
            [
              76.9497898,
              43.2334475
            ],
            [
              76.9497195,
              43.233401
            ],
            [
              76.9496617,
              43.2333697
            ],
            [
              76.949635,
              43.2333482
            ]
          ]
        ]
      }
    },
    {
      "type": "Feature",
      "properties": {
        "name": "Самал-3",
        "source": "nominatim",
        "display_name": "3, Самал 3-й микрорайон, Самал 3, Медеуский район, Алматы, 050051, Казахстан"
      },
      "geometry": {
        "type": "Polygon",
        "coordinates": [
          [
            [
              76.960144,
              43.2265915
            ],
            [
              76.9601852,
              43.2264829
            ],
            [
              76.9606094,
              43.2265683
            ],
            [
              76.9605683,
              43.2266769
            ],
            [
              76.96049,
              43.2266611
            ],
            [
              76.9602063,
              43.226604
            ],
            [
              76.960144,
              43.2265915
            ]
          ]
        ]
      }
    },
    {
      "type": "Feature",
      "properties": {
        "name": "Саялы",
        "source": "nominatim",
        "display_name": "Саялы, Коккайнар, Алатауский район, Алматы, Казахстан"
      },
      "geometry": {
        "type": "Polygon",
        "coordinates": [
          [
            [
              76.8383955,
              43.3061615
            ],
            [
              76.8386119,
              43.3049235
            ],
            [
              76.840579,
              43.3012564
            ],
            [
              76.8411937,
              43.3011063
            ],
            [
              76.8416034,
              43.3022387
            ],
            [
              76.8412597,
              43.3030086
            ],
            [
              76.8431124,
              43.3097732
            ],
            [
              76.8430085,
              43.3098052
            ],
            [
              76.8408515,
              43.3104688
            ],
            [
              76.8383955,
              43.3061615
            ]
          ]
        ]
      }
    },
    {
      "type": "Feature",
      "properties": {
        "name": "Таугуль-1",
        "source": "nominatim",
        "display_name": "1, улица Таугуль, Алмас, Ауэзовский район, Алматы, 050006, Казахстан"
      },
      "geometry": {
        "type": "Polygon",
        "coordinates": [
          [
            [
              76.836983,
              43.2039565
            ],
            [
              76.8370449,
              43.20384
            ],
            [
              76.8374556,
              43.2039559
            ],
            [
              76.8373937,
              43.2040724
            ],
            [
              76.836983,
              43.2039565
            ]
          ]
        ]
      }
    },
    {
      "type": "Feature",
      "properties": {
        "name": "Таугуль-2",
        "source": "nominatim",
        "display_name": "2, улица Таугуль, Алмас, Ауэзовский район, Алматы, 050006, Казахстан"
      },
      "geometry": {
        "type": "Polygon",
        "coordinates": [
          [
            [
              76.8372926,
              43.2043804
            ],
            [
              76.8374643,
              43.2040786
            ],
            [
              76.8376164,
              43.2041246
            ],
            [
              76.8374447,
              43.2044263
            ],
            [
              76.8372926,
              43.2043804
            ]
          ]
        ]
      }
    },
    {
      "type": "Feature",
      "properties": {
        "name": "Таугуль-3",
        "source": "nominatim",
        "display_name": "Taugul-3, улица Альма-матер, Рахат, Наурызбайский район, Алматы, 050070, Казахстан"
      },
      "geometry": {
        "type": "Point",
        "coordinates": [
          76.85643,
          43.1943677
        ]
      }
    },
    {
      "type": "Feature",
      "properties": {
        "name": "Тастак-1",
        "source": "nominatim",
        "display_name": "1, Тастак 1-й микрорайон, Тастак 1, Ауэзовский район, Алматы, A10E9T7, Казахстан"
      },
      "geometry": {
        "type": "Polygon",
        "coordinates": [
          [
            [
              76.8594832,
              43.2494184
            ],
            [
              76.8595239,
              43.2492997
            ],
            [
              76.8613528,
              43.2496318
            ],
            [
              76.8613122,
              43.2497505
            ],
            [
              76.8594832,
              43.2494184
            ]
          ]
        ]
      }
    },
    {
      "type": "Feature",
      "properties": {
        "name": "Тастак-2",
        "source": "nominatim",
        "display_name": "2, Тастак 2-й микрорайон, Тастак 2, Панорама, Тастак, Алмалинский район, Алматы, A10E9Y6, Казахстан"
      },
      "geometry": {
        "type": "Polygon",
        "coordinates": [
          [
            [
              76.8693923,
              43.2549128
            ],
            [
              76.869408,
              43.2547825
            ],
            [
              76.8709782,
              43.2548828
            ],
            [
              76.8709625,
              43.2550131
            ],
            [
              76.8693923,
              43.2549128
            ]
          ]
        ]
      }
    },
    {
      "type": "Feature",
      "properties": {
        "name": "Тастак-3",
        "source": "nominatim",
        "display_name": "3, Тастак 2-й микрорайон, Тастак 2, Панорама, Тастак, Алмалинский район, Алматы, A10E9Y6, Казахстан"
      },
      "geometry": {
        "type": "Polygon",
        "coordinates": [
          [
            [
              76.8708222,
              43.2547913
            ],
            [
              76.8708884,
              43.2543594
            ],
            [
              76.8710764,
              43.2543746
            ],
            [
              76.8710102,
              43.2548066
            ],
            [
              76.8708222,
              43.2547913
            ]
          ]
        ]
      }
    },
    {
      "type": "Feature",
      "properties": {
        "name": "Улжан-1",
        "source": "nominatim",
        "display_name": "Улжан 1, Алатауский район, Алматы, Казахстан"
      },
      "geometry": {
        "type": "Polygon",
        "coordinates": [
          [
            [
              76.864779,
              43.2998901
            ],
            [
              76.8683409,
              43.2954549
            ],
            [
              76.868062,
              43.2926124
            ],
            [
              76.8677401,
              43.2909569
            ],
            [
              76.8682018,
              43.2877459
            ],
            [
              76.8665405,
              43.2821169
            ],
            [
              76.8667878,
              43.2797244
            ],
            [
              76.8682843,
              43.2796217
            ],
            [
              76.8691986,
              43.2841189
            ],
            [
              76.8705582,
              43.2909693
            ],
            [
              76.8723839,
              43.2918696
            ],
            [
              76.8730962,
              43.2937234
            ],
            [
              76.874742,
              43.2947553
            ],
            [
              76.8766306,
              43.2979737
            ],
            [
              76.8782116,
              43.2997438
            ],
            [
              76.8785177,
              43.3038364
            ],
            [
              76.879748,
              43.306416
            ],
            [
              76.8786191,
              43.3068991
            ],
            [
              76.8690449,
              43.3100541
            ],
            [
              76.8675005,
              43.3059502
            ],
            [
              76.8674714,
              43.3054012
            ],
            [
              76.8672857,
              43.3043897
            ],
            [
              76.8653369,
              43.3018577
            ],
            [
              76.864779,
              43.2998901
            ]
          ]
        ]
      }
    },
    {
      "type": "Feature",
      "properties": {
        "name": "Улжан-2",
        "source": "nominatim",
        "display_name": "Улжан 2, Алатауский район, Алматы, Казахстан"
      },
      "geometry": {
        "type": "Polygon",
        "coordinates": [
          [
            [
              76.8744704,
              43.2926034
            ],
            [
              76.8745358,
              43.2921132
            ],
            [
              76.8745891,
              43.2916599
            ],
            [
              76.8758131,
              43.29144
            ],
            [
              76.8773315,
              43.2929641
            ],
            [
              76.8795054,
              43.2951745
            ],
            [
              76.8824944,
              43.296303
            ],
            [
              76.8833735,
              43.2988274
            ],
            [
              76.8849719,
              43.3033408
            ],
            [
              76.8860968,
              43.3032061
            ],
            [
              76.8862482,
              43.304247
            ],
            [
              76.8857588,
              43.3043468
            ],
            [
              76.8839139,
              43.3050939
            ],
            [
              76.8819182,
              43.30574
            ],
            [
              76.8804484,
              43.3061325
            ],
            [
              76.8796972,
              43.3040969
            ],
            [
              76.8802087,
              43.3030035
            ],
            [
              76.8798251,
              43.3000489
            ],
            [
              76.8776832,
              43.2988739
            ],
            [
              76.8759249,
              43.2959074
            ],
            [
              76.8753655,
              43.2938017
            ],
            [
              76.8744704,
              43.2926034
            ]
          ]
        ]
      }
    },
    {
      "type": "Feature",
      "properties": {
        "name": "Шанырак-1",
        "source": "nominatim",
        "display_name": "Шанырак 1, Алатауский район, Алматы, Казахстан"
      },
      "geometry": {
        "type": "Polygon",
        "coordinates": [
          [
            [
              76.8555424,
              43.2944165
            ],
            [
              76.855637,
              43.293847
            ],
            [
              76.8557382,
              43.2932373
            ],
            [
              76.8557526,
              43.2931637
            ],
            [
              76.8558817,
              43.2925053
            ],
            [
              76.8560188,
              43.2918061
            ],
            [
              76.8561191,
              43.2912948
            ],
            [
              76.8561531,
              43.2911717
            ],
            [
              76.8563251,
              43.2905493
            ],
            [
              76.8565197,
              43.2899958
            ],
            [
              76.8566104,
              43.2899198
            ],
            [
              76.8571765,
              43.2899773
            ],
            [
              76.8574635,
              43.2900126
            ],
            [
              76.8583183,
              43.2901429
            ],
            [
              76.8584845,
              43.2891985
            ],
            [
              76.85849,
              43.2891717
            ],
            [
              76.8586105,
              43.2885067
            ],
            [
              76.8587399,
              43.2878417
            ],
            [
              76.8590925,
              43.2861101
            ],
            [
              76.8591681,
              43.2858042
            ],
            [
              76.859179,
              43.2856994
            ],
            [
              76.8591721,
              43.2856411
            ],
            [
              76.8591413,
              43.2856059
            ],
            [
              76.8590841,
              43.2855643
            ],
            [
              76.8590797,
              43.2854922
            ],
            [
              76.8591237,
              43.2853705
            ],
            [
              76.8591281,
              43.2852664
            ],
            [
              76.8591347,
              43.2851528
            ],
            [
              76.8591868,
              43.2850154
            ],
            [
              76.8592718,
              43.2848992
            ],
            [
              76.8590737,
              43.2848535
            ],
            [
              76.8589428,
              43.2848242
            ],
            [
              76.858849,
              43.2847738
            ],
            [
              76.8589809,
              43.2839103
            ],
            [
              76.8590303,
              43.2837455
            ],
            [
              76.8592693,
              43.2829488
            ],
            [
              76.8593709,
              43.28261
            ],
            [
              76.8594807,
              43.2822438
            ],
            [
              76.8596129,
              43.2820219
            ],
            [
              76.8597793,
              43.2818639
            ],
            [
              76.8599893,
              43.281767
            ],
            [
              76.8602278,
              43.2815619
            ],
            [
              76.8603235,
              43.2814531
            ],
            [
              76.8604953,
              43.281189
            ],
            [
              76.8607355,
              43.2809186
            ],
            [
              76.8610993,
              43.2806635
            ],
            [
              76.8612007,
              43.280515
            ],
            [
              76.8613239,
              43.2803277
            ],
            [
              76.8618526,
              43.2799276
            ],
            [
              76.8625588,
              43.2793932
            ],
            [
              76.8625906,
              43.279334
            ],
            [
              76.8625827,
              43.2792612
            ],
            [
              76.8623098,
              43.2789819
            ],
            [
              76.8622261,
              43.2789211
            ],
            [
              76.861826,
              43.2786303
            ],
            [
              76.8623364,
              43.2781778
            ],
            [
              76.8624907,
              43.2779447
            ],
            [
              76.8626322,
              43.2775187
            ],
            [
              76.86333,
              43.2756844
            ],
            [
              76.8641276,
              43.275808
            ],
            [
              76.8642945,
              43.2758118
            ],
            [
              76.8644338,
              43.2758149
            ],
            [
              76.8646163,
              43.2757369
            ],
            [
              76.8647664,
              43.2757329
            ],
            [
              76.8650695,
              43.2757329
            ],
            [
              76.8653163,
              43.275727
            ],
            [
              76.8657508,
              43.275809
            ],
            [
              76.8658662,
              43.2758481
            ],
            [
              76.865992,
              43.2758989
            ],
            [
              76.8664466,
              43.2759036
            ],
            [
              76.8665354,
              43.2767235
            ],
            [
              76.866552,
              43.2774302
            ],
            [
              76.8665283,
              43.2777087
            ],
            [
              76.8664981,
              43.2778952
            ],
            [
              76.8658796,
              43.2802742
            ],
            [
              76.8657847,
              43.2807775
            ],
            [
              76.8657831,
              43.2808801
            ],
            [
              76.8657738,
              43.2814779
            ],
            [
              76.8657746,
              43.281746
            ],
            [
              76.865839,
              43.282511
            ],
            [
              76.8658737,
              43.2827641
            ],
            [
              76.8660403,
              43.2830274
            ],
            [
              76.8674259,
              43.2847889
            ],
            [
              76.8676868,
              43.2853377
            ],
            [
              76.8678113,
              43.285863
            ],
            [
              76.8679978,
              43.2874762
            ],
            [
              76.8679852,
              43.2876483
            ],
            [
              76.8679278,
              43.2877544
            ],
            [
              76.8678528,
              43.2878567
            ],
            [
              76.8674527,
              43.288272
            ],
            [
              76.8673515,
              43.2884005
            ],
            [
              76.8672801,
              43.2885274
            ],
            [
              76.8672445,
              43.2886279
            ],
            [
              76.8672306,
              43.2887403
            ],
            [
              76.8672285,
              43.2888512
            ],
            [
              76.8672365,
              43.289637
            ],
            [
              76.8672467,
              43.2899857
            ],
            [
              76.867244,
              43.2903495
            ],
            [
              76.8672304,
              43.2907035
            ],
            [
              76.867217,
              43.2909964
            ],
            [
              76.8672022,
              43.291402
            ],
            [
              76.8673297,
              43.2918696
            ],
            [
              76.8674258,
              43.2919971
            ],
            [
              76.8675062,
              43.2921292
            ],
            [
              76.8676514,
              43.2922959
            ],
            [
              76.8677965,
              43.2925436
            ],
            [
              76.8678404,
              43.2926582
            ],
            [
              76.8678707,
              43.2927915
            ],
            [
              76.8678676,
              43.2930018
            ],
            [
              76.8678706,
              43.293271
            ],
            [
              76.8679102,
              43.2938346
            ],
            [
              76.8679133,
              43.2939907
            ],
            [
              76.8679245,
              43.2943897
            ],
            [
              76.8679321,
              43.2947135
            ],
            [
              76.8679609,
              43.2950333
            ],
            [
              76.8679788,
              43.2953531
            ],
            [
              76.8679668,
              43.2955552
            ],
            [
              76.8679121,
              43.2956853
            ],
            [
              76.8678465,
              43.2958036
            ],
            [
              76.867695,
              43.2960389
            ],
            [
              76.8672545,
              43.2966245
            ],
            [
              76.8669921,
              43.2970099
            ],
            [
              76.8667675,
              43.2973463
            ],
            [
              76.8665456,
              43.2976274
            ],
            [
              76.8663906,
              43.2977929
            ],
            [
              76.8662003,
              43.2979309
            ],
            [
              76.8659213,
              43.2981122
            ],
            [
              76.8651972,
              43.2985857
            ],
            [
              76.8648957,
              43.298798
            ],
            [
              76.8647025,
              43.2990123
            ],
            [
              76.8645554,
              43.2991812
            ],
            [
              76.8644374,
              43.2993565
            ],
            [
              76.8641781,
              43.2997561
            ],
            [
              76.8640041,
              43.2999865
            ],
            [
              76.8638896,
              43.300176
            ],
            [
              76.8638052,
              43.3003379
            ],
            [
              76.8637588,
              43.3004998
            ],
            [
              76.8637394,
              43.3006235
            ],
            [
              76.8637309,
              43.300765
            ],
            [
              76.8637602,
              43.30092
            ],
            [
              76.8638556,
              43.3011643
            ],
            [
              76.863981,
              43.3014354
            ],
            [
              76.8641416,
              43.3017834
            ],
            [
              76.8642716,
              43.302052
            ],
            [
              76.8643978,
              43.3022556
            ],
            [
              76.8645429,
              43.3024493
            ],
            [
              76.8646882,
              43.3026234
            ],
            [
              76.8648352,
              43.3027757
            ],
            [
              76.8652558,
              43.3031645
            ],
            [
              76.8660144,
              43.3037209
            ],
            [
              76.8664487,
              43.3040594
            ],
            [
              76.8667521,
              43.3043076
            ],
            [
              76.8668818,
              43.3044228
            ],
            [
              76.8669844,
              43.3045577
            ],
            [
              76.8670428,
              43.3047016
            ],
            [
              76.8671042,
              43.3049489
            ],
            [
              76.8671391,
              43.305177
            ],
            [
              76.8671567,
              43.3053396
            ],
            [
              76.867156,
              43.3055442
            ],
            [
              76.8670887,
              43.3060524
            ],
            [
              76.8670593,
              43.3064521
            ],
            [
              76.8670474,
              43.3066878
            ],
            [
              76.8670581,
              43.3069448
            ],
            [
              76.8670779,
              43.3072603
            ],
            [
              76.8671387,
              43.3075404
            ],
            [
              76.8671997,
              43.3078491
            ],
            [
              76.8672791,
              43.3081192
            ],
            [
              76.8673531,
              43.3082954
            ],
            [
              76.8674802,
              43.3084986
            ],
            [
              76.8676807,
              43.3087455
            ],
            [
              76.868138,
              43.3093642
            ],
            [
              76.8685953,
              43.3099403
            ],
            [
              76.8686283,
              43.3100265
            ],
            [
              76.8687297,
              43.3102218
            ],
            [
              76.8683931,
              43.3103429
            ],
            [
              76.8663693,
              43.3110083
            ],
            [
              76.8652005,
              43.3113889
            ],
            [
              76.864567,
              43.3115689
            ],
            [
              76.8643789,
              43.3116208
            ],
            [
              76.8634447,
              43.311754
            ],
            [
              76.8625699,
              43.3118371
            ],
            [
              76.8616015,
              43.3119254
            ],
            [
              76.8606331,
              43.312002
            ],
            [
              76.8595871,
              43.3120883
            ],
            [
              76.8574099,
              43.3122359
            ],
            [
              76.8573742,
              43.3121055
            ],
            [
              76.8573294,
              43.3119437
            ],
            [
              76.8573116,
              43.3118727
            ],
            [
              76.8572564,
              43.3116515
            ],
            [
              76.8575702,
              43.3114336
            ],
            [
              76.8577579,
              43.3113262
            ],
            [
              76.857892,
              43.3112384
            ],
            [
              76.8579022,
              43.3111899
            ],
            [
              76.857862,
              43.3108698
            ],
            [
              76.8578771,
              43.3106502
            ],
            [
              76.857752,
              43.310376
            ],
            [
              76.8577207,
              43.3102725
            ],
            [
              76.8576345,
              43.3099873
            ],
            [
              76.8575562,
              43.3097027
            ],
            [
              76.8575294,
              43.309609
            ],
            [
              76.8574463,
              43.3093807
            ],
            [
              76.857369,
              43.3090681
            ],
            [
              76.8572537,
              43.308828
            ],
            [
              76.8571661,
              43.3086574
            ],
            [
              76.8571115,
              43.3085509
            ],
            [
              76.8568406,
              43.3081332
            ],
            [
              76.8566716,
              43.3078482
            ],
            [
              76.8565632,
              43.307581
            ],
            [
              76.8565159,
              43.3074353
            ],
            [
              76.8565145,
              43.3073663
            ],
            [
              76.8565103,
              43.3072519
            ],
            [
              76.8564731,
              43.307128
            ],
            [
              76.8565344,
              43.3070324
            ],
            [
              76.8566093,
              43.3069392
            ],
            [
              76.8566736,
              43.3068653
            ],
            [
              76.8567076,
              43.3067969
            ],
            [
              76.8567547,
              43.3067085
            ],
            [
              76.8568004,
              43.3066244
            ],
            [
              76.8567998,
              43.306574
            ],
            [
              76.8567843,
              43.3064995
            ],
            [
              76.8568159,
              43.3064296
            ],
            [
              76.8569044,
              43.3062832
            ],
            [
              76.8569613,
              43.3061189
            ],
            [
              76.856964,
              43.3059413
            ],
            [
              76.8569688,
              43.3058089
            ],
            [
              76.8569889,
              43.3057203
            ],
            [
              76.8570224,
              43.3055819
            ],
            [
              76.8569514,
              43.3054968
            ],
            [
              76.8567956,
              43.3053759
            ],
            [
              76.8567702,
              43.304976
            ],
            [
              76.8567751,
              43.3048663
            ],
            [
              76.8567811,
              43.3047314
            ],
            [
              76.8567843,
              43.3045008
            ],
            [
              76.8568621,
              43.3044227
            ],
            [
              76.8569291,
              43.3043408
            ],
            [
              76.8571115,
              43.3042393
            ],
            [
              76.8572081,
              43.3041846
            ],
            [
              76.8573797,
              43.3040616
            ],
            [
              76.8574253,
              43.3040089
            ],
            [
              76.8575514,
              43.3039484
            ],
            [
              76.857854,
              43.3038648
            ],
            [
              76.857994,
              43.303804
            ],
            [
              76.8581951,
              43.3036635
            ],
            [
              76.8585036,
              43.3034526
            ],
            [
              76.8586592,
              43.3033316
            ],
            [
              76.8587852,
              43.3032418
            ],
            [
              76.8588902,
              43.3031152
            ],
            [
              76.8588517,
              43.3029552
            ],
            [
              76.8588491,
              43.3028127
            ],
            [
              76.8588786,
              43.3025765
            ],
            [
              76.8588786,
              43.3024496
            ],
            [
              76.8588147,
              43.3021897
            ],
            [
              76.8587123,
              43.3019011
            ],
            [
              76.8586028,
              43.3016881
            ],
            [
              76.8583695,
              43.3012723
            ],
            [
              76.8581764,
              43.3008019
            ],
            [
              76.8578084,
              43.3001658
            ],
            [
              76.8577284,
              43.2999976
            ],
            [
              76.8577437,
              43.2998773
            ],
            [
              76.8576801,
              43.2997751
            ],
            [
              76.8575219,
              43.2995623
            ],
            [
              76.8572585,
              43.2992093
            ],
            [
              76.8571383,
              43.2990118
            ],
            [
              76.8571759,
              43.2989552
            ],
            [
              76.8573095,
              43.2988091
            ],
            [
              76.8573771,
              43.2987464
            ],
            [
              76.8573846,
              43.2987057
            ],
            [
              76.8573282,
              43.298571
            ],
            [
              76.8572832,
              43.2984692
            ],
            [
              76.8571866,
              43.2983501
            ],
            [
              76.8570874,
              43.2982193
            ],
            [
              76.8569962,
              43.2981627
            ],
            [
              76.8568969,
              43.2980787
            ],
            [
              76.8568133,
              43.2979326
            ],
            [
              76.8566448,
              43.2976805
            ],
            [
              76.8565648,
              43.2975373
            ],
            [
              76.8566136,
              43.2975269
            ],
            [
              76.8567708,
              43.297497
            ],
            [
              76.8571721,
              43.2974343
            ],
            [
              76.8576694,
              43.2973565
            ],
            [
              76.8579107,
              43.2973211
            ],
            [
              76.8578599,
              43.2970227
            ],
            [
              76.8578601,
              43.2969026
            ],
            [
              76.8577499,
              43.2968665
            ],
            [
              76.8576357,
              43.2968462
            ],
            [
              76.857538,
              43.2968099
            ],
            [
              76.8571539,
              43.2965661
            ],
            [
              76.8569981,
              43.296417
            ],
            [
              76.8567172,
              43.2961481
            ],
            [
              76.8565187,
              43.295947
            ],
            [
              76.8563651,
              43.2957589
            ],
            [
              76.8560637,
              43.2953898
            ],
            [
              76.8559448,
              43.2952442
            ],
            [
              76.8556739,
              43.2948909
            ],
            [
              76.8555892,
              43.2947798
            ],
            [
              76.8555532,
              43.2945688
            ],
            [
              76.8555424,
              43.2944165
            ]
          ]
        ]
      }
    },
    {
      "type": "Feature",
      "properties": {
        "name": "Шанырак-2",
        "source": "nominatim",
        "display_name": "Шанырак 2, Шанырак, Алатауский район, Алматы, 050065, Казахстан"
      },
      "geometry": {
        "type": "Point",
        "coordinates": [
          76.8515165,
          43.2989743
        ]
      }
    },
    {
      "type": "Feature",
      "properties": {
        "name": "Шугыла",
        "source": "nominatim",
        "display_name": "Шугыла, Наурызбайский район, Алматы, A10H6G1, Казахстан"
      },
      "geometry": {
        "type": "Point",
        "coordinates": [
          76.7915968,
          43.2153051
        ]
      }
    },
    {
      "type": "Feature",
      "properties": {
        "name": "Золотой квадрат",
        "source": "nominatim",
        "display_name": "Золотой квадрат, Алмалинский район, Алматы, Казахстан"
      },
      "geometry": {
        "type": "Polygon",
        "coordinates": [
          [
            [
              76.925008,
              43.2605971
            ],
            [
              76.927406,
              43.2415422
            ],
            [
              76.9274077,
              43.2415291
            ],
            [
              76.9274232,
              43.241402
            ],
            [
              76.9274263,
              43.2413802
            ],
            [
              76.9274314,
              43.2413384
            ],
            [
              76.9274348,
              43.2413135
            ],
            [
              76.9274379,
              43.2412847
            ],
            [
              76.9274418,
              43.2412596
            ],
            [
              76.927553,
              43.2412661
            ],
            [
              76.9275962,
              43.2412686
            ],
            [
              76.9585841,
              43.2431881
            ],
            [
              76.956186,
              43.2627292
            ],
            [
              76.925008,
              43.2605971
            ]
          ]
        ]
      }
    },
    {
      "type": "Feature",
      "properties": {
        "name": "Арбат",
        "source": "nominatim",
        "display_name": "Арбат, Золотой квадрат, Алмалинский район, Алматы, 050004, Казахстан"
      },
      "geometry": {
        "type": "MultiPolygon",
        "coordinates": [
          [
            [
              [
                76.9408639,
                43.2617206
              ],
              [
                76.940885,
                43.2615577
              ],
              [
                76.940946,
                43.2615602
              ],
              [
                76.9421419,
                43.2616423
              ],
              [
                76.9422041,
                43.2611612
              ],
              [
                76.942479,
                43.2611846
              ],
              [
                76.9424236,
                43.2616747
              ],
              [
                76.9424198,
                43.2617083
              ],
              [
                76.9428778,
                43.2617549
              ],
              [
                76.9428698,
                43.2618546
              ],
              [
                76.9430736,
                43.2618663
              ],
              [
                76.9438917,
                43.2619288
              ],
              [
                76.9439132,
                43.2618077
              ],
              [
                76.9439736,
                43.261812
              ],
              [
                76.9440484,
                43.2618172
              ],
              [
                76.944113,
                43.2618218
              ],
              [
                76.9441801,
                43.2618265
              ],
              [
                76.9443289,
                43.261837
              ],
              [
                76.9451925,
                43.261882
              ],
              [
                76.9452114,
                43.2618331
              ],
              [
                76.9452537,
                43.2618356
              ],
              [
                76.9453545,
                43.2618415
              ],
              [
                76.9453447,
                43.2619254
              ],
              [
                76.945336,
                43.2619994
              ],
              [
                76.9456061,
                43.2620222
              ],
              [
                76.9456011,
                43.2620683
              ],
              [
                76.9455962,
                43.262117
              ],
              [
                76.9453273,
                43.2620996
              ],
              [
                76.9453235,
                43.2621474
              ],
              [
                76.9453197,
                43.2621947
              ],
              [
                76.9443911,
                43.2621346
              ],
              [
                76.9441815,
                43.2621228
              ],
              [
                76.9438757,
                43.2620857
              ],
              [
                76.9424758,
                43.2619948
              ],
              [
                76.9414053,
                43.2619405
              ],
              [
                76.9414197,
                43.2617893
              ],
              [
                76.9408641,
                43.2617589
              ],
              [
                76.9408639,
                43.2617206
              ]
            ]
          ],
          [
            [
              [
                76.9459403,
                43.2622142
              ],
              [
                76.9459588,
                43.262008
              ],
              [
                76.9460008,
                43.2620137
              ],
              [
                76.9460126,
                43.2619074
              ],
              [
                76.9460658,
                43.2619136
              ],
              [
                76.9463363,
                43.2619348
              ],
              [
                76.9463682,
                43.2618964
              ],
              [
                76.9464298,
                43.2619782
              ],
              [
                76.9464157,
                43.2620933
              ],
              [
                76.9464021,
                43.262205
              ],
              [
                76.9463131,
                43.2622057
              ],
              [
                76.9462734,
                43.262149
              ],
              [
                76.9461361,
                43.2621435
              ],
              [
                76.9460704,
                43.2621924
              ],
              [
                76.9459403,
                43.2622142
              ]
            ]
          ]
        ]
      }
    },
    {
      "type": "Feature",
      "properties": {
        "name": "Центр",
        "source": "nominatim",
        "display_name": "Детский реабилитационный центр, 41А, Аксай 2-й микрорайон, Аксай-2, Ауэзовский район, Алматы, 050063, Казахстан"
      },
      "geometry": {
        "type": "Polygon",
        "coordinates": [
          [
            [
              76.8345536,
              43.2376485
            ],
            [
              76.8346072,
              43.2375224
            ],
            [
              76.8347262,
              43.2375492
            ],
            [
              76.8347811,
              43.23742
            ],
            [
              76.8349078,
              43.2374486
            ],
            [
              76.8348544,
              43.2375743
            ],
            [
              76.8351759,
              43.2376468
            ],
            [
              76.835226,
              43.237529
            ],
            [
              76.8353399,
              43.2375547
            ],
            [
              76.8352698,
              43.2377196
            ],
            [
              76.8353913,
              43.237747
            ],
            [
              76.8353561,
              43.2378297
            ],
            [
              76.8352381,
              43.237803
            ],
            [
              76.8351882,
              43.2379204
            ],
            [
              76.8350799,
              43.2378959
            ],
            [
              76.8351311,
              43.2377753
            ],
            [
              76.8347949,
              43.2376994
            ],
            [
              76.8347441,
              43.2378189
            ],
            [
              76.834618,
              43.2377904
            ],
            [
              76.8346675,
              43.2376742
            ],
            [
              76.8345536,
              43.2376485
            ]
          ]
        ]
      }
    }
  ],
  "properties": {
    "source": "Nominatim / OpenStreetMap generated"
  }
}